       18001
  0.000000E+00
  0.523972E+00
  0.659992E+00
  0.755328E+00
  0.831180E+00
  0.895204E+00
  0.951142E+00
  0.100114E+01
  0.104655E+01
  0.108831E+01
  0.112706E+01
  0.116329E+01
  0.119738E+01
  0.122962E+01
  0.126024E+01
  0.128942E+01
  0.131733E+01
  0.134409E+01
  0.136981E+01
  0.139460E+01
  0.141852E+01
  0.144166E+01
  0.146407E+01
  0.148580E+01
  0.150691E+01
  0.152745E+01
  0.154744E+01
  0.156692E+01
  0.158593E+01
  0.160450E+01
  0.162264E+01
  0.164038E+01
  0.165774E+01
  0.167475E+01
  0.169141E+01
  0.170776E+01
  0.172379E+01
  0.173953E+01
  0.175499E+01
  0.177017E+01
  0.178510E+01
  0.179979E+01
  0.181423E+01
  0.182846E+01
  0.184246E+01
  0.185625E+01
  0.186985E+01
  0.188324E+01
  0.189646E+01
  0.190948E+01
  0.192234E+01
  0.193502E+01
  0.194754E+01
  0.195991E+01
  0.197212E+01
  0.198418E+01
  0.199609E+01
  0.200787E+01
  0.201950E+01
  0.203101E+01
  0.204239E+01
  0.205364E+01
  0.206477E+01
  0.207578E+01
  0.208668E+01
  0.209747E+01
  0.210814E+01
  0.211871E+01
  0.212917E+01
  0.213954E+01
  0.214980E+01
  0.215997E+01
  0.217005E+01
  0.218003E+01
  0.218992E+01
  0.219973E+01
  0.220945E+01
  0.221908E+01
  0.222863E+01
  0.223811E+01
  0.224750E+01
  0.225682E+01
  0.226606E+01
  0.227522E+01
  0.228431E+01
  0.229334E+01
  0.230229E+01
  0.231117E+01
  0.231999E+01
  0.232874E+01
  0.233742E+01
  0.234605E+01
  0.235461E+01
  0.236310E+01
  0.237154E+01
  0.237992E+01
  0.238824E+01
  0.239651E+01
  0.240471E+01
  0.241287E+01
  0.242097E+01
  0.242901E+01
  0.243700E+01
  0.244494E+01
  0.245283E+01
  0.246067E+01
  0.246847E+01
  0.247621E+01
  0.248390E+01
  0.249155E+01
  0.249915E+01
  0.250671E+01
  0.251422E+01
  0.252169E+01
  0.252911E+01
  0.253649E+01
  0.254383E+01
  0.255113E+01
  0.255839E+01
  0.256560E+01
  0.257278E+01
  0.257991E+01
  0.258701E+01
  0.259407E+01
  0.260109E+01
  0.260808E+01
  0.261502E+01
  0.262193E+01
  0.262881E+01
  0.263565E+01
  0.264245E+01
  0.264922E+01
  0.265596E+01
  0.266266E+01
  0.266933E+01
  0.267597E+01
  0.268257E+01
  0.268914E+01
  0.269568E+01
  0.270219E+01
  0.270867E+01
  0.271512E+01
  0.272153E+01
  0.272792E+01
  0.273428E+01
  0.274061E+01
  0.274691E+01
  0.275318E+01
  0.275942E+01
  0.276564E+01
  0.277183E+01
  0.277799E+01
  0.278412E+01
  0.279023E+01
  0.279631E+01
  0.280236E+01
  0.280839E+01
  0.281439E+01
  0.282037E+01
  0.282633E+01
  0.283225E+01
  0.283816E+01
  0.284404E+01
  0.284989E+01
  0.285572E+01
  0.286153E+01
  0.286732E+01
  0.287308E+01
  0.287882E+01
  0.288453E+01
  0.289023E+01
  0.289590E+01
  0.290155E+01
  0.290718E+01
  0.291279E+01
  0.291837E+01
  0.292394E+01
  0.292948E+01
  0.293500E+01
  0.294050E+01
  0.294599E+01
  0.295145E+01
  0.295689E+01
  0.296231E+01
  0.296771E+01
  0.297310E+01
  0.297846E+01
  0.298381E+01
  0.298913E+01
  0.299444E+01
  0.299973E+01
  0.300500E+01
  0.301025E+01
  0.301548E+01
  0.302070E+01
  0.302590E+01
  0.303108E+01
  0.303624E+01
  0.304139E+01
  0.304651E+01
  0.305162E+01
  0.305672E+01
  0.306179E+01
  0.306685E+01
  0.307190E+01
  0.307693E+01
  0.308194E+01
  0.308693E+01
  0.309191E+01
  0.309687E+01
  0.310182E+01
  0.310675E+01
  0.311167E+01
  0.311657E+01
  0.312145E+01
  0.312632E+01
  0.313118E+01
  0.313602E+01
  0.314084E+01
  0.314565E+01
  0.315045E+01
  0.315523E+01
  0.316000E+01
  0.316475E+01
  0.316949E+01
  0.317422E+01
  0.317893E+01
  0.318362E+01
  0.318831E+01
  0.319298E+01
  0.319763E+01
  0.320227E+01
  0.320690E+01
  0.321152E+01
  0.321612E+01
  0.322071E+01
  0.322529E+01
  0.322985E+01
  0.323440E+01
  0.323894E+01
  0.324347E+01
  0.324798E+01
  0.325248E+01
  0.325697E+01
  0.326144E+01
  0.326591E+01
  0.327036E+01
  0.327480E+01
  0.327923E+01
  0.328364E+01
  0.328805E+01
  0.329244E+01
  0.329682E+01
  0.330119E+01
  0.330555E+01
  0.330989E+01
  0.331423E+01
  0.331855E+01
  0.332287E+01
  0.332717E+01
  0.333146E+01
  0.333574E+01
  0.334000E+01
  0.334426E+01
  0.334851E+01
  0.335274E+01
  0.335697E+01
  0.336118E+01
  0.336539E+01
  0.336958E+01
  0.337376E+01
  0.337793E+01
  0.338210E+01
  0.338625E+01
  0.339039E+01
  0.339452E+01
  0.339864E+01
  0.340276E+01
  0.340686E+01
  0.341095E+01
  0.341503E+01
  0.341910E+01
  0.342317E+01
  0.342722E+01
  0.343126E+01
  0.343530E+01
  0.343932E+01
  0.344334E+01
  0.344734E+01
  0.345134E+01
  0.345533E+01
  0.345930E+01
  0.346327E+01
  0.346723E+01
  0.347118E+01
  0.347512E+01
  0.347906E+01
  0.348298E+01
  0.348690E+01
  0.349080E+01
  0.349470E+01
  0.349859E+01
  0.350247E+01
  0.350634E+01
  0.351021E+01
  0.351406E+01
  0.351791E+01
  0.352174E+01
  0.352557E+01
  0.352939E+01
  0.353321E+01
  0.353701E+01
  0.354081E+01
  0.354460E+01
  0.354838E+01
  0.355215E+01
  0.355591E+01
  0.355967E+01
  0.356342E+01
  0.356716E+01
  0.357089E+01
  0.357462E+01
  0.357833E+01
  0.358204E+01
  0.358575E+01
  0.358944E+01
  0.359313E+01
  0.359680E+01
  0.360048E+01
  0.360414E+01
  0.360780E+01
  0.361145E+01
  0.361509E+01
  0.361872E+01
  0.362235E+01
  0.362597E+01
  0.362958E+01
  0.363319E+01
  0.363678E+01
  0.364037E+01
  0.364396E+01
  0.364753E+01
  0.365110E+01
  0.365467E+01
  0.365822E+01
  0.366177E+01
  0.366531E+01
  0.366885E+01
  0.367237E+01
  0.367589E+01
  0.367941E+01
  0.368292E+01
  0.368642E+01
  0.368991E+01
  0.369340E+01
  0.369688E+01
  0.370035E+01
  0.370382E+01
  0.370728E+01
  0.371074E+01
  0.371419E+01
  0.371763E+01
  0.372106E+01
  0.372449E+01
  0.372791E+01
  0.373133E+01
  0.373474E+01
  0.373814E+01
  0.374154E+01
  0.374493E+01
  0.374832E+01
  0.375170E+01
  0.375507E+01
  0.375844E+01
  0.376180E+01
  0.376515E+01
  0.376850E+01
  0.377184E+01
  0.377518E+01
  0.377851E+01
  0.378183E+01
  0.378515E+01
  0.378847E+01
  0.379177E+01
  0.379508E+01
  0.379837E+01
  0.380166E+01
  0.380494E+01
  0.380822E+01
  0.381150E+01
  0.381476E+01
  0.381802E+01
  0.382128E+01
  0.382453E+01
  0.382778E+01
  0.383101E+01
  0.383425E+01
  0.383748E+01
  0.384070E+01
  0.384392E+01
  0.384713E+01
  0.385033E+01
  0.385354E+01
  0.385673E+01
  0.385992E+01
  0.386311E+01
  0.386629E+01
  0.386946E+01
  0.387263E+01
  0.387580E+01
  0.387895E+01
  0.388211E+01
  0.388526E+01
  0.388840E+01
  0.389154E+01
  0.389467E+01
  0.389780E+01
  0.390092E+01
  0.390404E+01
  0.390715E+01
  0.391026E+01
  0.391336E+01
  0.391646E+01
  0.391956E+01
  0.392264E+01
  0.392573E+01
  0.392881E+01
  0.393188E+01
  0.393495E+01
  0.393801E+01
  0.394107E+01
  0.394413E+01
  0.394718E+01
  0.395022E+01
  0.395326E+01
  0.395630E+01
  0.395933E+01
  0.396235E+01
  0.396538E+01
  0.396839E+01
  0.397140E+01
  0.397441E+01
  0.397741E+01
  0.398041E+01
  0.398341E+01
  0.398640E+01
  0.398938E+01
  0.399236E+01
  0.399534E+01
  0.399831E+01
  0.400128E+01
  0.400424E+01
  0.400720E+01
  0.401015E+01
  0.401310E+01
  0.401604E+01
  0.401899E+01
  0.402192E+01
  0.402485E+01
  0.402778E+01
  0.403070E+01
  0.403362E+01
  0.403654E+01
  0.403945E+01
  0.404236E+01
  0.404526E+01
  0.404816E+01
  0.405105E+01
  0.405394E+01
  0.405683E+01
  0.405971E+01
  0.406258E+01
  0.406546E+01
  0.406833E+01
  0.407119E+01
  0.407405E+01
  0.407691E+01
  0.407976E+01
  0.408261E+01
  0.408546E+01
  0.408830E+01
  0.409113E+01
  0.409397E+01
  0.409680E+01
  0.409962E+01
  0.410244E+01
  0.410526E+01
  0.410807E+01
  0.411088E+01
  0.411369E+01
  0.411649E+01
  0.411929E+01
  0.412208E+01
  0.412487E+01
  0.412766E+01
  0.413044E+01
  0.413322E+01
  0.413599E+01
  0.413876E+01
  0.414153E+01
  0.414430E+01
  0.414706E+01
  0.414981E+01
  0.415257E+01
  0.415531E+01
  0.415806E+01
  0.416080E+01
  0.416354E+01
  0.416627E+01
  0.416901E+01
  0.417173E+01
  0.417446E+01
  0.417718E+01
  0.417989E+01
  0.418261E+01
  0.418532E+01
  0.418802E+01
  0.419072E+01
  0.419342E+01
  0.419612E+01
  0.419881E+01
  0.420150E+01
  0.420418E+01
  0.420686E+01
  0.420954E+01
  0.421222E+01
  0.421489E+01
  0.421756E+01
  0.422022E+01
  0.422288E+01
  0.422554E+01
  0.422819E+01
  0.423085E+01
  0.423349E+01
  0.423614E+01
  0.423878E+01
  0.424142E+01
  0.424405E+01
  0.424668E+01
  0.424931E+01
  0.425194E+01
  0.425456E+01
  0.425718E+01
  0.425979E+01
  0.426240E+01
  0.426501E+01
  0.426762E+01
  0.427022E+01
  0.427282E+01
  0.427541E+01
  0.427801E+01
  0.428060E+01
  0.428318E+01
  0.428577E+01
  0.428835E+01
  0.429092E+01
  0.429350E+01
  0.429607E+01
  0.429864E+01
  0.430120E+01
  0.430376E+01
  0.430632E+01
  0.430888E+01
  0.431143E+01
  0.431398E+01
  0.431652E+01
  0.431907E+01
  0.432161E+01
  0.432415E+01
  0.432668E+01
  0.432921E+01
  0.433174E+01
  0.433427E+01
  0.433679E+01
  0.433931E+01
  0.434182E+01
  0.434434E+01
  0.434685E+01
  0.434936E+01
  0.435186E+01
  0.435436E+01
  0.435686E+01
  0.435936E+01
  0.436185E+01
  0.436434E+01
  0.436683E+01
  0.436932E+01
  0.437180E+01
  0.437428E+01
  0.437676E+01
  0.437923E+01
  0.438170E+01
  0.438417E+01
  0.438663E+01
  0.438910E+01
  0.439156E+01
  0.439401E+01
  0.439647E+01
  0.439892E+01
  0.440137E+01
  0.440381E+01
  0.440626E+01
  0.440870E+01
  0.441114E+01
  0.441357E+01
  0.441600E+01
  0.441843E+01
  0.442086E+01
  0.442329E+01
  0.442571E+01
  0.442813E+01
  0.443054E+01
  0.443296E+01
  0.443537E+01
  0.443778E+01
  0.444018E+01
  0.444259E+01
  0.444499E+01
  0.444739E+01
  0.444978E+01
  0.445217E+01
  0.445457E+01
  0.445695E+01
  0.445934E+01
  0.446172E+01
  0.446410E+01
  0.446648E+01
  0.446885E+01
  0.447123E+01
  0.447360E+01
  0.447596E+01
  0.447833E+01
  0.448069E+01
  0.448305E+01
  0.448541E+01
  0.448776E+01
  0.449012E+01
  0.449247E+01
  0.449482E+01
  0.449716E+01
  0.449950E+01
  0.450184E+01
  0.450418E+01
  0.450652E+01
  0.450885E+01
  0.451118E+01
  0.451351E+01
  0.451583E+01
  0.451816E+01
  0.452048E+01
  0.452280E+01
  0.452511E+01
  0.452743E+01
  0.452974E+01
  0.453205E+01
  0.453436E+01
  0.453666E+01
  0.453896E+01
  0.454126E+01
  0.454356E+01
  0.454585E+01
  0.454815E+01
  0.455044E+01
  0.455273E+01
  0.455501E+01
  0.455730E+01
  0.455958E+01
  0.456186E+01
  0.456413E+01
  0.456641E+01
  0.456868E+01
  0.457095E+01
  0.457322E+01
  0.457548E+01
  0.457775E+01
  0.458001E+01
  0.458227E+01
  0.458452E+01
  0.458678E+01
  0.458903E+01
  0.459128E+01
  0.459353E+01
  0.459577E+01
  0.459802E+01
  0.460026E+01
  0.460250E+01
  0.460474E+01
  0.460697E+01
  0.460920E+01
  0.461143E+01
  0.461366E+01
  0.461589E+01
  0.461811E+01
  0.462033E+01
  0.462255E+01
  0.462477E+01
  0.462699E+01
  0.462920E+01
  0.463141E+01
  0.463362E+01
  0.463583E+01
  0.463803E+01
  0.464023E+01
  0.464244E+01
  0.464463E+01
  0.464683E+01
  0.464903E+01
  0.465122E+01
  0.465341E+01
  0.465560E+01
  0.465778E+01
  0.465997E+01
  0.466215E+01
  0.466433E+01
  0.466651E+01
  0.466868E+01
  0.467086E+01
  0.467303E+01
  0.467520E+01
  0.467737E+01
  0.467953E+01
  0.468170E+01
  0.468386E+01
  0.468602E+01
  0.468818E+01
  0.469033E+01
  0.469249E+01
  0.469464E+01
  0.469679E+01
  0.469894E+01
  0.470108E+01
  0.470323E+01
  0.470537E+01
  0.470751E+01
  0.470965E+01
  0.471179E+01
  0.471392E+01
  0.471605E+01
  0.471818E+01
  0.472031E+01
  0.472244E+01
  0.472456E+01
  0.472669E+01
  0.472881E+01
  0.473093E+01
  0.473305E+01
  0.473516E+01
  0.473727E+01
  0.473939E+01
  0.474150E+01
  0.474360E+01
  0.474571E+01
  0.474781E+01
  0.474992E+01
  0.475202E+01
  0.475412E+01
  0.475621E+01
  0.475831E+01
  0.476040E+01
  0.476249E+01
  0.476458E+01
  0.476667E+01
  0.476875E+01
  0.477084E+01
  0.477292E+01
  0.477500E+01
  0.477708E+01
  0.477916E+01
  0.478123E+01
  0.478330E+01
  0.478537E+01
  0.478744E+01
  0.478951E+01
  0.479158E+01
  0.479364E+01
  0.479570E+01
  0.479777E+01
  0.479982E+01
  0.480188E+01
  0.480394E+01
  0.480599E+01
  0.480804E+01
  0.481009E+01
  0.481214E+01
  0.481419E+01
  0.481623E+01
  0.481827E+01
  0.482032E+01
  0.482236E+01
  0.482439E+01
  0.482643E+01
  0.482846E+01
  0.483050E+01
  0.483253E+01
  0.483456E+01
  0.483659E+01
  0.483861E+01
  0.484064E+01
  0.484266E+01
  0.484468E+01
  0.484670E+01
  0.484872E+01
  0.485073E+01
  0.485275E+01
  0.485476E+01
  0.485677E+01
  0.485878E+01
  0.486079E+01
  0.486279E+01
  0.486480E+01
  0.486680E+01
  0.486880E+01
  0.487080E+01
  0.487280E+01
  0.487479E+01
  0.487679E+01
  0.487878E+01
  0.488077E+01
  0.488276E+01
  0.488475E+01
  0.488674E+01
  0.488872E+01
  0.489071E+01
  0.489269E+01
  0.489467E+01
  0.489665E+01
  0.489862E+01
  0.490060E+01
  0.490257E+01
  0.490454E+01
  0.490651E+01
  0.490848E+01
  0.491045E+01
  0.491241E+01
  0.491438E+01
  0.491634E+01
  0.491830E+01
  0.492026E+01
  0.492222E+01
  0.492418E+01
  0.492613E+01
  0.492808E+01
  0.493004E+01
  0.493199E+01
  0.493394E+01
  0.493588E+01
  0.493783E+01
  0.493977E+01
  0.494171E+01
  0.494366E+01
  0.494559E+01
  0.494753E+01
  0.494947E+01
  0.495140E+01
  0.495334E+01
  0.495527E+01
  0.495720E+01
  0.495913E+01
  0.496106E+01
  0.496298E+01
  0.496491E+01
  0.496683E+01
  0.496875E+01
  0.497067E+01
  0.497259E+01
  0.497451E+01
  0.497642E+01
  0.497834E+01
  0.498025E+01
  0.498216E+01
  0.498407E+01
  0.498598E+01
  0.498789E+01
  0.498979E+01
  0.499169E+01
  0.499360E+01
  0.499550E+01
  0.499740E+01
  0.499930E+01
  0.500119E+01
  0.500309E+01
  0.500498E+01
  0.500687E+01
  0.500876E+01
  0.501065E+01
  0.501254E+01
  0.501443E+01
  0.501631E+01
  0.501820E+01
  0.502008E+01
  0.502196E+01
  0.502384E+01
  0.502572E+01
  0.502760E+01
  0.502947E+01
  0.503135E+01
  0.503322E+01
  0.503509E+01
  0.503696E+01
  0.503883E+01
  0.504070E+01
  0.504256E+01
  0.504443E+01
  0.504629E+01
  0.504815E+01
  0.505001E+01
  0.505187E+01
  0.505373E+01
  0.505558E+01
  0.505744E+01
  0.505929E+01
  0.506114E+01
  0.506299E+01
  0.506484E+01
  0.506669E+01
  0.506854E+01
  0.507038E+01
  0.507223E+01
  0.507407E+01
  0.507591E+01
  0.507775E+01
  0.507959E+01
  0.508143E+01
  0.508326E+01
  0.508510E+01
  0.508693E+01
  0.508876E+01
  0.509059E+01
  0.509242E+01
  0.509425E+01
  0.509608E+01
  0.509790E+01
  0.509973E+01
  0.510155E+01
  0.510337E+01
  0.510519E+01
  0.510701E+01
  0.510883E+01
  0.511065E+01
  0.511246E+01
  0.511428E+01
  0.511609E+01
  0.511790E+01
  0.511971E+01
  0.512152E+01
  0.512333E+01
  0.512513E+01
  0.512694E+01
  0.512874E+01
  0.513054E+01
  0.513234E+01
  0.513414E+01
  0.513594E+01
  0.513774E+01
  0.513954E+01
  0.514133E+01
  0.514313E+01
  0.514492E+01
  0.514671E+01
  0.514850E+01
  0.515029E+01
  0.515207E+01
  0.515386E+01
  0.515565E+01
  0.515743E+01
  0.515921E+01
  0.516099E+01
  0.516277E+01
  0.516455E+01
  0.516633E+01
  0.516811E+01
  0.516988E+01
  0.517165E+01
  0.517343E+01
  0.517520E+01
  0.517697E+01
  0.517874E+01
  0.518051E+01
  0.518227E+01
  0.518404E+01
  0.518580E+01
  0.518757E+01
  0.518933E+01
  0.519109E+01
  0.519285E+01
  0.519461E+01
  0.519636E+01
  0.519812E+01
  0.519987E+01
  0.520163E+01
  0.520338E+01
  0.520513E+01
  0.520688E+01
  0.520863E+01
  0.521038E+01
  0.521212E+01
  0.521387E+01
  0.521561E+01
  0.521736E+01
  0.521910E+01
  0.522084E+01
  0.522258E+01
  0.522432E+01
  0.522605E+01
  0.522779E+01
  0.522952E+01
  0.523126E+01
  0.523299E+01
  0.523472E+01
  0.523645E+01
  0.523818E+01
  0.523991E+01
  0.524164E+01
  0.524336E+01
  0.524509E+01
  0.524681E+01
  0.524853E+01
  0.525025E+01
  0.525197E+01
  0.525369E+01
  0.525541E+01
  0.525713E+01
  0.525884E+01
  0.526056E+01
  0.526227E+01
  0.526398E+01
  0.526569E+01
  0.526740E+01
  0.526911E+01
  0.527082E+01
  0.527253E+01
  0.527423E+01
  0.527594E+01
  0.527764E+01
  0.527934E+01
  0.528105E+01
  0.528275E+01
  0.528444E+01
  0.528614E+01
  0.528784E+01
  0.528954E+01
  0.529123E+01
  0.529292E+01
  0.529462E+01
  0.529631E+01
  0.529800E+01
  0.529969E+01
  0.530138E+01
  0.530306E+01
  0.530475E+01
  0.530643E+01
  0.530812E+01
  0.530980E+01
  0.531148E+01
  0.531316E+01
  0.531484E+01
  0.531652E+01
  0.531820E+01
  0.531988E+01
  0.532155E+01
  0.532323E+01
  0.532490E+01
  0.532657E+01
  0.532824E+01
  0.532991E+01
  0.533158E+01
  0.533325E+01
  0.533492E+01
  0.533658E+01
  0.533825E+01
  0.533991E+01
  0.534157E+01
  0.534324E+01
  0.534490E+01
  0.534656E+01
  0.534822E+01
  0.534987E+01
  0.535153E+01
  0.535319E+01
  0.535484E+01
  0.535650E+01
  0.535815E+01
  0.535980E+01
  0.536145E+01
  0.536310E+01
  0.536475E+01
  0.536640E+01
  0.536804E+01
  0.536969E+01
  0.537133E+01
  0.537298E+01
  0.537462E+01
  0.537626E+01
  0.537790E+01
  0.537954E+01
  0.538118E+01
  0.538282E+01
  0.538445E+01
  0.538609E+01
  0.538772E+01
  0.538936E+01
  0.539099E+01
  0.539262E+01
  0.539425E+01
  0.539588E+01
  0.539751E+01
  0.539914E+01
  0.540076E+01
  0.540239E+01
  0.540402E+01
  0.540564E+01
  0.540726E+01
  0.540888E+01
  0.541050E+01
  0.541212E+01
  0.541374E+01
  0.541536E+01
  0.541698E+01
  0.541859E+01
  0.542021E+01
  0.542182E+01
  0.542344E+01
  0.542505E+01
  0.542666E+01
  0.542827E+01
  0.542988E+01
  0.543149E+01
  0.543310E+01
  0.543470E+01
  0.543631E+01
  0.543791E+01
  0.543952E+01
  0.544112E+01
  0.544272E+01
  0.544432E+01
  0.544592E+01
  0.544752E+01
  0.544912E+01
  0.545072E+01
  0.545231E+01
  0.545391E+01
  0.545550E+01
  0.545709E+01
  0.545869E+01
  0.546028E+01
  0.546187E+01
  0.546346E+01
  0.546505E+01
  0.546663E+01
  0.546822E+01
  0.546981E+01
  0.547139E+01
  0.547298E+01
  0.547456E+01
  0.547614E+01
  0.547772E+01
  0.547930E+01
  0.548088E+01
  0.548246E+01
  0.548404E+01
  0.548562E+01
  0.548719E+01
  0.548877E+01
  0.549034E+01
  0.549191E+01
  0.549349E+01
  0.549506E+01
  0.549663E+01
  0.549820E+01
  0.549977E+01
  0.550133E+01
  0.550290E+01
  0.550447E+01
  0.550603E+01
  0.550760E+01
  0.550916E+01
  0.551072E+01
  0.551228E+01
  0.551385E+01
  0.551540E+01
  0.551696E+01
  0.551852E+01
  0.552008E+01
  0.552164E+01
  0.552319E+01
  0.552475E+01
  0.552630E+01
  0.552785E+01
  0.552940E+01
  0.553095E+01
  0.553251E+01
  0.553405E+01
  0.553560E+01
  0.553715E+01
  0.553870E+01
  0.554024E+01
  0.554179E+01
  0.554333E+01
  0.554488E+01
  0.554642E+01
  0.554796E+01
  0.554950E+01
  0.555104E+01
  0.555258E+01
  0.555412E+01
  0.555565E+01
  0.555719E+01
  0.555873E+01
  0.556026E+01
  0.556180E+01
  0.556333E+01
  0.556486E+01
  0.556639E+01
  0.556792E+01
  0.556945E+01
  0.557098E+01
  0.557251E+01
  0.557404E+01
  0.557556E+01
  0.557709E+01
  0.557861E+01
  0.558014E+01
  0.558166E+01
  0.558318E+01
  0.558470E+01
  0.558622E+01
  0.558774E+01
  0.558926E+01
  0.559078E+01
  0.559230E+01
  0.559381E+01
  0.559533E+01
  0.559684E+01
  0.559836E+01
  0.559987E+01
  0.560138E+01
  0.560289E+01
  0.560441E+01
  0.560592E+01
  0.560742E+01
  0.560893E+01
  0.561044E+01
  0.561195E+01
  0.561345E+01
  0.561496E+01
  0.561646E+01
  0.561797E+01
  0.561947E+01
  0.562097E+01
  0.562247E+01
  0.562397E+01
  0.562547E+01
  0.562697E+01
  0.562847E+01
  0.562996E+01
  0.563146E+01
  0.563295E+01
  0.563445E+01
  0.563594E+01
  0.563744E+01
  0.563893E+01
  0.564042E+01
  0.564191E+01
  0.564340E+01
  0.564489E+01
  0.564638E+01
  0.564787E+01
  0.564935E+01
  0.565084E+01
  0.565232E+01
  0.565381E+01
  0.565529E+01
  0.565677E+01
  0.565826E+01
  0.565974E+01
  0.566122E+01
  0.566270E+01
  0.566418E+01
  0.566565E+01
  0.566713E+01
  0.566861E+01
  0.567008E+01
  0.567156E+01
  0.567303E+01
  0.567451E+01
  0.567598E+01
  0.567745E+01
  0.567892E+01
  0.568039E+01
  0.568186E+01
  0.568333E+01
  0.568480E+01
  0.568627E+01
  0.568774E+01
  0.568920E+01
  0.569067E+01
  0.569213E+01
  0.569360E+01
  0.569506E+01
  0.569652E+01
  0.569798E+01
  0.569944E+01
  0.570090E+01
  0.570236E+01
  0.570382E+01
  0.570528E+01
  0.570673E+01
  0.570819E+01
  0.570965E+01
  0.571110E+01
  0.571256E+01
  0.571401E+01
  0.571546E+01
  0.571691E+01
  0.571836E+01
  0.571981E+01
  0.572126E+01
  0.572271E+01
  0.572416E+01
  0.572561E+01
  0.572706E+01
  0.572850E+01
  0.572995E+01
  0.573139E+01
  0.573283E+01
  0.573428E+01
  0.573572E+01
  0.573716E+01
  0.573860E+01
  0.574004E+01
  0.574148E+01
  0.574292E+01
  0.574436E+01
  0.574580E+01
  0.574723E+01
  0.574867E+01
  0.575010E+01
  0.575154E+01
  0.575297E+01
  0.575441E+01
  0.575584E+01
  0.575727E+01
  0.575870E+01
  0.576013E+01
  0.576156E+01
  0.576299E+01
  0.576442E+01
  0.576584E+01
  0.576727E+01
  0.576870E+01
  0.577012E+01
  0.577155E+01
  0.577297E+01
  0.577439E+01
  0.577582E+01
  0.577724E+01
  0.577866E+01
  0.578008E+01
  0.578150E+01
  0.578292E+01
  0.578433E+01
  0.578575E+01
  0.578717E+01
  0.578859E+01
  0.579000E+01
  0.579142E+01
  0.579283E+01
  0.579424E+01
  0.579566E+01
  0.579707E+01
  0.579848E+01
  0.579989E+01
  0.580130E+01
  0.580271E+01
  0.580412E+01
  0.580553E+01
  0.580693E+01
  0.580834E+01
  0.580975E+01
  0.581115E+01
  0.581256E+01
  0.581396E+01
  0.581536E+01
  0.581676E+01
  0.581817E+01
  0.581957E+01
  0.582097E+01
  0.582237E+01
  0.582377E+01
  0.582517E+01
  0.582656E+01
  0.582796E+01
  0.582936E+01
  0.583075E+01
  0.583215E+01
  0.583354E+01
  0.583494E+01
  0.583633E+01
  0.583772E+01
  0.583911E+01
  0.584050E+01
  0.584189E+01
  0.584328E+01
  0.584467E+01
  0.584606E+01
  0.584745E+01
  0.584884E+01
  0.585022E+01
  0.585161E+01
  0.585300E+01
  0.585438E+01
  0.585576E+01
  0.585715E+01
  0.585853E+01
  0.585991E+01
  0.586129E+01
  0.586267E+01
  0.586405E+01
  0.586543E+01
  0.586681E+01
  0.586819E+01
  0.586957E+01
  0.587094E+01
  0.587232E+01
  0.587370E+01
  0.587507E+01
  0.587644E+01
  0.587782E+01
  0.587919E+01
  0.588056E+01
  0.588193E+01
  0.588331E+01
  0.588468E+01
  0.588605E+01
  0.588742E+01
  0.588878E+01
  0.589015E+01
  0.589152E+01
  0.589289E+01
  0.589425E+01
  0.589562E+01
  0.589698E+01
  0.589835E+01
  0.589971E+01
  0.590107E+01
  0.590243E+01
  0.590379E+01
  0.590516E+01
  0.590652E+01
  0.590788E+01
  0.590923E+01
  0.591059E+01
  0.591195E+01
  0.591331E+01
  0.591466E+01
  0.591602E+01
  0.591738E+01
  0.591873E+01
  0.592008E+01
  0.592144E+01
  0.592279E+01
  0.592414E+01
  0.592549E+01
  0.592685E+01
  0.592820E+01
  0.592955E+01
  0.593090E+01
  0.593224E+01
  0.593359E+01
  0.593494E+01
  0.593629E+01
  0.593763E+01
  0.593898E+01
  0.594032E+01
  0.594167E+01
  0.594301E+01
  0.594435E+01
  0.594570E+01
  0.594704E+01
  0.594838E+01
  0.594972E+01
  0.595106E+01
  0.595240E+01
  0.595374E+01
  0.595508E+01
  0.595641E+01
  0.595775E+01
  0.595909E+01
  0.596042E+01
  0.596176E+01
  0.596309E+01
  0.596443E+01
  0.596576E+01
  0.596709E+01
  0.596842E+01
  0.596976E+01
  0.597109E+01
  0.597242E+01
  0.597375E+01
  0.597508E+01
  0.597641E+01
  0.597773E+01
  0.597906E+01
  0.598039E+01
  0.598172E+01
  0.598304E+01
  0.598437E+01
  0.598569E+01
  0.598701E+01
  0.598834E+01
  0.598966E+01
  0.599098E+01
  0.599230E+01
  0.599363E+01
  0.599495E+01
  0.599627E+01
  0.599759E+01
  0.599890E+01
  0.600022E+01
  0.600154E+01
  0.600286E+01
  0.600417E+01
  0.600549E+01
  0.600681E+01
  0.600812E+01
  0.600943E+01
  0.601075E+01
  0.601206E+01
  0.601337E+01
  0.601469E+01
  0.601600E+01
  0.601731E+01
  0.601862E+01
  0.601993E+01
  0.602124E+01
  0.602254E+01
  0.602385E+01
  0.602516E+01
  0.602647E+01
  0.602777E+01
  0.602908E+01
  0.603038E+01
  0.603169E+01
  0.603299E+01
  0.603430E+01
  0.603560E+01
  0.603690E+01
  0.603820E+01
  0.603950E+01
  0.604080E+01
  0.604210E+01
  0.604340E+01
  0.604470E+01
  0.604600E+01
  0.604730E+01
  0.604860E+01
  0.604989E+01
  0.605119E+01
  0.605249E+01
  0.605378E+01
  0.605508E+01
  0.605637E+01
  0.605766E+01
  0.605896E+01
  0.606025E+01
  0.606154E+01
  0.606283E+01
  0.606412E+01
  0.606541E+01
  0.606670E+01
  0.606799E+01
  0.606928E+01
  0.607057E+01
  0.607185E+01
  0.607314E+01
  0.607443E+01
  0.607571E+01
  0.607700E+01
  0.607828E+01
  0.607957E+01
  0.608085E+01
  0.608214E+01
  0.608342E+01
  0.608470E+01
  0.608598E+01
  0.608726E+01
  0.608854E+01
  0.608982E+01
  0.609110E+01
  0.609238E+01
  0.609366E+01
  0.609494E+01
  0.609621E+01
  0.609749E+01
  0.609877E+01
  0.610004E+01
  0.610132E+01
  0.610259E+01
  0.610387E+01
  0.610514E+01
  0.610641E+01
  0.610769E+01
  0.610896E+01
  0.611023E+01
  0.611150E+01
  0.611277E+01
  0.611404E+01
  0.611531E+01
  0.611658E+01
  0.611785E+01
  0.611911E+01
  0.612038E+01
  0.612165E+01
  0.612291E+01
  0.612418E+01
  0.612545E+01
  0.612671E+01
  0.612797E+01
  0.612924E+01
  0.613050E+01
  0.613176E+01
  0.613303E+01
  0.613429E+01
  0.613555E+01
  0.613681E+01
  0.613807E+01
  0.613933E+01
  0.614059E+01
  0.614185E+01
  0.614310E+01
  0.614436E+01
  0.614562E+01
  0.614687E+01
  0.614813E+01
  0.614939E+01
  0.615064E+01
  0.615189E+01
  0.615315E+01
  0.615440E+01
  0.615565E+01
  0.615691E+01
  0.615816E+01
  0.615941E+01
  0.616066E+01
  0.616191E+01
  0.616316E+01
  0.616441E+01
  0.616566E+01
  0.616691E+01
  0.616816E+01
  0.616940E+01
  0.617065E+01
  0.617190E+01
  0.617314E+01
  0.617439E+01
  0.617563E+01
  0.617688E+01
  0.617812E+01
  0.617936E+01
  0.618061E+01
  0.618185E+01
  0.618309E+01
  0.618433E+01
  0.618557E+01
  0.618681E+01
  0.618805E+01
  0.618929E+01
  0.619053E+01
  0.619177E+01
  0.619301E+01
  0.619424E+01
  0.619548E+01
  0.619672E+01
  0.619795E+01
  0.619919E+01
  0.620042E+01
  0.620166E+01
  0.620289E+01
  0.620413E+01
  0.620536E+01
  0.620659E+01
  0.620782E+01
  0.620905E+01
  0.621029E+01
  0.621152E+01
  0.621275E+01
  0.621398E+01
  0.621520E+01
  0.621643E+01
  0.621766E+01
  0.621889E+01
  0.622012E+01
  0.622134E+01
  0.622257E+01
  0.622379E+01
  0.622502E+01
  0.622624E+01
  0.622747E+01
  0.622869E+01
  0.622992E+01
  0.623114E+01
  0.623236E+01
  0.623358E+01
  0.623480E+01
  0.623603E+01
  0.623725E+01
  0.623847E+01
  0.623969E+01
  0.624090E+01
  0.624212E+01
  0.624334E+01
  0.624456E+01
  0.624578E+01
  0.624699E+01
  0.624821E+01
  0.624942E+01
  0.625064E+01
  0.625185E+01
  0.625307E+01
  0.625428E+01
  0.625550E+01
  0.625671E+01
  0.625792E+01
  0.625913E+01
  0.626035E+01
  0.626156E+01
  0.626277E+01
  0.626398E+01
  0.626519E+01
  0.626640E+01
  0.626760E+01
  0.626881E+01
  0.627002E+01
  0.627123E+01
  0.627244E+01
  0.627364E+01
  0.627485E+01
  0.627605E+01
  0.627726E+01
  0.627846E+01
  0.627967E+01
  0.628087E+01
  0.628207E+01
  0.628328E+01
  0.628448E+01
  0.628568E+01
  0.628688E+01
  0.628808E+01
  0.628928E+01
  0.629048E+01
  0.629168E+01
  0.629288E+01
  0.629408E+01
  0.629528E+01
  0.629648E+01
  0.629767E+01
  0.629887E+01
  0.630007E+01
  0.630126E+01
  0.630246E+01
  0.630365E+01
  0.630485E+01
  0.630604E+01
  0.630724E+01
  0.630843E+01
  0.630962E+01
  0.631081E+01
  0.631201E+01
  0.631320E+01
  0.631439E+01
  0.631558E+01
  0.631677E+01
  0.631796E+01
  0.631915E+01
  0.632034E+01
  0.632153E+01
  0.632271E+01
  0.632390E+01
  0.632509E+01
  0.632628E+01
  0.632746E+01
  0.632865E+01
  0.632983E+01
  0.633102E+01
  0.633220E+01
  0.633339E+01
  0.633457E+01
  0.633575E+01
  0.633693E+01
  0.633812E+01
  0.633930E+01
  0.634048E+01
  0.634166E+01
  0.634284E+01
  0.634402E+01
  0.634520E+01
  0.634638E+01
  0.634756E+01
  0.634874E+01
  0.634991E+01
  0.635109E+01
  0.635227E+01
  0.635345E+01
  0.635462E+01
  0.635580E+01
  0.635697E+01
  0.635815E+01
  0.635932E+01
  0.636050E+01
  0.636167E+01
  0.636284E+01
  0.636402E+01
  0.636519E+01
  0.636636E+01
  0.636753E+01
  0.636870E+01
  0.636987E+01
  0.637104E+01
  0.637221E+01
  0.637338E+01
  0.637455E+01
  0.637572E+01
  0.637689E+01
  0.637805E+01
  0.637922E+01
  0.638039E+01
  0.638155E+01
  0.638272E+01
  0.638389E+01
  0.638505E+01
  0.638622E+01
  0.638738E+01
  0.638854E+01
  0.638971E+01
  0.639087E+01
  0.639203E+01
  0.639319E+01
  0.639436E+01
  0.639552E+01
  0.639668E+01
  0.639784E+01
  0.639900E+01
  0.640016E+01
  0.640132E+01
  0.640248E+01
  0.640364E+01
  0.640479E+01
  0.640595E+01
  0.640711E+01
  0.640826E+01
  0.640942E+01
  0.641058E+01
  0.641173E+01
  0.641289E+01
  0.641404E+01
  0.641520E+01
  0.641635E+01
  0.641750E+01
  0.641866E+01
  0.641981E+01
  0.642096E+01
  0.642211E+01
  0.642326E+01
  0.642442E+01
  0.642557E+01
  0.642672E+01
  0.642787E+01
  0.642901E+01
  0.643016E+01
  0.643131E+01
  0.643246E+01
  0.643361E+01
  0.643476E+01
  0.643590E+01
  0.643705E+01
  0.643819E+01
  0.643934E+01
  0.644049E+01
  0.644163E+01
  0.644278E+01
  0.644392E+01
  0.644506E+01
  0.644621E+01
  0.644735E+01
  0.644849E+01
  0.644963E+01
  0.645078E+01
  0.645192E+01
  0.645306E+01
  0.645420E+01
  0.645534E+01
  0.645648E+01
  0.645762E+01
  0.645876E+01
  0.645989E+01
  0.646103E+01
  0.646217E+01
  0.646331E+01
  0.646444E+01
  0.646558E+01
  0.646672E+01
  0.646785E+01
  0.646899E+01
  0.647012E+01
  0.647126E+01
  0.647239E+01
  0.647352E+01
  0.647466E+01
  0.647579E+01
  0.647692E+01
  0.647806E+01
  0.647919E+01
  0.648032E+01
  0.648145E+01
  0.648258E+01
  0.648371E+01
  0.648484E+01
  0.648597E+01
  0.648710E+01
  0.648823E+01
  0.648936E+01
  0.649048E+01
  0.649161E+01
  0.649274E+01
  0.649386E+01
  0.649499E+01
  0.649612E+01
  0.649724E+01
  0.649837E+01
  0.649949E+01
  0.650062E+01
  0.650174E+01
  0.650286E+01
  0.650399E+01
  0.650511E+01
  0.650623E+01
  0.650736E+01
  0.650848E+01
  0.650960E+01
  0.651072E+01
  0.651184E+01
  0.651296E+01
  0.651408E+01
  0.651520E+01
  0.651632E+01
  0.651744E+01
  0.651855E+01
  0.651967E+01
  0.652079E+01
  0.652191E+01
  0.652302E+01
  0.652414E+01
  0.652526E+01
  0.652637E+01
  0.652749E+01
  0.652860E+01
  0.652972E+01
  0.653083E+01
  0.653194E+01
  0.653306E+01
  0.653417E+01
  0.653528E+01
  0.653640E+01
  0.653751E+01
  0.653862E+01
  0.653973E+01
  0.654084E+01
  0.654195E+01
  0.654306E+01
  0.654417E+01
  0.654528E+01
  0.654639E+01
  0.654750E+01
  0.654861E+01
  0.654971E+01
  0.655082E+01
  0.655193E+01
  0.655303E+01
  0.655414E+01
  0.655525E+01
  0.655635E+01
  0.655746E+01
  0.655856E+01
  0.655967E+01
  0.656077E+01
  0.656187E+01
  0.656298E+01
  0.656408E+01
  0.656518E+01
  0.656629E+01
  0.656739E+01
  0.656849E+01
  0.656959E+01
  0.657069E+01
  0.657179E+01
  0.657289E+01
  0.657399E+01
  0.657509E+01
  0.657619E+01
  0.657729E+01
  0.657839E+01
  0.657948E+01
  0.658058E+01
  0.658168E+01
  0.658277E+01
  0.658387E+01
  0.658497E+01
  0.658606E+01
  0.658716E+01
  0.658825E+01
  0.658935E+01
  0.659044E+01
  0.659154E+01
  0.659263E+01
  0.659372E+01
  0.659482E+01
  0.659591E+01
  0.659700E+01
  0.659809E+01
  0.659918E+01
  0.660027E+01
  0.660136E+01
  0.660245E+01
  0.660354E+01
  0.660463E+01
  0.660572E+01
  0.660681E+01
  0.660790E+01
  0.660899E+01
  0.661008E+01
  0.661116E+01
  0.661225E+01
  0.661334E+01
  0.661442E+01
  0.661551E+01
  0.661660E+01
  0.661768E+01
  0.661877E+01
  0.661985E+01
  0.662094E+01
  0.662202E+01
  0.662310E+01
  0.662419E+01
  0.662527E+01
  0.662635E+01
  0.662743E+01
  0.662852E+01
  0.662960E+01
  0.663068E+01
  0.663176E+01
  0.663284E+01
  0.663392E+01
  0.663500E+01
  0.663608E+01
  0.663716E+01
  0.663824E+01
  0.663931E+01
  0.664039E+01
  0.664147E+01
  0.664255E+01
  0.664362E+01
  0.664470E+01
  0.664578E+01
  0.664685E+01
  0.664793E+01
  0.664900E+01
  0.665008E+01
  0.665115E+01
  0.665223E+01
  0.665330E+01
  0.665438E+01
  0.665545E+01
  0.665652E+01
  0.665759E+01
  0.665867E+01
  0.665974E+01
  0.666081E+01
  0.666188E+01
  0.666295E+01
  0.666402E+01
  0.666509E+01
  0.666616E+01
  0.666723E+01
  0.666830E+01
  0.666937E+01
  0.667044E+01
  0.667151E+01
  0.667257E+01
  0.667364E+01
  0.667471E+01
  0.667578E+01
  0.667684E+01
  0.667791E+01
  0.667897E+01
  0.668004E+01
  0.668110E+01
  0.668217E+01
  0.668323E+01
  0.668430E+01
  0.668536E+01
  0.668642E+01
  0.668749E+01
  0.668855E+01
  0.668961E+01
  0.669067E+01
  0.669174E+01
  0.669280E+01
  0.669386E+01
  0.669492E+01
  0.669598E+01
  0.669704E+01
  0.669810E+01
  0.669916E+01
  0.670022E+01
  0.670128E+01
  0.670233E+01
  0.670339E+01
  0.670445E+01
  0.670551E+01
  0.670657E+01
  0.670762E+01
  0.670868E+01
  0.670973E+01
  0.671079E+01
  0.671185E+01
  0.671290E+01
  0.671396E+01
  0.671501E+01
  0.671606E+01
  0.671712E+01
  0.671817E+01
  0.671922E+01
  0.672028E+01
  0.672133E+01
  0.672238E+01
  0.672343E+01
  0.672449E+01
  0.672554E+01
  0.672659E+01
  0.672764E+01
  0.672869E+01
  0.672974E+01
  0.673079E+01
  0.673184E+01
  0.673289E+01
  0.673393E+01
  0.673498E+01
  0.673603E+01
  0.673708E+01
  0.673813E+01
  0.673917E+01
  0.674022E+01
  0.674127E+01
  0.674231E+01
  0.674336E+01
  0.674440E+01
  0.674545E+01
  0.674649E+01
  0.674754E+01
  0.674858E+01
  0.674963E+01
  0.675067E+01
  0.675171E+01
  0.675275E+01
  0.675380E+01
  0.675484E+01
  0.675588E+01
  0.675692E+01
  0.675796E+01
  0.675900E+01
  0.676005E+01
  0.676109E+01
  0.676213E+01
  0.676317E+01
  0.676420E+01
  0.676524E+01
  0.676628E+01
  0.676732E+01
  0.676836E+01
  0.676940E+01
  0.677043E+01
  0.677147E+01
  0.677251E+01
  0.677354E+01
  0.677458E+01
  0.677562E+01
  0.677665E+01
  0.677769E+01
  0.677872E+01
  0.677976E+01
  0.678079E+01
  0.678183E+01
  0.678286E+01
  0.678389E+01
  0.678493E+01
  0.678596E+01
  0.678699E+01
  0.678802E+01
  0.678906E+01
  0.679009E+01
  0.679112E+01
  0.679215E+01
  0.679318E+01
  0.679421E+01
  0.679524E+01
  0.679627E+01
  0.679730E+01
  0.679833E+01
  0.679936E+01
  0.680039E+01
  0.680141E+01
  0.680244E+01
  0.680347E+01
  0.680450E+01
  0.680552E+01
  0.680655E+01
  0.680758E+01
  0.680860E+01
  0.680963E+01
  0.681065E+01
  0.681168E+01
  0.681270E+01
  0.681373E+01
  0.681475E+01
  0.681578E+01
  0.681680E+01
  0.681782E+01
  0.681884E+01
  0.681987E+01
  0.682089E+01
  0.682191E+01
  0.682293E+01
  0.682396E+01
  0.682498E+01
  0.682600E+01
  0.682702E+01
  0.682804E+01
  0.682906E+01
  0.683008E+01
  0.683110E+01
  0.683212E+01
  0.683313E+01
  0.683415E+01
  0.683517E+01
  0.683619E+01
  0.683721E+01
  0.683822E+01
  0.683924E+01
  0.684026E+01
  0.684127E+01
  0.684229E+01
  0.684331E+01
  0.684432E+01
  0.684534E+01
  0.684635E+01
  0.684737E+01
  0.684838E+01
  0.684939E+01
  0.685041E+01
  0.685142E+01
  0.685243E+01
  0.685345E+01
  0.685446E+01
  0.685547E+01
  0.685648E+01
  0.685749E+01
  0.685851E+01
  0.685952E+01
  0.686053E+01
  0.686154E+01
  0.686255E+01
  0.686356E+01
  0.686457E+01
  0.686558E+01
  0.686659E+01
  0.686759E+01
  0.686860E+01
  0.686961E+01
  0.687062E+01
  0.687163E+01
  0.687263E+01
  0.687364E+01
  0.687465E+01
  0.687565E+01
  0.687666E+01
  0.687766E+01
  0.687867E+01
  0.687968E+01
  0.688068E+01
  0.688168E+01
  0.688269E+01
  0.688369E+01
  0.688470E+01
  0.688570E+01
  0.688670E+01
  0.688771E+01
  0.688871E+01
  0.688971E+01
  0.689071E+01
  0.689171E+01
  0.689272E+01
  0.689372E+01
  0.689472E+01
  0.689572E+01
  0.689672E+01
  0.689772E+01
  0.689872E+01
  0.689972E+01
  0.690072E+01
  0.690172E+01
  0.690271E+01
  0.690371E+01
  0.690471E+01
  0.690571E+01
  0.690671E+01
  0.690770E+01
  0.690870E+01
  0.690970E+01
  0.691069E+01
  0.691169E+01
  0.691268E+01
  0.691368E+01
  0.691467E+01
  0.691567E+01
  0.691666E+01
  0.691766E+01
  0.691865E+01
  0.691965E+01
  0.692064E+01
  0.692163E+01
  0.692262E+01
  0.692362E+01
  0.692461E+01
  0.692560E+01
  0.692659E+01
  0.692758E+01
  0.692858E+01
  0.692957E+01
  0.693056E+01
  0.693155E+01
  0.693254E+01
  0.693353E+01
  0.693452E+01
  0.693551E+01
  0.693649E+01
  0.693748E+01
  0.693847E+01
  0.693946E+01
  0.694045E+01
  0.694144E+01
  0.694242E+01
  0.694341E+01
  0.694440E+01
  0.694538E+01
  0.694637E+01
  0.694735E+01
  0.694834E+01
  0.694933E+01
  0.695031E+01
  0.695129E+01
  0.695228E+01
  0.695326E+01
  0.695425E+01
  0.695523E+01
  0.695621E+01
  0.695720E+01
  0.695818E+01
  0.695916E+01
  0.696014E+01
  0.696113E+01
  0.696211E+01
  0.696309E+01
  0.696407E+01
  0.696505E+01
  0.696603E+01
  0.696701E+01
  0.696799E+01
  0.696897E+01
  0.696995E+01
  0.697093E+01
  0.697191E+01
  0.697289E+01
  0.697387E+01
  0.697485E+01
  0.697582E+01
  0.697680E+01
  0.697778E+01
  0.697876E+01
  0.697973E+01
  0.698071E+01
  0.698168E+01
  0.698266E+01
  0.698364E+01
  0.698461E+01
  0.698559E+01
  0.698656E+01
  0.698754E+01
  0.698851E+01
  0.698948E+01
  0.699046E+01
  0.699143E+01
  0.699241E+01
  0.699338E+01
  0.699435E+01
  0.699532E+01
  0.699630E+01
  0.699727E+01
  0.699824E+01
  0.699921E+01
  0.700018E+01
  0.700115E+01
  0.700212E+01
  0.700309E+01
  0.700406E+01
  0.700503E+01
  0.700600E+01
  0.700697E+01
  0.700794E+01
  0.700891E+01
  0.700988E+01
  0.701085E+01
  0.701181E+01
  0.701278E+01
  0.701375E+01
  0.701472E+01
  0.701568E+01
  0.701665E+01
  0.701762E+01
  0.701858E+01
  0.701955E+01
  0.702051E+01
  0.702148E+01
  0.702244E+01
  0.702341E+01
  0.702437E+01
  0.702534E+01
  0.702630E+01
  0.702726E+01
  0.702823E+01
  0.702919E+01
  0.703015E+01
  0.703112E+01
  0.703208E+01
  0.703304E+01
  0.703400E+01
  0.703496E+01
  0.703593E+01
  0.703689E+01
  0.703785E+01
  0.703881E+01
  0.703977E+01
  0.704073E+01
  0.704169E+01
  0.704265E+01
  0.704361E+01
  0.704457E+01
  0.704552E+01
  0.704648E+01
  0.704744E+01
  0.704840E+01
  0.704936E+01
  0.705031E+01
  0.705127E+01
  0.705223E+01
  0.705319E+01
  0.705414E+01
  0.705510E+01
  0.705605E+01
  0.705701E+01
  0.705796E+01
  0.705892E+01
  0.705987E+01
  0.706083E+01
  0.706178E+01
  0.706274E+01
  0.706369E+01
  0.706465E+01
  0.706560E+01
  0.706655E+01
  0.706750E+01
  0.706846E+01
  0.706941E+01
  0.707036E+01
  0.707131E+01
  0.707226E+01
  0.707322E+01
  0.707417E+01
  0.707512E+01
  0.707607E+01
  0.707702E+01
  0.707797E+01
  0.707892E+01
  0.707987E+01
  0.708082E+01
  0.708177E+01
  0.708271E+01
  0.708366E+01
  0.708461E+01
  0.708556E+01
  0.708651E+01
  0.708745E+01
  0.708840E+01
  0.708935E+01
  0.709030E+01
  0.709124E+01
  0.709219E+01
  0.709313E+01
  0.709408E+01
  0.709503E+01
  0.709597E+01
  0.709692E+01
  0.709786E+01
  0.709881E+01
  0.709975E+01
  0.710069E+01
  0.710164E+01
  0.710258E+01
  0.710352E+01
  0.710447E+01
  0.710541E+01
  0.710635E+01
  0.710729E+01
  0.710824E+01
  0.710918E+01
  0.711012E+01
  0.711106E+01
  0.711200E+01
  0.711294E+01
  0.711388E+01
  0.711482E+01
  0.711576E+01
  0.711670E+01
  0.711764E+01
  0.711858E+01
  0.711952E+01
  0.712046E+01
  0.712140E+01
  0.712234E+01
  0.712327E+01
  0.712421E+01
  0.712515E+01
  0.712609E+01
  0.712702E+01
  0.712796E+01
  0.712890E+01
  0.712983E+01
  0.713077E+01
  0.713171E+01
  0.713264E+01
  0.713358E+01
  0.713451E+01
  0.713545E+01
  0.713638E+01
  0.713732E+01
  0.713825E+01
  0.713918E+01
  0.714012E+01
  0.714105E+01
  0.714198E+01
  0.714292E+01
  0.714385E+01
  0.714478E+01
  0.714571E+01
  0.714665E+01
  0.714758E+01
  0.714851E+01
  0.714944E+01
  0.715037E+01
  0.715130E+01
  0.715223E+01
  0.715316E+01
  0.715409E+01
  0.715502E+01
  0.715595E+01
  0.715688E+01
  0.715781E+01
  0.715874E+01
  0.715967E+01
  0.716060E+01
  0.716153E+01
  0.716245E+01
  0.716338E+01
  0.716431E+01
  0.716524E+01
  0.716616E+01
  0.716709E+01
  0.716802E+01
  0.716894E+01
  0.716987E+01
  0.717079E+01
  0.717172E+01
  0.717264E+01
  0.717357E+01
  0.717449E+01
  0.717542E+01
  0.717634E+01
  0.717727E+01
  0.717819E+01
  0.717911E+01
  0.718004E+01
  0.718096E+01
  0.718188E+01
  0.718281E+01
  0.718373E+01
  0.718465E+01
  0.718557E+01
  0.718650E+01
  0.718742E+01
  0.718834E+01
  0.718926E+01
  0.719018E+01
  0.719110E+01
  0.719202E+01
  0.719294E+01
  0.719386E+01
  0.719478E+01
  0.719570E+01
  0.719662E+01
  0.719754E+01
  0.719846E+01
  0.719937E+01
  0.720029E+01
  0.720121E+01
  0.720213E+01
  0.720305E+01
  0.720396E+01
  0.720488E+01
  0.720580E+01
  0.720671E+01
  0.720763E+01
  0.720855E+01
  0.720946E+01
  0.721038E+01
  0.721129E+01
  0.721221E+01
  0.721312E+01
  0.721404E+01
  0.721495E+01
  0.721587E+01
  0.721678E+01
  0.721769E+01
  0.721861E+01
  0.721952E+01
  0.722043E+01
  0.722135E+01
  0.722226E+01
  0.722317E+01
  0.722408E+01
  0.722500E+01
  0.722591E+01
  0.722682E+01
  0.722773E+01
  0.722864E+01
  0.722955E+01
  0.723046E+01
  0.723137E+01
  0.723228E+01
  0.723319E+01
  0.723410E+01
  0.723501E+01
  0.723592E+01
  0.723683E+01
  0.723774E+01
  0.723865E+01
  0.723956E+01
  0.724046E+01
  0.724137E+01
  0.724228E+01
  0.724319E+01
  0.724409E+01
  0.724500E+01
  0.724591E+01
  0.724681E+01
  0.724772E+01
  0.724863E+01
  0.724953E+01
  0.725044E+01
  0.725134E+01
  0.725225E+01
  0.725315E+01
  0.725406E+01
  0.725496E+01
  0.725587E+01
  0.725677E+01
  0.725767E+01
  0.725858E+01
  0.725948E+01
  0.726038E+01
  0.726129E+01
  0.726219E+01
  0.726309E+01
  0.726399E+01
  0.726489E+01
  0.726580E+01
  0.726670E+01
  0.726760E+01
  0.726850E+01
  0.726940E+01
  0.727030E+01
  0.727120E+01
  0.727210E+01
  0.727300E+01
  0.727390E+01
  0.727480E+01
  0.727570E+01
  0.727660E+01
  0.727750E+01
  0.727840E+01
  0.727929E+01
  0.728019E+01
  0.728109E+01
  0.728199E+01
  0.728288E+01
  0.728378E+01
  0.728468E+01
  0.728558E+01
  0.728647E+01
  0.728737E+01
  0.728826E+01
  0.728916E+01
  0.729006E+01
  0.729095E+01
  0.729185E+01
  0.729274E+01
  0.729364E+01
  0.729453E+01
  0.729542E+01
  0.729632E+01
  0.729721E+01
  0.729811E+01
  0.729900E+01
  0.729989E+01
  0.730079E+01
  0.730168E+01
  0.730257E+01
  0.730346E+01
  0.730436E+01
  0.730525E+01
  0.730614E+01
  0.730703E+01
  0.730792E+01
  0.730881E+01
  0.730970E+01
  0.731059E+01
  0.731148E+01
  0.731237E+01
  0.731326E+01
  0.731415E+01
  0.731504E+01
  0.731593E+01
  0.731682E+01
  0.731771E+01
  0.731860E+01
  0.731949E+01
  0.732038E+01
  0.732126E+01
  0.732215E+01
  0.732304E+01
  0.732393E+01
  0.732481E+01
  0.732570E+01
  0.732659E+01
  0.732747E+01
  0.732836E+01
  0.732925E+01
  0.733013E+01
  0.733102E+01
  0.733190E+01
  0.733279E+01
  0.733367E+01
  0.733456E+01
  0.733544E+01
  0.733633E+01
  0.733721E+01
  0.733809E+01
  0.733898E+01
  0.733986E+01
  0.734074E+01
  0.734163E+01
  0.734251E+01
  0.734339E+01
  0.734427E+01
  0.734516E+01
  0.734604E+01
  0.734692E+01
  0.734780E+01
  0.734868E+01
  0.734956E+01
  0.735045E+01
  0.735133E+01
  0.735221E+01
  0.735309E+01
  0.735397E+01
  0.735485E+01
  0.735573E+01
  0.735661E+01
  0.735748E+01
  0.735836E+01
  0.735924E+01
  0.736012E+01
  0.736100E+01
  0.736188E+01
  0.736275E+01
  0.736363E+01
  0.736451E+01
  0.736539E+01
  0.736626E+01
  0.736714E+01
  0.736802E+01
  0.736889E+01
  0.736977E+01
  0.737065E+01
  0.737152E+01
  0.737240E+01
  0.737327E+01
  0.737415E+01
  0.737502E+01
  0.737590E+01
  0.737677E+01
  0.737765E+01
  0.737852E+01
  0.737940E+01
  0.738027E+01
  0.738114E+01
  0.738202E+01
  0.738289E+01
  0.738376E+01
  0.738463E+01
  0.738551E+01
  0.738638E+01
  0.738725E+01
  0.738812E+01
  0.738899E+01
  0.738987E+01
  0.739074E+01
  0.739161E+01
  0.739248E+01
  0.739335E+01
  0.739422E+01
  0.739509E+01
  0.739596E+01
  0.739683E+01
  0.739770E+01
  0.739857E+01
  0.739944E+01
  0.740031E+01
  0.740118E+01
  0.740204E+01
  0.740291E+01
  0.740378E+01
  0.740465E+01
  0.740552E+01
  0.740638E+01
  0.740725E+01
  0.740812E+01
  0.740899E+01
  0.740985E+01
  0.741072E+01
  0.741158E+01
  0.741245E+01
  0.741332E+01
  0.741418E+01
  0.741505E+01
  0.741591E+01
  0.741678E+01
  0.741764E+01
  0.741851E+01
  0.741937E+01
  0.742024E+01
  0.742110E+01
  0.742196E+01
  0.742283E+01
  0.742369E+01
  0.742456E+01
  0.742542E+01
  0.742628E+01
  0.742714E+01
  0.742801E+01
  0.742887E+01
  0.742973E+01
  0.743059E+01
  0.743145E+01
  0.743232E+01
  0.743318E+01
  0.743404E+01
  0.743490E+01
  0.743576E+01
  0.743662E+01
  0.743748E+01
  0.743834E+01
  0.743920E+01
  0.744006E+01
  0.744092E+01
  0.744178E+01
  0.744264E+01
  0.744350E+01
  0.744435E+01
  0.744521E+01
  0.744607E+01
  0.744693E+01
  0.744779E+01
  0.744864E+01
  0.744950E+01
  0.745036E+01
  0.745122E+01
  0.745207E+01
  0.745293E+01
  0.745379E+01
  0.745464E+01
  0.745550E+01
  0.745635E+01
  0.745721E+01
  0.745807E+01
  0.745892E+01
  0.745978E+01
  0.746063E+01
  0.746149E+01
  0.746234E+01
  0.746319E+01
  0.746405E+01
  0.746490E+01
  0.746576E+01
  0.746661E+01
  0.746746E+01
  0.746832E+01
  0.746917E+01
  0.747002E+01
  0.747087E+01
  0.747173E+01
  0.747258E+01
  0.747343E+01
  0.747428E+01
  0.747513E+01
  0.747598E+01
  0.747684E+01
  0.747769E+01
  0.747854E+01
  0.747939E+01
  0.748024E+01
  0.748109E+01
  0.748194E+01
  0.748279E+01
  0.748364E+01
  0.748449E+01
  0.748534E+01
  0.748619E+01
  0.748703E+01
  0.748788E+01
  0.748873E+01
  0.748958E+01
  0.749043E+01
  0.749128E+01
  0.749212E+01
  0.749297E+01
  0.749382E+01
  0.749467E+01
  0.749551E+01
  0.749636E+01
  0.749721E+01
  0.749805E+01
  0.749890E+01
  0.749974E+01
  0.750059E+01
  0.750143E+01
  0.750228E+01
  0.750313E+01
  0.750397E+01
  0.750481E+01
  0.750566E+01
  0.750650E+01
  0.750735E+01
  0.750819E+01
  0.750904E+01
  0.750988E+01
  0.751072E+01
  0.751157E+01
  0.751241E+01
  0.751325E+01
  0.751409E+01
  0.751494E+01
  0.751578E+01
  0.751662E+01
  0.751746E+01
  0.751830E+01
  0.751915E+01
  0.751999E+01
  0.752083E+01
  0.752167E+01
  0.752251E+01
  0.752335E+01
  0.752419E+01
  0.752503E+01
  0.752587E+01
  0.752671E+01
  0.752755E+01
  0.752839E+01
  0.752923E+01
  0.753007E+01
  0.753091E+01
  0.753175E+01
  0.753258E+01
  0.753342E+01
  0.753426E+01
  0.753510E+01
  0.753594E+01
  0.753677E+01
  0.753761E+01
  0.753845E+01
  0.753928E+01
  0.754012E+01
  0.754096E+01
  0.754179E+01
  0.754263E+01
  0.754347E+01
  0.754430E+01
  0.754514E+01
  0.754597E+01
  0.754681E+01
  0.754764E+01
  0.754848E+01
  0.754931E+01
  0.755015E+01
  0.755098E+01
  0.755181E+01
  0.755265E+01
  0.755348E+01
  0.755432E+01
  0.755515E+01
  0.755598E+01
  0.755682E+01
  0.755765E+01
  0.755848E+01
  0.755931E+01
  0.756015E+01
  0.756098E+01
  0.756181E+01
  0.756264E+01
  0.756347E+01
  0.756430E+01
  0.756513E+01
  0.756597E+01
  0.756680E+01
  0.756763E+01
  0.756846E+01
  0.756929E+01
  0.757012E+01
  0.757095E+01
  0.757178E+01
  0.757261E+01
  0.757343E+01
  0.757426E+01
  0.757509E+01
  0.757592E+01
  0.757675E+01
  0.757758E+01
  0.757841E+01
  0.757923E+01
  0.758006E+01
  0.758089E+01
  0.758172E+01
  0.758254E+01
  0.758337E+01
  0.758420E+01
  0.758502E+01
  0.758585E+01
  0.758668E+01
  0.758750E+01
  0.758833E+01
  0.758915E+01
  0.758998E+01
  0.759081E+01
  0.759163E+01
  0.759246E+01
  0.759328E+01
  0.759411E+01
  0.759493E+01
  0.759575E+01
  0.759658E+01
  0.759740E+01
  0.759823E+01
  0.759905E+01
  0.759987E+01
  0.760070E+01
  0.760152E+01
  0.760234E+01
  0.760316E+01
  0.760399E+01
  0.760481E+01
  0.760563E+01
  0.760645E+01
  0.760727E+01
  0.760810E+01
  0.760892E+01
  0.760974E+01
  0.761056E+01
  0.761138E+01
  0.761220E+01
  0.761302E+01
  0.761384E+01
  0.761466E+01
  0.761548E+01
  0.761630E+01
  0.761712E+01
  0.761794E+01
  0.761876E+01
  0.761958E+01
  0.762040E+01
  0.762122E+01
  0.762203E+01
  0.762285E+01
  0.762367E+01
  0.762449E+01
  0.762531E+01
  0.762612E+01
  0.762694E+01
  0.762776E+01
  0.762858E+01
  0.762939E+01
  0.763021E+01
  0.763103E+01
  0.763184E+01
  0.763266E+01
  0.763347E+01
  0.763429E+01
  0.763510E+01
  0.763592E+01
  0.763674E+01
  0.763755E+01
  0.763837E+01
  0.763918E+01
  0.763999E+01
  0.764081E+01
  0.764162E+01
  0.764244E+01
  0.764325E+01
  0.764406E+01
  0.764488E+01
  0.764569E+01
  0.764650E+01
  0.764732E+01
  0.764813E+01
  0.764894E+01
  0.764976E+01
  0.765057E+01
  0.765138E+01
  0.765219E+01
  0.765300E+01
  0.765381E+01
  0.765463E+01
  0.765544E+01
  0.765625E+01
  0.765706E+01
  0.765787E+01
  0.765868E+01
  0.765949E+01
  0.766030E+01
  0.766111E+01
  0.766192E+01
  0.766273E+01
  0.766354E+01
  0.766435E+01
  0.766516E+01
  0.766597E+01
  0.766678E+01
  0.766758E+01
  0.766839E+01
  0.766920E+01
  0.767001E+01
  0.767082E+01
  0.767162E+01
  0.767243E+01
  0.767324E+01
  0.767405E+01
  0.767485E+01
  0.767566E+01
  0.767647E+01
  0.767727E+01
  0.767808E+01
  0.767889E+01
  0.767969E+01
  0.768050E+01
  0.768130E+01
  0.768211E+01
  0.768291E+01
  0.768372E+01
  0.768452E+01
  0.768533E+01
  0.768613E+01
  0.768694E+01
  0.768774E+01
  0.768855E+01
  0.768935E+01
  0.769015E+01
  0.769096E+01
  0.769176E+01
  0.769256E+01
  0.769337E+01
  0.769417E+01
  0.769497E+01
  0.769578E+01
  0.769658E+01
  0.769738E+01
  0.769818E+01
  0.769898E+01
  0.769979E+01
  0.770059E+01
  0.770139E+01
  0.770219E+01
  0.770299E+01
  0.770379E+01
  0.770459E+01
  0.770539E+01
  0.770619E+01
  0.770699E+01
  0.770779E+01
  0.770859E+01
  0.770939E+01
  0.771019E+01
  0.771099E+01
  0.771179E+01
  0.771259E+01
  0.771339E+01
  0.771419E+01
  0.771498E+01
  0.771578E+01
  0.771658E+01
  0.771738E+01
  0.771818E+01
  0.771897E+01
  0.771977E+01
  0.772057E+01
  0.772137E+01
  0.772216E+01
  0.772296E+01
  0.772376E+01
  0.772455E+01
  0.772535E+01
  0.772615E+01
  0.772694E+01
  0.772774E+01
  0.772853E+01
  0.772933E+01
  0.773012E+01
  0.773092E+01
  0.773171E+01
  0.773251E+01
  0.773330E+01
  0.773410E+01
  0.773489E+01
  0.773569E+01
  0.773648E+01
  0.773727E+01
  0.773807E+01
  0.773886E+01
  0.773965E+01
  0.774045E+01
  0.774124E+01
  0.774203E+01
  0.774283E+01
  0.774362E+01
  0.774441E+01
  0.774520E+01
  0.774599E+01
  0.774679E+01
  0.774758E+01
  0.774837E+01
  0.774916E+01
  0.774995E+01
  0.775074E+01
  0.775153E+01
  0.775232E+01
  0.775311E+01
  0.775390E+01
  0.775469E+01
  0.775548E+01
  0.775627E+01
  0.775706E+01
  0.775785E+01
  0.775864E+01
  0.775943E+01
  0.776022E+01
  0.776101E+01
  0.776180E+01
  0.776259E+01
  0.776338E+01
  0.776416E+01
  0.776495E+01
  0.776574E+01
  0.776653E+01
  0.776731E+01
  0.776810E+01
  0.776889E+01
  0.776968E+01
  0.777046E+01
  0.777125E+01
  0.777204E+01
  0.777282E+01
  0.777361E+01
  0.777439E+01
  0.777518E+01
  0.777597E+01
  0.777675E+01
  0.777754E+01
  0.777832E+01
  0.777911E+01
  0.777989E+01
  0.778068E+01
  0.778146E+01
  0.778225E+01
  0.778303E+01
  0.778381E+01
  0.778460E+01
  0.778538E+01
  0.778617E+01
  0.778695E+01
  0.778773E+01
  0.778852E+01
  0.778930E+01
  0.779008E+01
  0.779086E+01
  0.779165E+01
  0.779243E+01
  0.779321E+01
  0.779399E+01
  0.779478E+01
  0.779556E+01
  0.779634E+01
  0.779712E+01
  0.779790E+01
  0.779868E+01
  0.779946E+01
  0.780024E+01
  0.780102E+01
  0.780180E+01
  0.780259E+01
  0.780337E+01
  0.780415E+01
  0.780493E+01
  0.780570E+01
  0.780648E+01
  0.780726E+01
  0.780804E+01
  0.780882E+01
  0.780960E+01
  0.781038E+01
  0.781116E+01
  0.781194E+01
  0.781271E+01
  0.781349E+01
  0.781427E+01
  0.781505E+01
  0.781583E+01
  0.781660E+01
  0.781738E+01
  0.781816E+01
  0.781893E+01
  0.781971E+01
  0.782049E+01
  0.782126E+01
  0.782204E+01
  0.782282E+01
  0.782359E+01
  0.782437E+01
  0.782514E+01
  0.782592E+01
  0.782669E+01
  0.782747E+01
  0.782824E+01
  0.782902E+01
  0.782979E+01
  0.783057E+01
  0.783134E+01
  0.783212E+01
  0.783289E+01
  0.783367E+01
  0.783444E+01
  0.783521E+01
  0.783599E+01
  0.783676E+01
  0.783753E+01
  0.783831E+01
  0.783908E+01
  0.783985E+01
  0.784062E+01
  0.784140E+01
  0.784217E+01
  0.784294E+01
  0.784371E+01
  0.784448E+01
  0.784526E+01
  0.784603E+01
  0.784680E+01
  0.784757E+01
  0.784834E+01
  0.784911E+01
  0.784988E+01
  0.785065E+01
  0.785142E+01
  0.785219E+01
  0.785296E+01
  0.785373E+01
  0.785450E+01
  0.785527E+01
  0.785604E+01
  0.785681E+01
  0.785758E+01
  0.785835E+01
  0.785912E+01
  0.785989E+01
  0.786065E+01
  0.786142E+01
  0.786219E+01
  0.786296E+01
  0.786373E+01
  0.786449E+01
  0.786526E+01
  0.786603E+01
  0.786680E+01
  0.786756E+01
  0.786833E+01
  0.786910E+01
  0.786986E+01
  0.787063E+01
  0.787140E+01
  0.787216E+01
  0.787293E+01
  0.787369E+01
  0.787446E+01
  0.787523E+01
  0.787599E+01
  0.787676E+01
  0.787752E+01
  0.787829E+01
  0.787905E+01
  0.787982E+01
  0.788058E+01
  0.788134E+01
  0.788211E+01
  0.788287E+01
  0.788364E+01
  0.788440E+01
  0.788516E+01
  0.788593E+01
  0.788669E+01
  0.788745E+01
  0.788822E+01
  0.788898E+01
  0.788974E+01
  0.789050E+01
  0.789127E+01
  0.789203E+01
  0.789279E+01
  0.789355E+01
  0.789432E+01
  0.789508E+01
  0.789584E+01
  0.789660E+01
  0.789736E+01
  0.789812E+01
  0.789888E+01
  0.789964E+01
  0.790040E+01
  0.790116E+01
  0.790192E+01
  0.790268E+01
  0.790344E+01
  0.790420E+01
  0.790496E+01
  0.790572E+01
  0.790648E+01
  0.790724E+01
  0.790800E+01
  0.790876E+01
  0.790952E+01
  0.791028E+01
  0.791104E+01
  0.791179E+01
  0.791255E+01
  0.791331E+01
  0.791407E+01
  0.791483E+01
  0.791558E+01
  0.791634E+01
  0.791710E+01
  0.791786E+01
  0.791861E+01
  0.791937E+01
  0.792013E+01
  0.792088E+01
  0.792164E+01
  0.792239E+01
  0.792315E+01
  0.792391E+01
  0.792466E+01
  0.792542E+01
  0.792617E+01
  0.792693E+01
  0.792768E+01
  0.792844E+01
  0.792919E+01
  0.792995E+01
  0.793070E+01
  0.793146E+01
  0.793221E+01
  0.793297E+01
  0.793372E+01
  0.793447E+01
  0.793523E+01
  0.793598E+01
  0.793673E+01
  0.793749E+01
  0.793824E+01
  0.793899E+01
  0.793975E+01
  0.794050E+01
  0.794125E+01
  0.794200E+01
  0.794276E+01
  0.794351E+01
  0.794426E+01
  0.794501E+01
  0.794576E+01
  0.794652E+01
  0.794727E+01
  0.794802E+01
  0.794877E+01
  0.794952E+01
  0.795027E+01
  0.795102E+01
  0.795177E+01
  0.795252E+01
  0.795327E+01
  0.795402E+01
  0.795477E+01
  0.795552E+01
  0.795627E+01
  0.795702E+01
  0.795777E+01
  0.795852E+01
  0.795927E+01
  0.796002E+01
  0.796077E+01
  0.796152E+01
  0.796226E+01
  0.796301E+01
  0.796376E+01
  0.796451E+01
  0.796526E+01
  0.796600E+01
  0.796675E+01
  0.796750E+01
  0.796825E+01
  0.796899E+01
  0.796974E+01
  0.797049E+01
  0.797123E+01
  0.797198E+01
  0.797273E+01
  0.797347E+01
  0.797422E+01
  0.797497E+01
  0.797571E+01
  0.797646E+01
  0.797720E+01
  0.797795E+01
  0.797869E+01
  0.797944E+01
  0.798018E+01
  0.798093E+01
  0.798167E+01
  0.798242E+01
  0.798316E+01
  0.798391E+01
  0.798465E+01
  0.798539E+01
  0.798614E+01
  0.798688E+01
  0.798763E+01
  0.798837E+01
  0.798911E+01
  0.798986E+01
  0.799060E+01
  0.799134E+01
  0.799208E+01
  0.799283E+01
  0.799357E+01
  0.799431E+01
  0.799505E+01
  0.799580E+01
  0.799654E+01
  0.799728E+01
  0.799802E+01
  0.799876E+01
  0.799950E+01
  0.800025E+01
  0.800099E+01
  0.800173E+01
  0.800247E+01
  0.800321E+01
  0.800395E+01
  0.800469E+01
  0.800543E+01
  0.800617E+01
  0.800691E+01
  0.800765E+01
  0.800839E+01
  0.800913E+01
  0.800987E+01
  0.801061E+01
  0.801135E+01
  0.801208E+01
  0.801282E+01
  0.801356E+01
  0.801430E+01
  0.801504E+01
  0.801578E+01
  0.801652E+01
  0.801725E+01
  0.801799E+01
  0.801873E+01
  0.801947E+01
  0.802020E+01
  0.802094E+01
  0.802168E+01
  0.802242E+01
  0.802315E+01
  0.802389E+01
  0.802463E+01
  0.802536E+01
  0.802610E+01
  0.802683E+01
  0.802757E+01
  0.802831E+01
  0.802904E+01
  0.802978E+01
  0.803051E+01
  0.803125E+01
  0.803198E+01
  0.803272E+01
  0.803345E+01
  0.803419E+01
  0.803492E+01
  0.803566E+01
  0.803639E+01
  0.803713E+01
  0.803786E+01
  0.803859E+01
  0.803933E+01
  0.804006E+01
  0.804079E+01
  0.804153E+01
  0.804226E+01
  0.804299E+01
  0.804373E+01
  0.804446E+01
  0.804519E+01
  0.804593E+01
  0.804666E+01
  0.804739E+01
  0.804812E+01
  0.804885E+01
  0.804959E+01
  0.805032E+01
  0.805105E+01
  0.805178E+01
  0.805251E+01
  0.805324E+01
  0.805397E+01
  0.805471E+01
  0.805544E+01
  0.805617E+01
  0.805690E+01
  0.805763E+01
  0.805836E+01
  0.805909E+01
  0.805982E+01
  0.806055E+01
  0.806128E+01
  0.806201E+01
  0.806274E+01
  0.806347E+01
  0.806420E+01
  0.806492E+01
  0.806565E+01
  0.806638E+01
  0.806711E+01
  0.806784E+01
  0.806857E+01
  0.806930E+01
  0.807002E+01
  0.807075E+01
  0.807148E+01
  0.807221E+01
  0.807293E+01
  0.807366E+01
  0.807439E+01
  0.807512E+01
  0.807584E+01
  0.807657E+01
  0.807730E+01
  0.807802E+01
  0.807875E+01
  0.807948E+01
  0.808020E+01
  0.808093E+01
  0.808165E+01
  0.808238E+01
  0.808311E+01
  0.808383E+01
  0.808456E+01
  0.808528E+01
  0.808601E+01
  0.808673E+01
  0.808746E+01
  0.808818E+01
  0.808891E+01
  0.808963E+01
  0.809035E+01
  0.809108E+01
  0.809180E+01
  0.809253E+01
  0.809325E+01
  0.809397E+01
  0.809470E+01
  0.809542E+01
  0.809614E+01
  0.809687E+01
  0.809759E+01
  0.809831E+01
  0.809904E+01
  0.809976E+01
  0.810048E+01
  0.810120E+01
  0.810193E+01
  0.810265E+01
  0.810337E+01
  0.810409E+01
  0.810481E+01
  0.810553E+01
  0.810626E+01
  0.810698E+01
  0.810770E+01
  0.810842E+01
  0.810914E+01
  0.810986E+01
  0.811058E+01
  0.811130E+01
  0.811202E+01
  0.811274E+01
  0.811346E+01
  0.811418E+01
  0.811490E+01
  0.811562E+01
  0.811634E+01
  0.811706E+01
  0.811778E+01
  0.811850E+01
  0.811922E+01
  0.811994E+01
  0.812066E+01
  0.812138E+01
  0.812209E+01
  0.812281E+01
  0.812353E+01
  0.812425E+01
  0.812497E+01
  0.812568E+01
  0.812640E+01
  0.812712E+01
  0.812784E+01
  0.812855E+01
  0.812927E+01
  0.812999E+01
  0.813071E+01
  0.813142E+01
  0.813214E+01
  0.813286E+01
  0.813357E+01
  0.813429E+01
  0.813500E+01
  0.813572E+01
  0.813644E+01
  0.813715E+01
  0.813787E+01
  0.813858E+01
  0.813930E+01
  0.814001E+01
  0.814073E+01
  0.814144E+01
  0.814216E+01
  0.814287E+01
  0.814359E+01
  0.814430E+01
  0.814502E+01
  0.814573E+01
  0.814645E+01
  0.814716E+01
  0.814787E+01
  0.814859E+01
  0.814930E+01
  0.815001E+01
  0.815073E+01
  0.815144E+01
  0.815215E+01
  0.815287E+01
  0.815358E+01
  0.815429E+01
  0.815500E+01
  0.815572E+01
  0.815643E+01
  0.815714E+01
  0.815785E+01
  0.815857E+01
  0.815928E+01
  0.815999E+01
  0.816070E+01
  0.816141E+01
  0.816212E+01
  0.816283E+01
  0.816355E+01
  0.816426E+01
  0.816497E+01
  0.816568E+01
  0.816639E+01
  0.816710E+01
  0.816781E+01
  0.816852E+01
  0.816923E+01
  0.816994E+01
  0.817065E+01
  0.817136E+01
  0.817207E+01
  0.817278E+01
  0.817349E+01
  0.817420E+01
  0.817490E+01
  0.817561E+01
  0.817632E+01
  0.817703E+01
  0.817774E+01
  0.817845E+01
  0.817916E+01
  0.817986E+01
  0.818057E+01
  0.818128E+01
  0.818199E+01
  0.818270E+01
  0.818340E+01
  0.818411E+01
  0.818482E+01
  0.818552E+01
  0.818623E+01
  0.818694E+01
  0.818765E+01
  0.818835E+01
  0.818906E+01
  0.818976E+01
  0.819047E+01
  0.819118E+01
  0.819188E+01
  0.819259E+01
  0.819329E+01
  0.819400E+01
  0.819471E+01
  0.819541E+01
  0.819612E+01
  0.819682E+01
  0.819753E+01
  0.819823E+01
  0.819894E+01
  0.819964E+01
  0.820035E+01
  0.820105E+01
  0.820175E+01
  0.820246E+01
  0.820316E+01
  0.820387E+01
  0.820457E+01
  0.820527E+01
  0.820598E+01
  0.820668E+01
  0.820738E+01
  0.820809E+01
  0.820879E+01
  0.820949E+01
  0.821019E+01
  0.821090E+01
  0.821160E+01
  0.821230E+01
  0.821300E+01
  0.821371E+01
  0.821441E+01
  0.821511E+01
  0.821581E+01
  0.821651E+01
  0.821722E+01
  0.821792E+01
  0.821862E+01
  0.821932E+01
  0.822002E+01
  0.822072E+01
  0.822142E+01
  0.822212E+01
  0.822282E+01
  0.822352E+01
  0.822422E+01
  0.822492E+01
  0.822562E+01
  0.822632E+01
  0.822702E+01
  0.822772E+01
  0.822842E+01
  0.822912E+01
  0.822982E+01
  0.823052E+01
  0.823122E+01
  0.823192E+01
  0.823262E+01
  0.823332E+01
  0.823402E+01
  0.823471E+01
  0.823541E+01
  0.823611E+01
  0.823681E+01
  0.823751E+01
  0.823820E+01
  0.823890E+01
  0.823960E+01
  0.824030E+01
  0.824099E+01
  0.824169E+01
  0.824239E+01
  0.824309E+01
  0.824378E+01
  0.824448E+01
  0.824518E+01
  0.824587E+01
  0.824657E+01
  0.824727E+01
  0.824796E+01
  0.824866E+01
  0.824935E+01
  0.825005E+01
  0.825074E+01
  0.825144E+01
  0.825214E+01
  0.825283E+01
  0.825353E+01
  0.825422E+01
  0.825492E+01
  0.825561E+01
  0.825631E+01
  0.825700E+01
  0.825770E+01
  0.825839E+01
  0.825908E+01
  0.825978E+01
  0.826047E+01
  0.826117E+01
  0.826186E+01
  0.826255E+01
  0.826325E+01
  0.826394E+01
  0.826463E+01
  0.826533E+01
  0.826602E+01
  0.826671E+01
  0.826741E+01
  0.826810E+01
  0.826879E+01
  0.826948E+01
  0.827018E+01
  0.827087E+01
  0.827156E+01
  0.827225E+01
  0.827294E+01
  0.827363E+01
  0.827433E+01
  0.827502E+01
  0.827571E+01
  0.827640E+01
  0.827709E+01
  0.827778E+01
  0.827847E+01
  0.827916E+01
  0.827986E+01
  0.828055E+01
  0.828124E+01
  0.828193E+01
  0.828262E+01
  0.828331E+01
  0.828400E+01
  0.828469E+01
  0.828538E+01
  0.828607E+01
  0.828676E+01
  0.828744E+01
  0.828813E+01
  0.828882E+01
  0.828951E+01
  0.829020E+01
  0.829089E+01
  0.829158E+01
  0.829227E+01
  0.829296E+01
  0.829364E+01
  0.829433E+01
  0.829502E+01
  0.829571E+01
  0.829640E+01
  0.829708E+01
  0.829777E+01
  0.829846E+01
  0.829915E+01
  0.829983E+01
  0.830052E+01
  0.830121E+01
  0.830189E+01
  0.830258E+01
  0.830327E+01
  0.830395E+01
  0.830464E+01
  0.830533E+01
  0.830601E+01
  0.830670E+01
  0.830738E+01
  0.830807E+01
  0.830876E+01
  0.830944E+01
  0.831013E+01
  0.831081E+01
  0.831150E+01
  0.831218E+01
  0.831287E+01
  0.831355E+01
  0.831424E+01
  0.831492E+01
  0.831561E+01
  0.831629E+01
  0.831698E+01
  0.831766E+01
  0.831834E+01
  0.831903E+01
  0.831971E+01
  0.832040E+01
  0.832108E+01
  0.832176E+01
  0.832245E+01
  0.832313E+01
  0.832381E+01
  0.832450E+01
  0.832518E+01
  0.832586E+01
  0.832654E+01
  0.832723E+01
  0.832791E+01
  0.832859E+01
  0.832927E+01
  0.832996E+01
  0.833064E+01
  0.833132E+01
  0.833200E+01
  0.833268E+01
  0.833337E+01
  0.833405E+01
  0.833473E+01
  0.833541E+01
  0.833609E+01
  0.833677E+01
  0.833745E+01
  0.833813E+01
  0.833881E+01
  0.833949E+01
  0.834017E+01
  0.834085E+01
  0.834154E+01
  0.834222E+01
  0.834290E+01
  0.834357E+01
  0.834425E+01
  0.834493E+01
  0.834561E+01
  0.834629E+01
  0.834697E+01
  0.834765E+01
  0.834833E+01
  0.834901E+01
  0.834969E+01
  0.835037E+01
  0.835105E+01
  0.835172E+01
  0.835240E+01
  0.835308E+01
  0.835376E+01
  0.835444E+01
  0.835512E+01
  0.835579E+01
  0.835647E+01
  0.835715E+01
  0.835783E+01
  0.835850E+01
  0.835918E+01
  0.835986E+01
  0.836053E+01
  0.836121E+01
  0.836189E+01
  0.836256E+01
  0.836324E+01
  0.836392E+01
  0.836459E+01
  0.836527E+01
  0.836595E+01
  0.836662E+01
  0.836730E+01
  0.836797E+01
  0.836865E+01
  0.836933E+01
  0.837000E+01
  0.837068E+01
  0.837135E+01
  0.837203E+01
  0.837270E+01
  0.837338E+01
  0.837405E+01
  0.837473E+01
  0.837540E+01
  0.837607E+01
  0.837675E+01
  0.837742E+01
  0.837810E+01
  0.837877E+01
  0.837945E+01
  0.838012E+01
  0.838079E+01
  0.838147E+01
  0.838214E+01
  0.838281E+01
  0.838349E+01
  0.838416E+01
  0.838483E+01
  0.838551E+01
  0.838618E+01
  0.838685E+01
  0.838752E+01
  0.838820E+01
  0.838887E+01
  0.838954E+01
  0.839021E+01
  0.839088E+01
  0.839156E+01
  0.839223E+01
  0.839290E+01
  0.839357E+01
  0.839424E+01
  0.839491E+01
  0.839559E+01
  0.839626E+01
  0.839693E+01
  0.839760E+01
  0.839827E+01
  0.839894E+01
  0.839961E+01
  0.840028E+01
  0.840095E+01
  0.840162E+01
  0.840229E+01
  0.840296E+01
  0.840363E+01
  0.840430E+01
  0.840497E+01
  0.840564E+01
  0.840631E+01
  0.840698E+01
  0.840765E+01
  0.840832E+01
  0.840899E+01
  0.840966E+01
  0.841032E+01
  0.841099E+01
  0.841166E+01
  0.841233E+01
  0.841300E+01
  0.841367E+01
  0.841433E+01
  0.841500E+01
  0.841567E+01
  0.841634E+01
  0.841701E+01
  0.841767E+01
  0.841834E+01
  0.841901E+01
  0.841968E+01
  0.842034E+01
  0.842101E+01
  0.842168E+01
  0.842234E+01
  0.842301E+01
  0.842368E+01
  0.842434E+01
  0.842501E+01
  0.842568E+01
  0.842634E+01
  0.842701E+01
  0.842767E+01
  0.842834E+01
  0.842901E+01
  0.842967E+01
  0.843034E+01
  0.843100E+01
  0.843167E+01
  0.843233E+01
  0.843300E+01
  0.843366E+01
  0.843433E+01
  0.843499E+01
  0.843566E+01
  0.843632E+01
  0.843699E+01
  0.843765E+01
  0.843832E+01
  0.843898E+01
  0.843964E+01
  0.844031E+01
  0.844097E+01
  0.844164E+01
  0.844230E+01
  0.844296E+01
  0.844363E+01
  0.844429E+01
  0.844495E+01
  0.844562E+01
  0.844628E+01
  0.844694E+01
  0.844760E+01
  0.844827E+01
  0.844893E+01
  0.844959E+01
  0.845025E+01
  0.845092E+01
  0.845158E+01
  0.845224E+01
  0.845290E+01
  0.845356E+01
  0.845423E+01
  0.845489E+01
  0.845555E+01
  0.845621E+01
  0.845687E+01
  0.845753E+01
  0.845819E+01
  0.845885E+01
  0.845952E+01
  0.846018E+01
  0.846084E+01
  0.846150E+01
  0.846216E+01
  0.846282E+01
  0.846348E+01
  0.846414E+01
  0.846480E+01
  0.846546E+01
  0.846612E+01
  0.846678E+01
  0.846744E+01
  0.846810E+01
  0.846876E+01
  0.846941E+01
  0.847007E+01
  0.847073E+01
  0.847139E+01
  0.847205E+01
  0.847271E+01
  0.847337E+01
  0.847403E+01
  0.847468E+01
  0.847534E+01
  0.847600E+01
  0.847666E+01
  0.847732E+01
  0.847798E+01
  0.847863E+01
  0.847929E+01
  0.847995E+01
  0.848061E+01
  0.848126E+01
  0.848192E+01
  0.848258E+01
  0.848323E+01
  0.848389E+01
  0.848455E+01
  0.848520E+01
  0.848586E+01
  0.848652E+01
  0.848717E+01
  0.848783E+01
  0.848849E+01
  0.848914E+01
  0.848980E+01
  0.849045E+01
  0.849111E+01
  0.849177E+01
  0.849242E+01
  0.849308E+01
  0.849373E+01
  0.849439E+01
  0.849504E+01
  0.849570E+01
  0.849635E+01
  0.849701E+01
  0.849766E+01
  0.849832E+01
  0.849897E+01
  0.849963E+01
  0.850028E+01
  0.850093E+01
  0.850159E+01
  0.850224E+01
  0.850290E+01
  0.850355E+01
  0.850420E+01
  0.850486E+01
  0.850551E+01
  0.850616E+01
  0.850682E+01
  0.850747E+01
  0.850812E+01
  0.850878E+01
  0.850943E+01
  0.851008E+01
  0.851073E+01
  0.851139E+01
  0.851204E+01
  0.851269E+01
  0.851334E+01
  0.851400E+01
  0.851465E+01
  0.851530E+01
  0.851595E+01
  0.851660E+01
  0.851726E+01
  0.851791E+01
  0.851856E+01
  0.851921E+01
  0.851986E+01
  0.852051E+01
  0.852116E+01
  0.852181E+01
  0.852247E+01
  0.852312E+01
  0.852377E+01
  0.852442E+01
  0.852507E+01
  0.852572E+01
  0.852637E+01
  0.852702E+01
  0.852767E+01
  0.852832E+01
  0.852897E+01
  0.852962E+01
  0.853027E+01
  0.853092E+01
  0.853157E+01
  0.853221E+01
  0.853286E+01
  0.853351E+01
  0.853416E+01
  0.853481E+01
  0.853546E+01
  0.853611E+01
  0.853676E+01
  0.853741E+01
  0.853805E+01
  0.853870E+01
  0.853935E+01
  0.854000E+01
  0.854065E+01
  0.854129E+01
  0.854194E+01
  0.854259E+01
  0.854324E+01
  0.854388E+01
  0.854453E+01
  0.854518E+01
  0.854583E+01
  0.854647E+01
  0.854712E+01
  0.854777E+01
  0.854841E+01
  0.854906E+01
  0.854971E+01
  0.855035E+01
  0.855100E+01
  0.855165E+01
  0.855229E+01
  0.855294E+01
  0.855358E+01
  0.855423E+01
  0.855488E+01
  0.855552E+01
  0.855617E+01
  0.855681E+01
  0.855746E+01
  0.855810E+01
  0.855875E+01
  0.855939E+01
  0.856004E+01
  0.856068E+01
  0.856133E+01
  0.856197E+01
  0.856262E+01
  0.856326E+01
  0.856391E+01
  0.856455E+01
  0.856519E+01
  0.856584E+01
  0.856648E+01
  0.856713E+01
  0.856777E+01
  0.856841E+01
  0.856906E+01
  0.856970E+01
  0.857034E+01
  0.857099E+01
  0.857163E+01
  0.857227E+01
  0.857292E+01
  0.857356E+01
  0.857420E+01
  0.857484E+01
  0.857549E+01
  0.857613E+01
  0.857677E+01
  0.857741E+01
  0.857806E+01
  0.857870E+01
  0.857934E+01
  0.857998E+01
  0.858062E+01
  0.858127E+01
  0.858191E+01
  0.858255E+01
  0.858319E+01
  0.858383E+01
  0.858447E+01
  0.858511E+01
  0.858575E+01
  0.858639E+01
  0.858704E+01
  0.858768E+01
  0.858832E+01
  0.858896E+01
  0.858960E+01
  0.859024E+01
  0.859088E+01
  0.859152E+01
  0.859216E+01
  0.859280E+01
  0.859344E+01
  0.859408E+01
  0.859472E+01
  0.859536E+01
  0.859600E+01
  0.859664E+01
  0.859727E+01
  0.859791E+01
  0.859855E+01
  0.859919E+01
  0.859983E+01
  0.860047E+01
  0.860111E+01
  0.860175E+01
  0.860238E+01
  0.860302E+01
  0.860366E+01
  0.860430E+01
  0.860494E+01
  0.860558E+01
  0.860621E+01
  0.860685E+01
  0.860749E+01
  0.860813E+01
  0.860876E+01
  0.860940E+01
  0.861004E+01
  0.861068E+01
  0.861131E+01
  0.861195E+01
  0.861259E+01
  0.861322E+01
  0.861386E+01
  0.861450E+01
  0.861513E+01
  0.861577E+01
  0.861641E+01
  0.861704E+01
  0.861768E+01
  0.861831E+01
  0.861895E+01
  0.861959E+01
  0.862022E+01
  0.862086E+01
  0.862149E+01
  0.862213E+01
  0.862276E+01
  0.862340E+01
  0.862403E+01
  0.862467E+01
  0.862530E+01
  0.862594E+01
  0.862657E+01
  0.862721E+01
  0.862784E+01
  0.862848E+01
  0.862911E+01
  0.862974E+01
  0.863038E+01
  0.863101E+01
  0.863165E+01
  0.863228E+01
  0.863291E+01
  0.863355E+01
  0.863418E+01
  0.863482E+01
  0.863545E+01
  0.863608E+01
  0.863672E+01
  0.863735E+01
  0.863798E+01
  0.863861E+01
  0.863925E+01
  0.863988E+01
  0.864051E+01
  0.864114E+01
  0.864178E+01
  0.864241E+01
  0.864304E+01
  0.864367E+01
  0.864431E+01
  0.864494E+01
  0.864557E+01
  0.864620E+01
  0.864683E+01
  0.864746E+01
  0.864810E+01
  0.864873E+01
  0.864936E+01
  0.864999E+01
  0.865062E+01
  0.865125E+01
  0.865188E+01
  0.865251E+01
  0.865314E+01
  0.865378E+01
  0.865441E+01
  0.865504E+01
  0.865567E+01
  0.865630E+01
  0.865693E+01
  0.865756E+01
  0.865819E+01
  0.865882E+01
  0.865945E+01
  0.866008E+01
  0.866071E+01
  0.866134E+01
  0.866197E+01
  0.866259E+01
  0.866322E+01
  0.866385E+01
  0.866448E+01
  0.866511E+01
  0.866574E+01
  0.866637E+01
  0.866700E+01
  0.866763E+01
  0.866825E+01
  0.866888E+01
  0.866951E+01
  0.867014E+01
  0.867077E+01
  0.867139E+01
  0.867202E+01
  0.867265E+01
  0.867328E+01
  0.867391E+01
  0.867453E+01
  0.867516E+01
  0.867579E+01
  0.867642E+01
  0.867704E+01
  0.867767E+01
  0.867830E+01
  0.867892E+01
  0.867955E+01
  0.868018E+01
  0.868080E+01
  0.868143E+01
  0.868206E+01
  0.868268E+01
  0.868331E+01
  0.868394E+01
  0.868456E+01
  0.868519E+01
  0.868581E+01
  0.868644E+01
  0.868706E+01
  0.868769E+01
  0.868832E+01
  0.868894E+01
  0.868957E+01
  0.869019E+01
  0.869082E+01
  0.869144E+01
  0.869207E+01
  0.869269E+01
  0.869332E+01
  0.869394E+01
  0.869457E+01
  0.869519E+01
  0.869581E+01
  0.869644E+01
  0.869706E+01
  0.869769E+01
  0.869831E+01
  0.869893E+01
  0.869956E+01
  0.870018E+01
  0.870081E+01
  0.870143E+01
  0.870205E+01
  0.870268E+01
  0.870330E+01
  0.870392E+01
  0.870455E+01
  0.870517E+01
  0.870579E+01
  0.870641E+01
  0.870704E+01
  0.870766E+01
  0.870828E+01
  0.870890E+01
  0.870953E+01
  0.871015E+01
  0.871077E+01
  0.871139E+01
  0.871201E+01
  0.871264E+01
  0.871326E+01
  0.871388E+01
  0.871450E+01
  0.871512E+01
  0.871574E+01
  0.871637E+01
  0.871699E+01
  0.871761E+01
  0.871823E+01
  0.871885E+01
  0.871947E+01
  0.872009E+01
  0.872071E+01
  0.872133E+01
  0.872195E+01
  0.872257E+01
  0.872319E+01
  0.872381E+01
  0.872443E+01
  0.872505E+01
  0.872567E+01
  0.872629E+01
  0.872691E+01
  0.872753E+01
  0.872815E+01
  0.872877E+01
  0.872939E+01
  0.873001E+01
  0.873063E+01
  0.873125E+01
  0.873187E+01
  0.873249E+01
  0.873311E+01
  0.873373E+01
  0.873434E+01
  0.873496E+01
  0.873558E+01
  0.873620E+01
  0.873682E+01
  0.873744E+01
  0.873805E+01
  0.873867E+01
  0.873929E+01
  0.873991E+01
  0.874053E+01
  0.874114E+01
  0.874176E+01
  0.874238E+01
  0.874300E+01
  0.874361E+01
  0.874423E+01
  0.874485E+01
  0.874546E+01
  0.874608E+01
  0.874670E+01
  0.874731E+01
  0.874793E+01
  0.874855E+01
  0.874916E+01
  0.874978E+01
  0.875040E+01
  0.875101E+01
  0.875163E+01
  0.875224E+01
  0.875286E+01
  0.875348E+01
  0.875409E+01
  0.875471E+01
  0.875532E+01
  0.875594E+01
  0.875655E+01
  0.875717E+01
  0.875778E+01
  0.875840E+01
  0.875902E+01
  0.875963E+01
  0.876024E+01
  0.876086E+01
  0.876147E+01
  0.876209E+01
  0.876270E+01
  0.876332E+01
  0.876393E+01
  0.876455E+01
  0.876516E+01
  0.876577E+01
  0.876639E+01
  0.876700E+01
  0.876762E+01
  0.876823E+01
  0.876884E+01
  0.876946E+01
  0.877007E+01
  0.877068E+01
  0.877130E+01
  0.877191E+01
  0.877252E+01
  0.877314E+01
  0.877375E+01
  0.877436E+01
  0.877497E+01
  0.877559E+01
  0.877620E+01
  0.877681E+01
  0.877742E+01
  0.877804E+01
  0.877865E+01
  0.877926E+01
  0.877987E+01
  0.878048E+01
  0.878110E+01
  0.878171E+01
  0.878232E+01
  0.878293E+01
  0.878354E+01
  0.878415E+01
  0.878477E+01
  0.878538E+01
  0.878599E+01
  0.878660E+01
  0.878721E+01
  0.878782E+01
  0.878843E+01
  0.878904E+01
  0.878965E+01
  0.879026E+01
  0.879087E+01
  0.879148E+01
  0.879209E+01
  0.879270E+01
  0.879331E+01
  0.879392E+01
  0.879453E+01
  0.879514E+01
  0.879575E+01
  0.879636E+01
  0.879697E+01
  0.879758E+01
  0.879819E+01
  0.879880E+01
  0.879941E+01
  0.880002E+01
  0.880063E+01
  0.880124E+01
  0.880184E+01
  0.880245E+01
  0.880306E+01
  0.880367E+01
  0.880428E+01
  0.880489E+01
  0.880550E+01
  0.880610E+01
  0.880671E+01
  0.880732E+01
  0.880793E+01
  0.880854E+01
  0.880914E+01
  0.880975E+01
  0.881036E+01
  0.881097E+01
  0.881157E+01
  0.881218E+01
  0.881279E+01
  0.881340E+01
  0.881400E+01
  0.881461E+01
  0.881522E+01
  0.881582E+01
  0.881643E+01
  0.881704E+01
  0.881764E+01
  0.881825E+01
  0.881886E+01
  0.881946E+01
  0.882007E+01
  0.882067E+01
  0.882128E+01
  0.882189E+01
  0.882249E+01
  0.882310E+01
  0.882370E+01
  0.882431E+01
  0.882491E+01
  0.882552E+01
  0.882612E+01
  0.882673E+01
  0.882734E+01
  0.882794E+01
  0.882855E+01
  0.882915E+01
  0.882975E+01
  0.883036E+01
  0.883096E+01
  0.883157E+01
  0.883217E+01
  0.883278E+01
  0.883338E+01
  0.883399E+01
  0.883459E+01
  0.883519E+01
  0.883580E+01
  0.883640E+01
  0.883701E+01
  0.883761E+01
  0.883821E+01
  0.883882E+01
  0.883942E+01
  0.884002E+01
  0.884063E+01
  0.884123E+01
  0.884183E+01
  0.884244E+01
  0.884304E+01
  0.884364E+01
  0.884424E+01
  0.884485E+01
  0.884545E+01
  0.884605E+01
  0.884665E+01
  0.884726E+01
  0.884786E+01
  0.884846E+01
  0.884906E+01
  0.884966E+01
  0.885027E+01
  0.885087E+01
  0.885147E+01
  0.885207E+01
  0.885267E+01
  0.885327E+01
  0.885388E+01
  0.885448E+01
  0.885508E+01
  0.885568E+01
  0.885628E+01
  0.885688E+01
  0.885748E+01
  0.885808E+01
  0.885868E+01
  0.885928E+01
  0.885989E+01
  0.886049E+01
  0.886109E+01
  0.886169E+01
  0.886229E+01
  0.886289E+01
  0.886349E+01
  0.886409E+01
  0.886469E+01
  0.886529E+01
  0.886589E+01
  0.886649E+01
  0.886708E+01
  0.886768E+01
  0.886828E+01
  0.886888E+01
  0.886948E+01
  0.887008E+01
  0.887068E+01
  0.887128E+01
  0.887188E+01
  0.887248E+01
  0.887307E+01
  0.887367E+01
  0.887427E+01
  0.887487E+01
  0.887547E+01
  0.887607E+01
  0.887666E+01
  0.887726E+01
  0.887786E+01
  0.887846E+01
  0.887906E+01
  0.887965E+01
  0.888025E+01
  0.888085E+01
  0.888145E+01
  0.888204E+01
  0.888264E+01
  0.888324E+01
  0.888384E+01
  0.888443E+01
  0.888503E+01
  0.888563E+01
  0.888622E+01
  0.888682E+01
  0.888742E+01
  0.888801E+01
  0.888861E+01
  0.888921E+01
  0.888980E+01
  0.889040E+01
  0.889100E+01
  0.889159E+01
  0.889219E+01
  0.889278E+01
  0.889338E+01
  0.889397E+01
  0.889457E+01
  0.889517E+01
  0.889576E+01
  0.889636E+01
  0.889695E+01
  0.889755E+01
  0.889814E+01
  0.889874E+01
  0.889933E+01
  0.889993E+01
  0.890052E+01
  0.890112E+01
  0.890171E+01
  0.890231E+01
  0.890290E+01
  0.890350E+01
  0.890409E+01
  0.890468E+01
  0.890528E+01
  0.890587E+01
  0.890647E+01
  0.890706E+01
  0.890765E+01
  0.890825E+01
  0.890884E+01
  0.890943E+01
  0.891003E+01
  0.891062E+01
  0.891121E+01
  0.891181E+01
  0.891240E+01
  0.891299E+01
  0.891359E+01
  0.891418E+01
  0.891477E+01
  0.891537E+01
  0.891596E+01
  0.891655E+01
  0.891714E+01
  0.891774E+01
  0.891833E+01
  0.891892E+01
  0.891951E+01
  0.892010E+01
  0.892070E+01
  0.892129E+01
  0.892188E+01
  0.892247E+01
  0.892306E+01
  0.892366E+01
  0.892425E+01
  0.892484E+01
  0.892543E+01
  0.892602E+01
  0.892661E+01
  0.892720E+01
  0.892779E+01
  0.892839E+01
  0.892898E+01
  0.892957E+01
  0.893016E+01
  0.893075E+01
  0.893134E+01
  0.893193E+01
  0.893252E+01
  0.893311E+01
  0.893370E+01
  0.893429E+01
  0.893488E+01
  0.893547E+01
  0.893606E+01
  0.893665E+01
  0.893724E+01
  0.893783E+01
  0.893842E+01
  0.893901E+01
  0.893960E+01
  0.894019E+01
  0.894078E+01
  0.894137E+01
  0.894195E+01
  0.894254E+01
  0.894313E+01
  0.894372E+01
  0.894431E+01
  0.894490E+01
  0.894549E+01
  0.894608E+01
  0.894666E+01
  0.894725E+01
  0.894784E+01
  0.894843E+01
  0.894902E+01
  0.894961E+01
  0.895019E+01
  0.895078E+01
  0.895137E+01
  0.895196E+01
  0.895254E+01
  0.895313E+01
  0.895372E+01
  0.895431E+01
  0.895489E+01
  0.895548E+01
  0.895607E+01
  0.895666E+01
  0.895724E+01
  0.895783E+01
  0.895842E+01
  0.895900E+01
  0.895959E+01
  0.896018E+01
  0.896076E+01
  0.896135E+01
  0.896193E+01
  0.896252E+01
  0.896311E+01
  0.896369E+01
  0.896428E+01
  0.896487E+01
  0.896545E+01
  0.896604E+01
  0.896662E+01
  0.896721E+01
  0.896779E+01
  0.896838E+01
  0.896896E+01
  0.896955E+01
  0.897014E+01
  0.897072E+01
  0.897131E+01
  0.897189E+01
  0.897248E+01
  0.897306E+01
  0.897364E+01
  0.897423E+01
  0.897481E+01
  0.897540E+01
  0.897598E+01
  0.897657E+01
  0.897715E+01
  0.897774E+01
  0.897832E+01
  0.897890E+01
  0.897949E+01
  0.898007E+01
  0.898066E+01
  0.898124E+01
  0.898182E+01
  0.898241E+01
  0.898299E+01
  0.898357E+01
  0.898416E+01
  0.898474E+01
  0.898532E+01
  0.898591E+01
  0.898649E+01
  0.898707E+01
  0.898766E+01
  0.898824E+01
  0.898882E+01
  0.898940E+01
  0.898999E+01
  0.899057E+01
  0.899115E+01
  0.899173E+01
  0.899231E+01
  0.899290E+01
  0.899348E+01
  0.899406E+01
  0.899464E+01
  0.899522E+01
  0.899581E+01
  0.899639E+01
  0.899697E+01
  0.899755E+01
  0.899813E+01
  0.899871E+01
  0.899930E+01
  0.899988E+01
  0.900046E+01
  0.900104E+01
  0.900162E+01
  0.900220E+01
  0.900278E+01
  0.900336E+01
  0.900394E+01
  0.900452E+01
  0.900510E+01
  0.900568E+01
  0.900626E+01
  0.900684E+01
  0.900742E+01
  0.900800E+01
  0.900858E+01
  0.900916E+01
  0.900974E+01
  0.901032E+01
  0.901090E+01
  0.901148E+01
  0.901206E+01
  0.901264E+01
  0.901322E+01
  0.901380E+01
  0.901438E+01
  0.901496E+01
  0.901554E+01
  0.901612E+01
  0.901670E+01
  0.901727E+01
  0.901785E+01
  0.901843E+01
  0.901901E+01
  0.901959E+01
  0.902017E+01
  0.902075E+01
  0.902132E+01
  0.902190E+01
  0.902248E+01
  0.902306E+01
  0.902364E+01
  0.902421E+01
  0.902479E+01
  0.902537E+01
  0.902595E+01
  0.902652E+01
  0.902710E+01
  0.902768E+01
  0.902826E+01
  0.902883E+01
  0.902941E+01
  0.902999E+01
  0.903057E+01
  0.903114E+01
  0.903172E+01
  0.903230E+01
  0.903287E+01
  0.903345E+01
  0.903403E+01
  0.903460E+01
  0.903518E+01
  0.903575E+01
  0.903633E+01
  0.903691E+01
  0.903748E+01
  0.903806E+01
  0.903863E+01
  0.903921E+01
  0.903979E+01
  0.904036E+01
  0.904094E+01
  0.904151E+01
  0.904209E+01
  0.904266E+01
  0.904324E+01
  0.904381E+01
  0.904439E+01
  0.904496E+01
  0.904554E+01
  0.904611E+01
  0.904669E+01
  0.904726E+01
  0.904784E+01
  0.904841E+01
  0.904899E+01
  0.904956E+01
  0.905013E+01
  0.905071E+01
  0.905128E+01
  0.905186E+01
  0.905243E+01
  0.905301E+01
  0.905358E+01
  0.905415E+01
  0.905473E+01
  0.905530E+01
  0.905587E+01
  0.905645E+01
  0.905702E+01
  0.905759E+01
  0.905817E+01
  0.905874E+01
  0.905931E+01
  0.905989E+01
  0.906046E+01
  0.906103E+01
  0.906160E+01
  0.906218E+01
  0.906275E+01
  0.906332E+01
  0.906389E+01
  0.906447E+01
  0.906504E+01
  0.906561E+01
  0.906618E+01
  0.906675E+01
  0.906733E+01
  0.906790E+01
  0.906847E+01
  0.906904E+01
  0.906961E+01
  0.907019E+01
  0.907076E+01
  0.907133E+01
  0.907190E+01
  0.907247E+01
  0.907304E+01
  0.907361E+01
  0.907418E+01
  0.907476E+01
  0.907533E+01
  0.907590E+01
  0.907647E+01
  0.907704E+01
  0.907761E+01
  0.907818E+01
  0.907875E+01
  0.907932E+01
  0.907989E+01
  0.908046E+01
  0.908103E+01
  0.908160E+01
  0.908217E+01
  0.908274E+01
  0.908331E+01
  0.908388E+01
  0.908445E+01
  0.908502E+01
  0.908559E+01
  0.908616E+01
  0.908673E+01
  0.908730E+01
  0.908787E+01
  0.908843E+01
  0.908900E+01
  0.908957E+01
  0.909014E+01
  0.909071E+01
  0.909128E+01
  0.909185E+01
  0.909242E+01
  0.909298E+01
  0.909355E+01
  0.909412E+01
  0.909469E+01
  0.909526E+01
  0.909583E+01
  0.909639E+01
  0.909696E+01
  0.909753E+01
  0.909810E+01
  0.909867E+01
  0.909923E+01
  0.909980E+01
  0.910037E+01
  0.910094E+01
  0.910150E+01
  0.910207E+01
  0.910264E+01
  0.910320E+01
  0.910377E+01
  0.910434E+01
  0.910491E+01
  0.910547E+01
  0.910604E+01
  0.910661E+01
  0.910717E+01
  0.910774E+01
  0.910830E+01
  0.910887E+01
  0.910944E+01
  0.911000E+01
  0.911057E+01
  0.911114E+01
  0.911170E+01
  0.911227E+01
  0.911283E+01
  0.911340E+01
  0.911396E+01
  0.911453E+01
  0.911510E+01
  0.911566E+01
  0.911623E+01
  0.911679E+01
  0.911736E+01
  0.911792E+01
  0.911849E+01
  0.911905E+01
  0.911962E+01
  0.912018E+01
  0.912075E+01
  0.912131E+01
  0.912188E+01
  0.912244E+01
  0.912301E+01
  0.912357E+01
  0.912413E+01
  0.912470E+01
  0.912526E+01
  0.912583E+01
  0.912639E+01
  0.912695E+01
  0.912752E+01
  0.912808E+01
  0.912865E+01
  0.912921E+01
  0.912977E+01
  0.913034E+01
  0.913090E+01
  0.913146E+01
  0.913203E+01
  0.913259E+01
  0.913315E+01
  0.913372E+01
  0.913428E+01
  0.913484E+01
  0.913540E+01
  0.913597E+01
  0.913653E+01
  0.913709E+01
  0.913766E+01
  0.913822E+01
  0.913878E+01
  0.913934E+01
  0.913990E+01
  0.914047E+01
  0.914103E+01
  0.914159E+01
  0.914215E+01
  0.914271E+01
  0.914328E+01
  0.914384E+01
  0.914440E+01
  0.914496E+01
  0.914552E+01
  0.914608E+01
  0.914665E+01
  0.914721E+01
  0.914777E+01
  0.914833E+01
  0.914889E+01
  0.914945E+01
  0.915001E+01
  0.915057E+01
  0.915113E+01
  0.915169E+01
  0.915225E+01
  0.915282E+01
  0.915338E+01
  0.915394E+01
  0.915450E+01
  0.915506E+01
  0.915562E+01
  0.915618E+01
  0.915674E+01
  0.915730E+01
  0.915786E+01
  0.915842E+01
  0.915898E+01
  0.915954E+01
  0.916010E+01
  0.916066E+01
  0.916121E+01
  0.916177E+01
  0.916233E+01
  0.916289E+01
  0.916345E+01
  0.916401E+01
  0.916457E+01
  0.916513E+01
  0.916569E+01
  0.916625E+01
  0.916680E+01
  0.916736E+01
  0.916792E+01
  0.916848E+01
  0.916904E+01
  0.916960E+01
  0.917016E+01
  0.917071E+01
  0.917127E+01
  0.917183E+01
  0.917239E+01
  0.917295E+01
  0.917350E+01
  0.917406E+01
  0.917462E+01
  0.917518E+01
  0.917573E+01
  0.917629E+01
  0.917685E+01
  0.917741E+01
  0.917796E+01
  0.917852E+01
  0.917908E+01
  0.917963E+01
  0.918019E+01
  0.918075E+01
  0.918130E+01
  0.918186E+01
  0.918242E+01
  0.918297E+01
  0.918353E+01
  0.918409E+01
  0.918464E+01
  0.918520E+01
  0.918576E+01
  0.918631E+01
  0.918687E+01
  0.918742E+01
  0.918798E+01
  0.918854E+01
  0.918909E+01
  0.918965E+01
  0.919020E+01
  0.919076E+01
  0.919131E+01
  0.919187E+01
  0.919243E+01
  0.919298E+01
  0.919354E+01
  0.919409E+01
  0.919465E+01
  0.919520E+01
  0.919576E+01
  0.919631E+01
  0.919687E+01
  0.919742E+01
  0.919797E+01
  0.919853E+01
  0.919908E+01
  0.919964E+01
  0.920019E+01
  0.920075E+01
  0.920130E+01
  0.920186E+01
  0.920241E+01
  0.920296E+01
  0.920352E+01
  0.920407E+01
  0.920462E+01
  0.920518E+01
  0.920573E+01
  0.920629E+01
  0.920684E+01
  0.920739E+01
  0.920795E+01
  0.920850E+01
  0.920905E+01
  0.920961E+01
  0.921016E+01
  0.921071E+01
  0.921126E+01
  0.921182E+01
  0.921237E+01
  0.921292E+01
  0.921348E+01
  0.921403E+01
  0.921458E+01
  0.921513E+01
  0.921569E+01
  0.921624E+01
  0.921679E+01
  0.921734E+01
  0.921789E+01
  0.921845E+01
  0.921900E+01
  0.921955E+01
  0.922010E+01
  0.922065E+01
  0.922120E+01
  0.922176E+01
  0.922231E+01
  0.922286E+01
  0.922341E+01
  0.922396E+01
  0.922451E+01
  0.922506E+01
  0.922561E+01
  0.922617E+01
  0.922672E+01
  0.922727E+01
  0.922782E+01
  0.922837E+01
  0.922892E+01
  0.922947E+01
  0.923002E+01
  0.923057E+01
  0.923112E+01
  0.923167E+01
  0.923222E+01
  0.923277E+01
  0.923332E+01
  0.923387E+01
  0.923442E+01
  0.923497E+01
  0.923552E+01
  0.923607E+01
  0.923662E+01
  0.923717E+01
  0.923772E+01
  0.923827E+01
  0.923882E+01
  0.923937E+01
  0.923992E+01
  0.924047E+01
  0.924102E+01
  0.924156E+01
  0.924211E+01
  0.924266E+01
  0.924321E+01
  0.924376E+01
  0.924431E+01
  0.924486E+01
  0.924541E+01
  0.924595E+01
  0.924650E+01
  0.924705E+01
  0.924760E+01
  0.924815E+01
  0.924870E+01
  0.924924E+01
  0.924979E+01
  0.925034E+01
  0.925089E+01
  0.925143E+01
  0.925198E+01
  0.925253E+01
  0.925308E+01
  0.925363E+01
  0.925417E+01
  0.925472E+01
  0.925527E+01
  0.925581E+01
  0.925636E+01
  0.925691E+01
  0.925746E+01
  0.925800E+01
  0.925855E+01
  0.925910E+01
  0.925964E+01
  0.926019E+01
  0.926074E+01
  0.926128E+01
  0.926183E+01
  0.926238E+01
  0.926292E+01
  0.926347E+01
  0.926401E+01
  0.926456E+01
  0.926511E+01
  0.926565E+01
  0.926620E+01
  0.926674E+01
  0.926729E+01
  0.926784E+01
  0.926838E+01
  0.926893E+01
  0.926947E+01
  0.927002E+01
  0.927056E+01
  0.927111E+01
  0.927165E+01
  0.927220E+01
  0.927274E+01
  0.927329E+01
  0.927383E+01
  0.927438E+01
  0.927492E+01
  0.927547E+01
  0.927601E+01
  0.927656E+01
  0.927710E+01
  0.927765E+01
  0.927819E+01
  0.927873E+01
  0.927928E+01
  0.927982E+01
  0.928037E+01
  0.928091E+01
  0.928145E+01
  0.928200E+01
  0.928254E+01
  0.928309E+01
  0.928363E+01
  0.928417E+01
  0.928472E+01
  0.928526E+01
  0.928580E+01
  0.928635E+01
  0.928689E+01
  0.928743E+01
  0.928798E+01
  0.928852E+01
  0.928906E+01
  0.928961E+01
  0.929015E+01
  0.929069E+01
  0.929123E+01
  0.929178E+01
  0.929232E+01
  0.929286E+01
  0.929340E+01
  0.929395E+01
  0.929449E+01
  0.929503E+01
  0.929557E+01
  0.929612E+01
  0.929666E+01
  0.929720E+01
  0.929774E+01
  0.929828E+01
  0.929882E+01
  0.929937E+01
  0.929991E+01
  0.930045E+01
  0.930099E+01
  0.930153E+01
  0.930207E+01
  0.930261E+01
  0.930316E+01
  0.930370E+01
  0.930424E+01
  0.930478E+01
  0.930532E+01
  0.930586E+01
  0.930640E+01
  0.930694E+01
  0.930748E+01
  0.930802E+01
  0.930856E+01
  0.930910E+01
  0.930965E+01
  0.931019E+01
  0.931073E+01
  0.931127E+01
  0.931181E+01
  0.931235E+01
  0.931289E+01
  0.931343E+01
  0.931397E+01
  0.931451E+01
  0.931504E+01
  0.931558E+01
  0.931612E+01
  0.931666E+01
  0.931720E+01
  0.931774E+01
  0.931828E+01
  0.931882E+01
  0.931936E+01
  0.931990E+01
  0.932044E+01
  0.932098E+01
  0.932152E+01
  0.932205E+01
  0.932259E+01
  0.932313E+01
  0.932367E+01
  0.932421E+01
  0.932475E+01
  0.932529E+01
  0.932582E+01
  0.932636E+01
  0.932690E+01
  0.932744E+01
  0.932798E+01
  0.932851E+01
  0.932905E+01
  0.932959E+01
  0.933013E+01
  0.933066E+01
  0.933120E+01
  0.933174E+01
  0.933228E+01
  0.933281E+01
  0.933335E+01
  0.933389E+01
  0.933443E+01
  0.933496E+01
  0.933550E+01
  0.933604E+01
  0.933657E+01
  0.933711E+01
  0.933765E+01
  0.933818E+01
  0.933872E+01
  0.933926E+01
  0.933979E+01
  0.934033E+01
  0.934087E+01
  0.934140E+01
  0.934194E+01
  0.934248E+01
  0.934301E+01
  0.934355E+01
  0.934408E+01
  0.934462E+01
  0.934516E+01
  0.934569E+01
  0.934623E+01
  0.934676E+01
  0.934730E+01
  0.934783E+01
  0.934837E+01
  0.934890E+01
  0.934944E+01
  0.934997E+01
  0.935051E+01
  0.935104E+01
  0.935158E+01
  0.935211E+01
  0.935265E+01
  0.935318E+01
  0.935372E+01
  0.935425E+01
  0.935479E+01
  0.935532E+01
  0.935586E+01
  0.935639E+01
  0.935692E+01
  0.935746E+01
  0.935799E+01
  0.935853E+01
  0.935906E+01
  0.935960E+01
  0.936013E+01
  0.936066E+01
  0.936120E+01
  0.936173E+01
  0.936226E+01
  0.936280E+01
  0.936333E+01
  0.936386E+01
  0.936440E+01
  0.936493E+01
  0.936546E+01
  0.936600E+01
  0.936653E+01
  0.936706E+01
  0.936760E+01
  0.936813E+01
  0.936866E+01
  0.936919E+01
  0.936973E+01
  0.937026E+01
  0.937079E+01
  0.937132E+01
  0.937186E+01
  0.937239E+01
  0.937292E+01
  0.937345E+01
  0.937399E+01
  0.937452E+01
  0.937505E+01
  0.937558E+01
  0.937611E+01
  0.937665E+01
  0.937718E+01
  0.937771E+01
  0.937824E+01
  0.937877E+01
  0.937930E+01
  0.937983E+01
  0.938037E+01
  0.938090E+01
  0.938143E+01
  0.938196E+01
  0.938249E+01
  0.938302E+01
  0.938355E+01
  0.938408E+01
  0.938461E+01
  0.938514E+01
  0.938567E+01
  0.938621E+01
  0.938674E+01
  0.938727E+01
  0.938780E+01
  0.938833E+01
  0.938886E+01
  0.938939E+01
  0.938992E+01
  0.939045E+01
  0.939098E+01
  0.939151E+01
  0.939204E+01
  0.939257E+01
  0.939310E+01
  0.939363E+01
  0.939416E+01
  0.939469E+01
  0.939521E+01
  0.939574E+01
  0.939627E+01
  0.939680E+01
  0.939733E+01
  0.939786E+01
  0.939839E+01
  0.939892E+01
  0.939945E+01
  0.939998E+01
  0.940051E+01
  0.940103E+01
  0.940156E+01
  0.940209E+01
  0.940262E+01
  0.940315E+01
  0.940368E+01
  0.940420E+01
  0.940473E+01
  0.940526E+01
  0.940579E+01
  0.940632E+01
  0.940684E+01
  0.940737E+01
  0.940790E+01
  0.940843E+01
  0.940896E+01
  0.940948E+01
  0.941001E+01
  0.941054E+01
  0.941107E+01
  0.941159E+01
  0.941212E+01
  0.941265E+01
  0.941318E+01
  0.941370E+01
  0.941423E+01
  0.941476E+01
  0.941528E+01
  0.941581E+01
  0.941634E+01
  0.941686E+01
  0.941739E+01
  0.941792E+01
  0.941844E+01
  0.941897E+01
  0.941950E+01
  0.942002E+01
  0.942055E+01
  0.942107E+01
  0.942160E+01
  0.942213E+01
  0.942265E+01
  0.942318E+01
  0.942370E+01
  0.942423E+01
  0.942476E+01
  0.942528E+01
  0.942581E+01
  0.942633E+01
  0.942686E+01
  0.942738E+01
  0.942791E+01
  0.942843E+01
  0.942896E+01
  0.942948E+01
  0.943001E+01
  0.943053E+01
  0.943106E+01
  0.943158E+01
  0.943211E+01
  0.943263E+01
  0.943316E+01
  0.943368E+01
  0.943421E+01
  0.943473E+01
  0.943526E+01
  0.943578E+01
  0.943630E+01
  0.943683E+01
  0.943735E+01
  0.943788E+01
  0.943840E+01
  0.943893E+01
  0.943945E+01
  0.943997E+01
  0.944050E+01
  0.944102E+01
  0.944154E+01
  0.944207E+01
  0.944259E+01
  0.944311E+01
  0.944364E+01
  0.944416E+01
  0.944468E+01
  0.944521E+01
  0.944573E+01
  0.944625E+01
  0.944678E+01
  0.944730E+01
  0.944782E+01
  0.944835E+01
  0.944887E+01
  0.944939E+01
  0.944991E+01
  0.945044E+01
  0.945096E+01
  0.945148E+01
  0.945200E+01
  0.945253E+01
  0.945305E+01
  0.945357E+01
  0.945409E+01
  0.945461E+01
  0.945514E+01
  0.945566E+01
  0.945618E+01
  0.945670E+01
  0.945722E+01
  0.945774E+01
  0.945827E+01
  0.945879E+01
  0.945931E+01
  0.945983E+01
  0.946035E+01
  0.946087E+01
  0.946139E+01
  0.946191E+01
  0.946244E+01
  0.946296E+01
  0.946348E+01
  0.946400E+01
  0.946452E+01
  0.946504E+01
  0.946556E+01
  0.946608E+01
  0.946660E+01
  0.946712E+01
  0.946764E+01
  0.946816E+01
  0.946868E+01
  0.946920E+01
  0.946972E+01
  0.947024E+01
  0.947076E+01
  0.947128E+01
  0.947180E+01
  0.947232E+01
  0.947284E+01
  0.947336E+01
  0.947388E+01
  0.947440E+01
  0.947492E+01
  0.947544E+01
  0.947596E+01
  0.947648E+01
  0.947700E+01
  0.947752E+01
  0.947804E+01
  0.947856E+01
  0.947907E+01
  0.947959E+01
  0.948011E+01
  0.948063E+01
  0.948115E+01
  0.948167E+01
  0.948219E+01
  0.948271E+01
  0.948322E+01
  0.948374E+01
  0.948426E+01
  0.948478E+01
  0.948530E+01
  0.948582E+01
  0.948633E+01
  0.948685E+01
  0.948737E+01
  0.948789E+01
  0.948841E+01
  0.948892E+01
  0.948944E+01
  0.948996E+01
  0.949048E+01
  0.949099E+01
  0.949151E+01
  0.949203E+01
  0.949255E+01
  0.949306E+01
  0.949358E+01
  0.949410E+01
  0.949462E+01
  0.949513E+01
  0.949565E+01
  0.949617E+01
  0.949668E+01
  0.949720E+01
  0.949772E+01
  0.949823E+01
  0.949875E+01
  0.949927E+01
  0.949978E+01
  0.950030E+01
  0.950082E+01
  0.950133E+01
  0.950185E+01
  0.950236E+01
  0.950288E+01
  0.950340E+01
  0.950391E+01
  0.950443E+01
  0.950494E+01
  0.950546E+01
  0.950598E+01
  0.950649E+01
  0.950701E+01
  0.950752E+01
  0.950804E+01
  0.950855E+01
  0.950907E+01
  0.950958E+01
  0.951010E+01
  0.951061E+01
  0.951113E+01
  0.951164E+01
  0.951216E+01
  0.951267E+01
  0.951319E+01
  0.951370E+01
  0.951422E+01
  0.951473E+01
  0.951525E+01
  0.951576E+01
  0.951628E+01
  0.951679E+01
  0.951730E+01
  0.951782E+01
  0.951833E+01
  0.951885E+01
  0.951936E+01
  0.951988E+01
  0.952039E+01
  0.952090E+01
  0.952142E+01
  0.952193E+01
  0.952244E+01
  0.952296E+01
  0.952347E+01
  0.952399E+01
  0.952450E+01
  0.952501E+01
  0.952553E+01
  0.952604E+01
  0.952655E+01
  0.952707E+01
  0.952758E+01
  0.952809E+01
  0.952860E+01
  0.952912E+01
  0.952963E+01
  0.953014E+01
  0.953066E+01
  0.953117E+01
  0.953168E+01
  0.953219E+01
  0.953271E+01
  0.953322E+01
  0.953373E+01
  0.953424E+01
  0.953476E+01
  0.953527E+01
  0.953578E+01
  0.953629E+01
  0.953680E+01
  0.953732E+01
  0.953783E+01
  0.953834E+01
  0.953885E+01
  0.953936E+01
  0.953987E+01
  0.954039E+01
  0.954090E+01
  0.954141E+01
  0.954192E+01
  0.954243E+01
  0.954294E+01
  0.954345E+01
  0.954396E+01
  0.954448E+01
  0.954499E+01
  0.954550E+01
  0.954601E+01
  0.954652E+01
  0.954703E+01
  0.954754E+01
  0.954805E+01
  0.954856E+01
  0.954907E+01
  0.954958E+01
  0.955009E+01
  0.955060E+01
  0.955111E+01
  0.955162E+01
  0.955213E+01
  0.955264E+01
  0.955315E+01
  0.955366E+01
  0.955417E+01
  0.955468E+01
  0.955519E+01
  0.955570E+01
  0.955621E+01
  0.955672E+01
  0.955723E+01
  0.955774E+01
  0.955825E+01
  0.955876E+01
  0.955927E+01
  0.955978E+01
  0.956029E+01
  0.956080E+01
  0.956131E+01
  0.956182E+01
  0.956232E+01
  0.956283E+01
  0.956334E+01
  0.956385E+01
  0.956436E+01
  0.956487E+01
  0.956538E+01
  0.956588E+01
  0.956639E+01
  0.956690E+01
  0.956741E+01
  0.956792E+01
  0.956843E+01
  0.956893E+01
  0.956944E+01
  0.956995E+01
  0.957046E+01
  0.957097E+01
  0.957147E+01
  0.957198E+01
  0.957249E+01
  0.957300E+01
  0.957350E+01
  0.957401E+01
  0.957452E+01
  0.957503E+01
  0.957553E+01
  0.957604E+01
  0.957655E+01
  0.957706E+01
  0.957756E+01
  0.957807E+01
  0.957858E+01
  0.957908E+01
  0.957959E+01
  0.958010E+01
  0.958060E+01
  0.958111E+01
  0.958162E+01
  0.958212E+01
  0.958263E+01
  0.958314E+01
  0.958364E+01
  0.958415E+01
  0.958466E+01
  0.958516E+01
  0.958567E+01
  0.958618E+01
  0.958668E+01
  0.958719E+01
  0.958769E+01
  0.958820E+01
  0.958870E+01
  0.958921E+01
  0.958972E+01
  0.959022E+01
  0.959073E+01
  0.959123E+01
  0.959174E+01
  0.959224E+01
  0.959275E+01
  0.959325E+01
  0.959376E+01
  0.959426E+01
  0.959477E+01
  0.959527E+01
  0.959578E+01
  0.959628E+01
  0.959679E+01
  0.959729E+01
  0.959780E+01
  0.959830E+01
  0.959881E+01
  0.959931E+01
  0.959982E+01
  0.960032E+01
  0.960083E+01
  0.960133E+01
  0.960183E+01
  0.960234E+01
  0.960284E+01
  0.960335E+01
  0.960385E+01
  0.960435E+01
  0.960486E+01
  0.960536E+01
  0.960587E+01
  0.960637E+01
  0.960687E+01
  0.960738E+01
  0.960788E+01
  0.960838E+01
  0.960889E+01
  0.960939E+01
  0.960989E+01
  0.961040E+01
  0.961090E+01
  0.961140E+01
  0.961191E+01
  0.961241E+01
  0.961291E+01
  0.961341E+01
  0.961392E+01
  0.961442E+01
  0.961492E+01
  0.961543E+01
  0.961593E+01
  0.961643E+01
  0.961693E+01
  0.961744E+01
  0.961794E+01
  0.961844E+01
  0.961894E+01
  0.961944E+01
  0.961995E+01
  0.962045E+01
  0.962095E+01
  0.962145E+01
  0.962195E+01
  0.962246E+01
  0.962296E+01
  0.962346E+01
  0.962396E+01
  0.962446E+01
  0.962496E+01
  0.962546E+01
  0.962597E+01
  0.962647E+01
  0.962697E+01
  0.962747E+01
  0.962797E+01
  0.962847E+01
  0.962897E+01
  0.962947E+01
  0.962997E+01
  0.963047E+01
  0.963098E+01
  0.963148E+01
  0.963198E+01
  0.963248E+01
  0.963298E+01
  0.963348E+01
  0.963398E+01
  0.963448E+01
  0.963498E+01
  0.963548E+01
  0.963598E+01
  0.963648E+01
  0.963698E+01
  0.963748E+01
  0.963798E+01
  0.963848E+01
  0.963898E+01
  0.963948E+01
  0.963998E+01
  0.964048E+01
  0.964098E+01
  0.964148E+01
  0.964198E+01
  0.964248E+01
  0.964297E+01
  0.964347E+01
  0.964397E+01
  0.964447E+01
  0.964497E+01
  0.964547E+01
  0.964597E+01
  0.964647E+01
  0.964697E+01
  0.964747E+01
  0.964796E+01
  0.964846E+01
  0.964896E+01
  0.964946E+01
  0.964996E+01
  0.965046E+01
  0.965095E+01
  0.965145E+01
  0.965195E+01
  0.965245E+01
  0.965295E+01
  0.965345E+01
  0.965394E+01
  0.965444E+01
  0.965494E+01
  0.965544E+01
  0.965593E+01
  0.965643E+01
  0.965693E+01
  0.965743E+01
  0.965792E+01
  0.965842E+01
  0.965892E+01
  0.965942E+01
  0.965991E+01
  0.966041E+01
  0.966091E+01
  0.966141E+01
  0.966190E+01
  0.966240E+01
  0.966290E+01
  0.966339E+01
  0.966389E+01
  0.966439E+01
  0.966488E+01
  0.966538E+01
  0.966588E+01
  0.966637E+01
  0.966687E+01
  0.966737E+01
  0.966786E+01
  0.966836E+01
  0.966885E+01
  0.966935E+01
  0.966985E+01
  0.967034E+01
  0.967084E+01
  0.967133E+01
  0.967183E+01
  0.967233E+01
  0.967282E+01
  0.967332E+01
  0.967381E+01
  0.967431E+01
  0.967480E+01
  0.967530E+01
  0.967579E+01
  0.967629E+01
  0.967679E+01
  0.967728E+01
  0.967778E+01
  0.967827E+01
  0.967877E+01
  0.967926E+01
  0.967976E+01
  0.968025E+01
  0.968075E+01
  0.968124E+01
  0.968173E+01
  0.968223E+01
  0.968272E+01
  0.968322E+01
  0.968371E+01
  0.968421E+01
  0.968470E+01
  0.968520E+01
  0.968569E+01
  0.968618E+01
  0.968668E+01
  0.968717E+01
  0.968767E+01
  0.968816E+01
  0.968865E+01
  0.968915E+01
  0.968964E+01
  0.969013E+01
  0.969063E+01
  0.969112E+01
  0.969162E+01
  0.969211E+01
  0.969260E+01
  0.969310E+01
  0.969359E+01
  0.969408E+01
  0.969458E+01
  0.969507E+01
  0.969556E+01
  0.969605E+01
  0.969655E+01
  0.969704E+01
  0.969753E+01
  0.969803E+01
  0.969852E+01
  0.969901E+01
  0.969950E+01
  0.970000E+01
  0.970049E+01
  0.970098E+01
  0.970147E+01
  0.970197E+01
  0.970246E+01
  0.970295E+01
  0.970344E+01
  0.970393E+01
  0.970443E+01
  0.970492E+01
  0.970541E+01
  0.970590E+01
  0.970639E+01
  0.970688E+01
  0.970738E+01
  0.970787E+01
  0.970836E+01
  0.970885E+01
  0.970934E+01
  0.970983E+01
  0.971032E+01
  0.971082E+01
  0.971131E+01
  0.971180E+01
  0.971229E+01
  0.971278E+01
  0.971327E+01
  0.971376E+01
  0.971425E+01
  0.971474E+01
  0.971523E+01
  0.971573E+01
  0.971622E+01
  0.971671E+01
  0.971720E+01
  0.971769E+01
  0.971818E+01
  0.971867E+01
  0.971916E+01
  0.971965E+01
  0.972014E+01
  0.972063E+01
  0.972112E+01
  0.972161E+01
  0.972210E+01
  0.972259E+01
  0.972308E+01
  0.972357E+01
  0.972406E+01
  0.972455E+01
  0.972504E+01
  0.972553E+01
  0.972602E+01
  0.972651E+01
  0.972699E+01
  0.972748E+01
  0.972797E+01
  0.972846E+01
  0.972895E+01
  0.972944E+01
  0.972993E+01
  0.973042E+01
  0.973091E+01
  0.973140E+01
  0.973188E+01
  0.973237E+01
  0.973286E+01
  0.973335E+01
  0.973384E+01
  0.973433E+01
  0.973482E+01
  0.973530E+01
  0.973579E+01
  0.973628E+01
  0.973677E+01
  0.973726E+01
  0.973775E+01
  0.973823E+01
  0.973872E+01
  0.973921E+01
  0.973970E+01
  0.974019E+01
  0.974067E+01
  0.974116E+01
  0.974165E+01
  0.974214E+01
  0.974262E+01
  0.974311E+01
  0.974360E+01
  0.974409E+01
  0.974457E+01
  0.974506E+01
  0.974555E+01
  0.974603E+01
  0.974652E+01
  0.974701E+01
  0.974750E+01
  0.974798E+01
  0.974847E+01
  0.974896E+01
  0.974944E+01
  0.974993E+01
  0.975042E+01
  0.975090E+01
  0.975139E+01
  0.975188E+01
  0.975236E+01
  0.975285E+01
  0.975333E+01
  0.975382E+01
  0.975431E+01
  0.975479E+01
  0.975528E+01
  0.975577E+01
  0.975625E+01
  0.975674E+01
  0.975722E+01
  0.975771E+01
  0.975819E+01
  0.975868E+01
  0.975917E+01
  0.975965E+01
  0.976014E+01
  0.976062E+01
  0.976111E+01
  0.976159E+01
  0.976208E+01
  0.976256E+01
  0.976305E+01
  0.976353E+01
  0.976402E+01
  0.976450E+01
  0.976499E+01
  0.976547E+01
  0.976596E+01
  0.976644E+01
  0.976693E+01
  0.976741E+01
  0.976790E+01
  0.976838E+01
  0.976887E+01
  0.976935E+01
  0.976984E+01
  0.977032E+01
  0.977080E+01
  0.977129E+01
  0.977177E+01
  0.977226E+01
  0.977274E+01
  0.977322E+01
  0.977371E+01
  0.977419E+01
  0.977468E+01
  0.977516E+01
  0.977564E+01
  0.977613E+01
  0.977661E+01
  0.977709E+01
  0.977758E+01
  0.977806E+01
  0.977854E+01
  0.977903E+01
  0.977951E+01
  0.977999E+01
  0.978048E+01
  0.978096E+01
  0.978144E+01
  0.978193E+01
  0.978241E+01
  0.978289E+01
  0.978338E+01
  0.978386E+01
  0.978434E+01
  0.978482E+01
  0.978531E+01
  0.978579E+01
  0.978627E+01
  0.978675E+01
  0.978724E+01
  0.978772E+01
  0.978820E+01
  0.978868E+01
  0.978917E+01
  0.978965E+01
  0.979013E+01
  0.979061E+01
  0.979109E+01
  0.979158E+01
  0.979206E+01
  0.979254E+01
  0.979302E+01
  0.979350E+01
  0.979398E+01
  0.979447E+01
  0.979495E+01
  0.979543E+01
  0.979591E+01
  0.979639E+01
  0.979687E+01
  0.979735E+01
  0.979783E+01
  0.979832E+01
  0.979880E+01
  0.979928E+01
  0.979976E+01
  0.980024E+01
  0.980072E+01
  0.980120E+01
  0.980168E+01
  0.980216E+01
  0.980264E+01
  0.980312E+01
  0.980360E+01
  0.980409E+01
  0.980457E+01
  0.980505E+01
  0.980553E+01
  0.980601E+01
  0.980649E+01
  0.980697E+01
  0.980745E+01
  0.980793E+01
  0.980841E+01
  0.980889E+01
  0.980937E+01
  0.980985E+01
  0.981033E+01
  0.981081E+01
  0.981129E+01
  0.981177E+01
  0.981224E+01
  0.981272E+01
  0.981320E+01
  0.981368E+01
  0.981416E+01
  0.981464E+01
  0.981512E+01
  0.981560E+01
  0.981608E+01
  0.981656E+01
  0.981704E+01
  0.981752E+01
  0.981800E+01
  0.981847E+01
  0.981895E+01
  0.981943E+01
  0.981991E+01
  0.982039E+01
  0.982087E+01
  0.982135E+01
  0.982182E+01
  0.982230E+01
  0.982278E+01
  0.982326E+01
  0.982374E+01
  0.982422E+01
  0.982469E+01
  0.982517E+01
  0.982565E+01
  0.982613E+01
  0.982661E+01
  0.982708E+01
  0.982756E+01
  0.982804E+01
  0.982852E+01
  0.982899E+01
  0.982947E+01
  0.982995E+01
  0.983043E+01
  0.983090E+01
  0.983138E+01
  0.983186E+01
  0.983234E+01
  0.983281E+01
  0.983329E+01
  0.983377E+01
  0.983425E+01
  0.983472E+01
  0.983520E+01
  0.983568E+01
  0.983615E+01
  0.983663E+01
  0.983711E+01
  0.983758E+01
  0.983806E+01
  0.983854E+01
  0.983901E+01
  0.983949E+01
  0.983997E+01
  0.984044E+01
  0.984092E+01
  0.984139E+01
  0.984187E+01
  0.984235E+01
  0.984282E+01
  0.984330E+01
  0.984378E+01
  0.984425E+01
  0.984473E+01
  0.984520E+01
  0.984568E+01
  0.984615E+01
  0.984663E+01
  0.984711E+01
  0.984758E+01
  0.984806E+01
  0.984853E+01
  0.984901E+01
  0.984948E+01
  0.984996E+01
  0.985043E+01
  0.985091E+01
  0.985138E+01
  0.985186E+01
  0.985233E+01
  0.985281E+01
  0.985328E+01
  0.985376E+01
  0.985423E+01
  0.985471E+01
  0.985518E+01
  0.985566E+01
  0.985613E+01
  0.985661E+01
  0.985708E+01
  0.985756E+01
  0.985803E+01
  0.985850E+01
  0.985898E+01
  0.985945E+01
  0.985993E+01
  0.986040E+01
  0.986088E+01
  0.986135E+01
  0.986182E+01
  0.986230E+01
  0.986277E+01
  0.986325E+01
  0.986372E+01
  0.986419E+01
  0.986467E+01
  0.986514E+01
  0.986561E+01
  0.986609E+01
  0.986656E+01
  0.986703E+01
  0.986751E+01
  0.986798E+01
  0.986845E+01
  0.986893E+01
  0.986940E+01
  0.986987E+01
  0.987035E+01
  0.987082E+01
  0.987129E+01
  0.987176E+01
  0.987224E+01
  0.987271E+01
  0.987318E+01
  0.987366E+01
  0.987413E+01
  0.987460E+01
  0.987507E+01
  0.987555E+01
  0.987602E+01
  0.987649E+01
  0.987696E+01
  0.987744E+01
  0.987791E+01
  0.987838E+01
  0.987885E+01
  0.987932E+01
  0.987980E+01
  0.988027E+01
  0.988074E+01
  0.988121E+01
  0.988168E+01
  0.988215E+01
  0.988263E+01
  0.988310E+01
  0.988357E+01
  0.988404E+01
  0.988451E+01
  0.988498E+01
  0.988546E+01
  0.988593E+01
  0.988640E+01
  0.988687E+01
  0.988734E+01
  0.988781E+01
  0.988828E+01
  0.988875E+01
  0.988922E+01
  0.988969E+01
  0.989017E+01
  0.989064E+01
  0.989111E+01
  0.989158E+01
  0.989205E+01
  0.989252E+01
  0.989299E+01
  0.989346E+01
  0.989393E+01
  0.989440E+01
  0.989487E+01
  0.989534E+01
  0.989581E+01
  0.989628E+01
  0.989675E+01
  0.989722E+01
  0.989769E+01
  0.989816E+01
  0.989863E+01
  0.989910E+01
  0.989957E+01
  0.990004E+01
  0.990051E+01
  0.990098E+01
  0.990145E+01
  0.990192E+01
  0.990239E+01
  0.990286E+01
  0.990333E+01
  0.990380E+01
  0.990427E+01
  0.990474E+01
  0.990520E+01
  0.990567E+01
  0.990614E+01
  0.990661E+01
  0.990708E+01
  0.990755E+01
  0.990802E+01
  0.990849E+01
  0.990896E+01
  0.990943E+01
  0.990989E+01
  0.991036E+01
  0.991083E+01
  0.991130E+01
  0.991177E+01
  0.991224E+01
  0.991270E+01
  0.991317E+01
  0.991364E+01
  0.991411E+01
  0.991458E+01
  0.991505E+01
  0.991551E+01
  0.991598E+01
  0.991645E+01
  0.991692E+01
  0.991739E+01
  0.991785E+01
  0.991832E+01
  0.991879E+01
  0.991926E+01
  0.991972E+01
  0.992019E+01
  0.992066E+01
  0.992113E+01
  0.992159E+01
  0.992206E+01
  0.992253E+01
  0.992299E+01
  0.992346E+01
  0.992393E+01
  0.992440E+01
  0.992486E+01
  0.992533E+01
  0.992580E+01
  0.992626E+01
  0.992673E+01
  0.992720E+01
  0.992766E+01
  0.992813E+01
  0.992860E+01
  0.992906E+01
  0.992953E+01
  0.993000E+01
  0.993046E+01
  0.993093E+01
  0.993140E+01
  0.993186E+01
  0.993233E+01
  0.993279E+01
  0.993326E+01
  0.993373E+01
  0.993419E+01
  0.993466E+01
  0.993512E+01
  0.993559E+01
  0.993606E+01
  0.993652E+01
  0.993699E+01
  0.993745E+01
  0.993792E+01
  0.993838E+01
  0.993885E+01
  0.993931E+01
  0.993978E+01
  0.994025E+01
  0.994071E+01
  0.994118E+01
  0.994164E+01
  0.994211E+01
  0.994257E+01
  0.994304E+01
  0.994350E+01
  0.994397E+01
  0.994443E+01
  0.994490E+01
  0.994536E+01
  0.994583E+01
  0.994629E+01
  0.994675E+01
  0.994722E+01
  0.994768E+01
  0.994815E+01
  0.994861E+01
  0.994908E+01
  0.994954E+01
  0.995001E+01
  0.995047E+01
  0.995093E+01
  0.995140E+01
  0.995186E+01
  0.995233E+01
  0.995279E+01
  0.995325E+01
  0.995372E+01
  0.995418E+01
  0.995464E+01
  0.995511E+01
  0.995557E+01
  0.995604E+01
  0.995650E+01
  0.995696E+01
  0.995743E+01
  0.995789E+01
  0.995835E+01
  0.995882E+01
  0.995928E+01
  0.995974E+01
  0.996021E+01
  0.996067E+01
  0.996113E+01
  0.996159E+01
  0.996206E+01
  0.996252E+01
  0.996298E+01
  0.996345E+01
  0.996391E+01
  0.996437E+01
  0.996483E+01
  0.996530E+01
  0.996576E+01
  0.996622E+01
  0.996668E+01
  0.996715E+01
  0.996761E+01
  0.996807E+01
  0.996853E+01
  0.996900E+01
  0.996946E+01
  0.996992E+01
  0.997038E+01
  0.997084E+01
  0.997131E+01
  0.997177E+01
  0.997223E+01
  0.997269E+01
  0.997315E+01
  0.997361E+01
  0.997408E+01
  0.997454E+01
  0.997500E+01
  0.997546E+01
  0.997592E+01
  0.997638E+01
  0.997685E+01
  0.997731E+01
  0.997777E+01
  0.997823E+01
  0.997869E+01
  0.997915E+01
  0.997961E+01
  0.998007E+01
  0.998053E+01
  0.998099E+01
  0.998146E+01
  0.998192E+01
  0.998238E+01
  0.998284E+01
  0.998330E+01
  0.998376E+01
  0.998422E+01
  0.998468E+01
  0.998514E+01
  0.998560E+01
  0.998606E+01
  0.998652E+01
  0.998698E+01
  0.998744E+01
  0.998790E+01
  0.998836E+01
  0.998882E+01
  0.998928E+01
  0.998974E+01
  0.999020E+01
  0.999066E+01
  0.999112E+01
  0.999158E+01
  0.999204E+01
  0.999250E+01
  0.999296E+01
  0.999342E+01
  0.999388E+01
  0.999434E+01
  0.999480E+01
  0.999526E+01
  0.999572E+01
  0.999618E+01
  0.999664E+01
  0.999709E+01
  0.999755E+01
  0.999801E+01
  0.999847E+01
  0.999893E+01
  0.999939E+01
  0.999985E+01
  0.100003E+02
  0.100008E+02
  0.100012E+02
  0.100017E+02
  0.100021E+02
  0.100026E+02
  0.100031E+02
  0.100035E+02
  0.100040E+02
  0.100044E+02
  0.100049E+02
  0.100054E+02
  0.100058E+02
  0.100063E+02
  0.100067E+02
  0.100072E+02
  0.100076E+02
  0.100081E+02
  0.100086E+02
  0.100090E+02
  0.100095E+02
  0.100099E+02
  0.100104E+02
  0.100108E+02
  0.100113E+02
  0.100118E+02
  0.100122E+02
  0.100127E+02
  0.100131E+02
  0.100136E+02
  0.100140E+02
  0.100145E+02
  0.100150E+02
  0.100154E+02
  0.100159E+02
  0.100163E+02
  0.100168E+02
  0.100172E+02
  0.100177E+02
  0.100182E+02
  0.100186E+02
  0.100191E+02
  0.100195E+02
  0.100200E+02
  0.100204E+02
  0.100209E+02
  0.100214E+02
  0.100218E+02
  0.100223E+02
  0.100227E+02
  0.100232E+02
  0.100236E+02
  0.100241E+02
  0.100246E+02
  0.100250E+02
  0.100255E+02
  0.100259E+02
  0.100264E+02
  0.100268E+02
  0.100273E+02
  0.100277E+02
  0.100282E+02
  0.100287E+02
  0.100291E+02
  0.100296E+02
  0.100300E+02
  0.100305E+02
  0.100309E+02
  0.100314E+02
  0.100318E+02
  0.100323E+02
  0.100328E+02
  0.100332E+02
  0.100337E+02
  0.100341E+02
  0.100346E+02
  0.100350E+02
  0.100355E+02
  0.100359E+02
  0.100364E+02
  0.100369E+02
  0.100373E+02
  0.100378E+02
  0.100382E+02
  0.100387E+02
  0.100391E+02
  0.100396E+02
  0.100400E+02
  0.100405E+02
  0.100409E+02
  0.100414E+02
  0.100419E+02
  0.100423E+02
  0.100428E+02
  0.100432E+02
  0.100437E+02
  0.100441E+02
  0.100446E+02
  0.100450E+02
  0.100455E+02
  0.100459E+02
  0.100464E+02
  0.100468E+02
  0.100473E+02
  0.100478E+02
  0.100482E+02
  0.100487E+02
  0.100491E+02
  0.100496E+02
  0.100500E+02
  0.100505E+02
  0.100509E+02
  0.100514E+02
  0.100518E+02
  0.100523E+02
  0.100527E+02
  0.100532E+02
  0.100536E+02
  0.100541E+02
  0.100546E+02
  0.100550E+02
  0.100555E+02
  0.100559E+02
  0.100564E+02
  0.100568E+02
  0.100573E+02
  0.100577E+02
  0.100582E+02
  0.100586E+02
  0.100591E+02
  0.100595E+02
  0.100600E+02
  0.100604E+02
  0.100609E+02
  0.100613E+02
  0.100618E+02
  0.100623E+02
  0.100627E+02
  0.100632E+02
  0.100636E+02
  0.100641E+02
  0.100645E+02
  0.100650E+02
  0.100654E+02
  0.100659E+02
  0.100663E+02
  0.100668E+02
  0.100672E+02
  0.100677E+02
  0.100681E+02
  0.100686E+02
  0.100690E+02
  0.100695E+02
  0.100699E+02
  0.100704E+02
  0.100708E+02
  0.100713E+02
  0.100717E+02
  0.100722E+02
  0.100726E+02
  0.100731E+02
  0.100735E+02
  0.100740E+02
  0.100744E+02
  0.100749E+02
  0.100753E+02
  0.100758E+02
  0.100762E+02
  0.100767E+02
  0.100771E+02
  0.100776E+02
  0.100780E+02
  0.100785E+02
  0.100789E+02
  0.100794E+02
  0.100798E+02
  0.100803E+02
  0.100808E+02
  0.100812E+02
  0.100817E+02
  0.100821E+02
  0.100826E+02
  0.100830E+02
  0.100835E+02
  0.100839E+02
  0.100844E+02
  0.100848E+02
  0.100853E+02
  0.100857E+02
  0.100862E+02
  0.100866E+02
  0.100870E+02
  0.100875E+02
  0.100879E+02
  0.100884E+02
  0.100888E+02
  0.100893E+02
  0.100897E+02
  0.100902E+02
  0.100906E+02
  0.100911E+02
  0.100915E+02
  0.100920E+02
  0.100924E+02
  0.100929E+02
  0.100933E+02
  0.100938E+02
  0.100942E+02
  0.100947E+02
  0.100951E+02
  0.100956E+02
  0.100960E+02
  0.100965E+02
  0.100969E+02
  0.100974E+02
  0.100978E+02
  0.100983E+02
  0.100987E+02
  0.100992E+02
  0.100996E+02
  0.101001E+02
  0.101005E+02
  0.101010E+02
  0.101014E+02
  0.101019E+02
  0.101023E+02
  0.101028E+02
  0.101032E+02
  0.101037E+02
  0.101041E+02
  0.101045E+02
  0.101050E+02
  0.101054E+02
  0.101059E+02
  0.101063E+02
  0.101068E+02
  0.101072E+02
  0.101077E+02
  0.101081E+02
  0.101086E+02
  0.101090E+02
  0.101095E+02
  0.101099E+02
  0.101104E+02
  0.101108E+02
  0.101113E+02
  0.101117E+02
  0.101122E+02
  0.101126E+02
  0.101130E+02
  0.101135E+02
  0.101139E+02
  0.101144E+02
  0.101148E+02
  0.101153E+02
  0.101157E+02
  0.101162E+02
  0.101166E+02
  0.101171E+02
  0.101175E+02
  0.101180E+02
  0.101184E+02
  0.101189E+02
  0.101193E+02
  0.101197E+02
  0.101202E+02
  0.101206E+02
  0.101211E+02
  0.101215E+02
  0.101220E+02
  0.101224E+02
  0.101229E+02
  0.101233E+02
  0.101238E+02
  0.101242E+02
  0.101247E+02
  0.101251E+02
  0.101255E+02
  0.101260E+02
  0.101264E+02
  0.101269E+02
  0.101273E+02
  0.101278E+02
  0.101282E+02
  0.101287E+02
  0.101291E+02
  0.101296E+02
  0.101300E+02
  0.101304E+02
  0.101309E+02
  0.101313E+02
  0.101318E+02
  0.101322E+02
  0.101327E+02
  0.101331E+02
  0.101336E+02
  0.101340E+02
  0.101344E+02
  0.101349E+02
  0.101353E+02
  0.101358E+02
  0.101362E+02
  0.101367E+02
  0.101371E+02
  0.101376E+02
  0.101380E+02
  0.101384E+02
  0.101389E+02
  0.101393E+02
  0.101398E+02
  0.101402E+02
  0.101407E+02
  0.101411E+02
  0.101416E+02
  0.101420E+02
  0.101424E+02
  0.101429E+02
  0.101433E+02
  0.101438E+02
  0.101442E+02
  0.101447E+02
  0.101451E+02
  0.101455E+02
  0.101460E+02
  0.101464E+02
  0.101469E+02
  0.101473E+02
  0.101478E+02
  0.101482E+02
  0.101487E+02
  0.101491E+02
  0.101495E+02
  0.101500E+02
  0.101504E+02
  0.101509E+02
  0.101513E+02
  0.101518E+02
  0.101522E+02
  0.101526E+02
  0.101531E+02
  0.101535E+02
  0.101540E+02
  0.101544E+02
  0.101549E+02
  0.101553E+02
  0.101557E+02
  0.101562E+02
  0.101566E+02
  0.101571E+02
  0.101575E+02
  0.101579E+02
  0.101584E+02
  0.101588E+02
  0.101593E+02
  0.101597E+02
  0.101602E+02
  0.101606E+02
  0.101610E+02
  0.101615E+02
  0.101619E+02
  0.101624E+02
  0.101628E+02
  0.101633E+02
  0.101637E+02
  0.101641E+02
  0.101646E+02
  0.101650E+02
  0.101655E+02
  0.101659E+02
  0.101663E+02
  0.101668E+02
  0.101672E+02
  0.101677E+02
  0.101681E+02
  0.101686E+02
  0.101690E+02
  0.101694E+02
  0.101699E+02
  0.101703E+02
  0.101708E+02
  0.101712E+02
  0.101716E+02
  0.101721E+02
  0.101725E+02
  0.101730E+02
  0.101734E+02
  0.101738E+02
  0.101743E+02
  0.101747E+02
  0.101752E+02
  0.101756E+02
  0.101760E+02
  0.101765E+02
  0.101769E+02
  0.101774E+02
  0.101778E+02
  0.101782E+02
  0.101787E+02
  0.101791E+02
  0.101796E+02
  0.101800E+02
  0.101804E+02
  0.101809E+02
  0.101813E+02
  0.101818E+02
  0.101822E+02
  0.101826E+02
  0.101831E+02
  0.101835E+02
  0.101840E+02
  0.101844E+02
  0.101848E+02
  0.101853E+02
  0.101857E+02
  0.101862E+02
  0.101866E+02
  0.101870E+02
  0.101875E+02
  0.101879E+02
  0.101884E+02
  0.101888E+02
  0.101892E+02
  0.101897E+02
  0.101901E+02
  0.101906E+02
  0.101910E+02
  0.101914E+02
  0.101919E+02
  0.101923E+02
  0.101927E+02
  0.101932E+02
  0.101936E+02
  0.101941E+02
  0.101945E+02
  0.101949E+02
  0.101954E+02
  0.101958E+02
  0.101963E+02
  0.101967E+02
  0.101971E+02
  0.101976E+02
  0.101980E+02
  0.101984E+02
  0.101989E+02
  0.101993E+02
  0.101998E+02
  0.102002E+02
  0.102006E+02
  0.102011E+02
  0.102015E+02
  0.102020E+02
  0.102024E+02
  0.102028E+02
  0.102033E+02
  0.102037E+02
  0.102041E+02
  0.102046E+02
  0.102050E+02
  0.102055E+02
  0.102059E+02
  0.102063E+02
  0.102068E+02
  0.102072E+02
  0.102076E+02
  0.102081E+02
  0.102085E+02
  0.102090E+02
  0.102094E+02
  0.102098E+02
  0.102103E+02
  0.102107E+02
  0.102111E+02
  0.102116E+02
  0.102120E+02
  0.102124E+02
  0.102129E+02
  0.102133E+02
  0.102138E+02
  0.102142E+02
  0.102146E+02
  0.102151E+02
  0.102155E+02
  0.102159E+02
  0.102164E+02
  0.102168E+02
  0.102173E+02
  0.102177E+02
  0.102181E+02
  0.102186E+02
  0.102190E+02
  0.102194E+02
  0.102199E+02
  0.102203E+02
  0.102207E+02
  0.102212E+02
  0.102216E+02
  0.102220E+02
  0.102225E+02
  0.102229E+02
  0.102234E+02
  0.102238E+02
  0.102242E+02
  0.102247E+02
  0.102251E+02
  0.102255E+02
  0.102260E+02
  0.102264E+02
  0.102268E+02
  0.102273E+02
  0.102277E+02
  0.102281E+02
  0.102286E+02
  0.102290E+02
  0.102295E+02
  0.102299E+02
  0.102303E+02
  0.102308E+02
  0.102312E+02
  0.102316E+02
  0.102321E+02
  0.102325E+02
  0.102329E+02
  0.102334E+02
  0.102338E+02
  0.102342E+02
  0.102347E+02
  0.102351E+02
  0.102355E+02
  0.102360E+02
  0.102364E+02
  0.102368E+02
  0.102373E+02
  0.102377E+02
  0.102381E+02
  0.102386E+02
  0.102390E+02
  0.102394E+02
  0.102399E+02
  0.102403E+02
  0.102408E+02
  0.102412E+02
  0.102416E+02
  0.102421E+02
  0.102425E+02
  0.102429E+02
  0.102434E+02
  0.102438E+02
  0.102442E+02
  0.102447E+02
  0.102451E+02
  0.102455E+02
  0.102460E+02
  0.102464E+02
  0.102468E+02
  0.102473E+02
  0.102477E+02
  0.102481E+02
  0.102486E+02
  0.102490E+02
  0.102494E+02
  0.102499E+02
  0.102503E+02
  0.102507E+02
  0.102512E+02
  0.102516E+02
  0.102520E+02
  0.102525E+02
  0.102529E+02
  0.102533E+02
  0.102538E+02
  0.102542E+02
  0.102546E+02
  0.102551E+02
  0.102555E+02
  0.102559E+02
  0.102564E+02
  0.102568E+02
  0.102572E+02
  0.102576E+02
  0.102581E+02
  0.102585E+02
  0.102589E+02
  0.102594E+02
  0.102598E+02
  0.102602E+02
  0.102607E+02
  0.102611E+02
  0.102615E+02
  0.102620E+02
  0.102624E+02
  0.102628E+02
  0.102633E+02
  0.102637E+02
  0.102641E+02
  0.102646E+02
  0.102650E+02
  0.102654E+02
  0.102659E+02
  0.102663E+02
  0.102667E+02
  0.102672E+02
  0.102676E+02
  0.102680E+02
  0.102684E+02
  0.102689E+02
  0.102693E+02
  0.102697E+02
  0.102702E+02
  0.102706E+02
  0.102710E+02
  0.102715E+02
  0.102719E+02
  0.102723E+02
  0.102728E+02
  0.102732E+02
  0.102736E+02
  0.102740E+02
  0.102745E+02
  0.102749E+02
  0.102753E+02
  0.102758E+02
  0.102762E+02
  0.102766E+02
  0.102771E+02
  0.102775E+02
  0.102779E+02
  0.102784E+02
  0.102788E+02
  0.102792E+02
  0.102796E+02
  0.102801E+02
  0.102805E+02
  0.102809E+02
  0.102814E+02
  0.102818E+02
  0.102822E+02
  0.102827E+02
  0.102831E+02
  0.102835E+02
  0.102839E+02
  0.102844E+02
  0.102848E+02
  0.102852E+02
  0.102857E+02
  0.102861E+02
  0.102865E+02
  0.102870E+02
  0.102874E+02
  0.102878E+02
  0.102882E+02
  0.102887E+02
  0.102891E+02
  0.102895E+02
  0.102900E+02
  0.102904E+02
  0.102908E+02
  0.102913E+02
  0.102917E+02
  0.102921E+02
  0.102925E+02
  0.102930E+02
  0.102934E+02
  0.102938E+02
  0.102943E+02
  0.102947E+02
  0.102951E+02
  0.102955E+02
  0.102960E+02
  0.102964E+02
  0.102968E+02
  0.102973E+02
  0.102977E+02
  0.102981E+02
  0.102985E+02
  0.102990E+02
  0.102994E+02
  0.102998E+02
  0.103003E+02
  0.103007E+02
  0.103011E+02
  0.103015E+02
  0.103020E+02
  0.103024E+02
  0.103028E+02
  0.103033E+02
  0.103037E+02
  0.103041E+02
  0.103045E+02
  0.103050E+02
  0.103054E+02
  0.103058E+02
  0.103062E+02
  0.103067E+02
  0.103071E+02
  0.103075E+02
  0.103080E+02
  0.103084E+02
  0.103088E+02
  0.103092E+02
  0.103097E+02
  0.103101E+02
  0.103105E+02
  0.103110E+02
  0.103114E+02
  0.103118E+02
  0.103122E+02
  0.103127E+02
  0.103131E+02
  0.103135E+02
  0.103139E+02
  0.103144E+02
  0.103148E+02
  0.103152E+02
  0.103156E+02
  0.103161E+02
  0.103165E+02
  0.103169E+02
  0.103174E+02
  0.103178E+02
  0.103182E+02
  0.103186E+02
  0.103191E+02
  0.103195E+02
  0.103199E+02
  0.103203E+02
  0.103208E+02
  0.103212E+02
  0.103216E+02
  0.103220E+02
  0.103225E+02
  0.103229E+02
  0.103233E+02
  0.103238E+02
  0.103242E+02
  0.103246E+02
  0.103250E+02
  0.103255E+02
  0.103259E+02
  0.103263E+02
  0.103267E+02
  0.103272E+02
  0.103276E+02
  0.103280E+02
  0.103284E+02
  0.103289E+02
  0.103293E+02
  0.103297E+02
  0.103301E+02
  0.103306E+02
  0.103310E+02
  0.103314E+02
  0.103318E+02
  0.103323E+02
  0.103327E+02
  0.103331E+02
  0.103335E+02
  0.103340E+02
  0.103344E+02
  0.103348E+02
  0.103352E+02
  0.103357E+02
  0.103361E+02
  0.103365E+02
  0.103369E+02
  0.103374E+02
  0.103378E+02
  0.103382E+02
  0.103386E+02
  0.103391E+02
  0.103395E+02
  0.103399E+02
  0.103403E+02
  0.103408E+02
  0.103412E+02
  0.103416E+02
  0.103420E+02
  0.103425E+02
  0.103429E+02
  0.103433E+02
  0.103437E+02
  0.103442E+02
  0.103446E+02
  0.103450E+02
  0.103454E+02
  0.103459E+02
  0.103463E+02
  0.103467E+02
  0.103471E+02
  0.103476E+02
  0.103480E+02
  0.103484E+02
  0.103488E+02
  0.103492E+02
  0.103497E+02
  0.103501E+02
  0.103505E+02
  0.103509E+02
  0.103514E+02
  0.103518E+02
  0.103522E+02
  0.103526E+02
  0.103531E+02
  0.103535E+02
  0.103539E+02
  0.103543E+02
  0.103548E+02
  0.103552E+02
  0.103556E+02
  0.103560E+02
  0.103564E+02
  0.103569E+02
  0.103573E+02
  0.103577E+02
  0.103581E+02
  0.103586E+02
  0.103590E+02
  0.103594E+02
  0.103598E+02
  0.103603E+02
  0.103607E+02
  0.103611E+02
  0.103615E+02
  0.103619E+02
  0.103624E+02
  0.103628E+02
  0.103632E+02
  0.103636E+02
  0.103641E+02
  0.103645E+02
  0.103649E+02
  0.103653E+02
  0.103657E+02
  0.103662E+02
  0.103666E+02
  0.103670E+02
  0.103674E+02
  0.103679E+02
  0.103683E+02
  0.103687E+02
  0.103691E+02
  0.103695E+02
  0.103700E+02
  0.103704E+02
  0.103708E+02
  0.103712E+02
  0.103717E+02
  0.103721E+02
  0.103725E+02
  0.103729E+02
  0.103733E+02
  0.103738E+02
  0.103742E+02
  0.103746E+02
  0.103750E+02
  0.103754E+02
  0.103759E+02
  0.103763E+02
  0.103767E+02
  0.103771E+02
  0.103776E+02
  0.103780E+02
  0.103784E+02
  0.103788E+02
  0.103792E+02
  0.103797E+02
  0.103801E+02
  0.103805E+02
  0.103809E+02
  0.103813E+02
  0.103818E+02
  0.103822E+02
  0.103826E+02
  0.103830E+02
  0.103834E+02
  0.103839E+02
  0.103843E+02
  0.103847E+02
  0.103851E+02
  0.103855E+02
  0.103860E+02
  0.103864E+02
  0.103868E+02
  0.103872E+02
  0.103876E+02
  0.103881E+02
  0.103885E+02
  0.103889E+02
  0.103893E+02
  0.103897E+02
  0.103902E+02
  0.103906E+02
  0.103910E+02
  0.103914E+02
  0.103918E+02
  0.103923E+02
  0.103927E+02
  0.103931E+02
  0.103935E+02
  0.103939E+02
  0.103944E+02
  0.103948E+02
  0.103952E+02
  0.103956E+02
  0.103960E+02
  0.103965E+02
  0.103969E+02
  0.103973E+02
  0.103977E+02
  0.103981E+02
  0.103986E+02
  0.103990E+02
  0.103994E+02
  0.103998E+02
  0.104002E+02
  0.104007E+02
  0.104011E+02
  0.104015E+02
  0.104019E+02
  0.104023E+02
  0.104027E+02
  0.104032E+02
  0.104036E+02
  0.104040E+02
  0.104044E+02
  0.104048E+02
  0.104053E+02
  0.104057E+02
  0.104061E+02
  0.104065E+02
  0.104069E+02
  0.104074E+02
  0.104078E+02
  0.104082E+02
  0.104086E+02
  0.104090E+02
  0.104094E+02
  0.104099E+02
  0.104103E+02
  0.104107E+02
  0.104111E+02
  0.104115E+02
  0.104119E+02
  0.104124E+02
  0.104128E+02
  0.104132E+02
  0.104136E+02
  0.104140E+02
  0.104145E+02
  0.104149E+02
  0.104153E+02
  0.104157E+02
  0.104161E+02
  0.104165E+02
  0.104170E+02
  0.104174E+02
  0.104178E+02
  0.104182E+02
  0.104186E+02
  0.104190E+02
  0.104195E+02
  0.104199E+02
  0.104203E+02
  0.104207E+02
  0.104211E+02
  0.104216E+02
  0.104220E+02
  0.104224E+02
  0.104228E+02
  0.104232E+02
  0.104236E+02
  0.104241E+02
  0.104245E+02
  0.104249E+02
  0.104253E+02
  0.104257E+02
  0.104261E+02
  0.104266E+02
  0.104270E+02
  0.104274E+02
  0.104278E+02
  0.104282E+02
  0.104286E+02
  0.104291E+02
  0.104295E+02
  0.104299E+02
  0.104303E+02
  0.104307E+02
  0.104311E+02
  0.104316E+02
  0.104320E+02
  0.104324E+02
  0.104328E+02
  0.104332E+02
  0.104336E+02
  0.104340E+02
  0.104345E+02
  0.104349E+02
  0.104353E+02
  0.104357E+02
  0.104361E+02
  0.104365E+02
  0.104370E+02
  0.104374E+02
  0.104378E+02
  0.104382E+02
  0.104386E+02
  0.104390E+02
  0.104394E+02
  0.104399E+02
  0.104403E+02
  0.104407E+02
  0.104411E+02
  0.104415E+02
  0.104419E+02
  0.104424E+02
  0.104428E+02
  0.104432E+02
  0.104436E+02
  0.104440E+02
  0.104444E+02
  0.104448E+02
  0.104453E+02
  0.104457E+02
  0.104461E+02
  0.104465E+02
  0.104469E+02
  0.104473E+02
  0.104478E+02
  0.104482E+02
  0.104486E+02
  0.104490E+02
  0.104494E+02
  0.104498E+02
  0.104502E+02
  0.104507E+02
  0.104511E+02
  0.104515E+02
  0.104519E+02
  0.104523E+02
  0.104527E+02
  0.104531E+02
  0.104536E+02
  0.104540E+02
  0.104544E+02
  0.104548E+02
  0.104552E+02
  0.104556E+02
  0.104560E+02
  0.104565E+02
  0.104569E+02
  0.104573E+02
  0.104577E+02
  0.104581E+02
  0.104585E+02
  0.104589E+02
  0.104593E+02
  0.104598E+02
  0.104602E+02
  0.104606E+02
  0.104610E+02
  0.104614E+02
  0.104618E+02
  0.104622E+02
  0.104627E+02
  0.104631E+02
  0.104635E+02
  0.104639E+02
  0.104643E+02
  0.104647E+02
  0.104651E+02
  0.104655E+02
  0.104660E+02
  0.104664E+02
  0.104668E+02
  0.104672E+02
  0.104676E+02
  0.104680E+02
  0.104684E+02
  0.104688E+02
  0.104693E+02
  0.104697E+02
  0.104701E+02
  0.104705E+02
  0.104709E+02
  0.104713E+02
  0.104717E+02
  0.104722E+02
  0.104726E+02
  0.104730E+02
  0.104734E+02
  0.104738E+02
  0.104742E+02
  0.104746E+02
  0.104750E+02
  0.104754E+02
  0.104759E+02
  0.104763E+02
  0.104767E+02
  0.104771E+02
  0.104775E+02
  0.104779E+02
  0.104783E+02
  0.104787E+02
  0.104792E+02
  0.104796E+02
  0.104800E+02
  0.104804E+02
  0.104808E+02
  0.104812E+02
  0.104816E+02
  0.104820E+02
  0.104825E+02
  0.104829E+02
  0.104833E+02
  0.104837E+02
  0.104841E+02
  0.104845E+02
  0.104849E+02
  0.104853E+02
  0.104857E+02
  0.104862E+02
  0.104866E+02
  0.104870E+02
  0.104874E+02
  0.104878E+02
  0.104882E+02
  0.104886E+02
  0.104890E+02
  0.104894E+02
  0.104899E+02
  0.104903E+02
  0.104907E+02
  0.104911E+02
  0.104915E+02
  0.104919E+02
  0.104923E+02
  0.104927E+02
  0.104931E+02
  0.104935E+02
  0.104940E+02
  0.104944E+02
  0.104948E+02
  0.104952E+02
  0.104956E+02
  0.104960E+02
  0.104964E+02
  0.104968E+02
  0.104972E+02
  0.104977E+02
  0.104981E+02
  0.104985E+02
  0.104989E+02
  0.104993E+02
  0.104997E+02
  0.105001E+02
  0.105005E+02
  0.105009E+02
  0.105013E+02
  0.105018E+02
  0.105022E+02
  0.105026E+02
  0.105030E+02
  0.105034E+02
  0.105038E+02
  0.105042E+02
  0.105046E+02
  0.105050E+02
  0.105054E+02
  0.105058E+02
  0.105063E+02
  0.105067E+02
  0.105071E+02
  0.105075E+02
  0.105079E+02
  0.105083E+02
  0.105087E+02
  0.105091E+02
  0.105095E+02
  0.105099E+02
  0.105103E+02
  0.105108E+02
  0.105112E+02
  0.105116E+02
  0.105120E+02
  0.105124E+02
  0.105128E+02
  0.105132E+02
  0.105136E+02
  0.105140E+02
  0.105144E+02
  0.105148E+02
  0.105153E+02
  0.105157E+02
  0.105161E+02
  0.105165E+02
  0.105169E+02
  0.105173E+02
  0.105177E+02
  0.105181E+02
  0.105185E+02
  0.105189E+02
  0.105193E+02
  0.105197E+02
  0.105202E+02
  0.105206E+02
  0.105210E+02
  0.105214E+02
  0.105218E+02
  0.105222E+02
  0.105226E+02
  0.105230E+02
  0.105234E+02
  0.105238E+02
  0.105242E+02
  0.105246E+02
  0.105251E+02
  0.105255E+02
  0.105259E+02
  0.105263E+02
  0.105267E+02
  0.105271E+02
  0.105275E+02
  0.105279E+02
  0.105283E+02
  0.105287E+02
  0.105291E+02
  0.105295E+02
  0.105299E+02
  0.105304E+02
  0.105308E+02
  0.105312E+02
  0.105316E+02
  0.105320E+02
  0.105324E+02
  0.105328E+02
  0.105332E+02
  0.105336E+02
  0.105340E+02
  0.105344E+02
  0.105348E+02
  0.105352E+02
  0.105356E+02
  0.105361E+02
  0.105365E+02
  0.105369E+02
  0.105373E+02
  0.105377E+02
  0.105381E+02
  0.105385E+02
  0.105389E+02
  0.105393E+02
  0.105397E+02
  0.105401E+02
  0.105405E+02
  0.105409E+02
  0.105413E+02
  0.105417E+02
  0.105422E+02
  0.105426E+02
  0.105430E+02
  0.105434E+02
  0.105438E+02
  0.105442E+02
  0.105446E+02
  0.105450E+02
  0.105454E+02
  0.105458E+02
  0.105462E+02
  0.105466E+02
  0.105470E+02
  0.105474E+02
  0.105478E+02
  0.105482E+02
  0.105487E+02
  0.105491E+02
  0.105495E+02
  0.105499E+02
  0.105503E+02
  0.105507E+02
  0.105511E+02
  0.105515E+02
  0.105519E+02
  0.105523E+02
  0.105527E+02
  0.105531E+02
  0.105535E+02
  0.105539E+02
  0.105543E+02
  0.105547E+02
  0.105551E+02
  0.105555E+02
  0.105560E+02
  0.105564E+02
  0.105568E+02
  0.105572E+02
  0.105576E+02
  0.105580E+02
  0.105584E+02
  0.105588E+02
  0.105592E+02
  0.105596E+02
  0.105600E+02
  0.105604E+02
  0.105608E+02
  0.105612E+02
  0.105616E+02
  0.105620E+02
  0.105624E+02
  0.105628E+02
  0.105632E+02
  0.105636E+02
  0.105641E+02
  0.105645E+02
  0.105649E+02
  0.105653E+02
  0.105657E+02
  0.105661E+02
  0.105665E+02
  0.105669E+02
  0.105673E+02
  0.105677E+02
  0.105681E+02
  0.105685E+02
  0.105689E+02
  0.105693E+02
  0.105697E+02
  0.105701E+02
  0.105705E+02
  0.105709E+02
  0.105713E+02
  0.105717E+02
  0.105721E+02
  0.105725E+02
  0.105729E+02
  0.105733E+02
  0.105738E+02
  0.105742E+02
  0.105746E+02
  0.105750E+02
  0.105754E+02
  0.105758E+02
  0.105762E+02
  0.105766E+02
  0.105770E+02
  0.105774E+02
  0.105778E+02
  0.105782E+02
  0.105786E+02
  0.105790E+02
  0.105794E+02
  0.105798E+02
  0.105802E+02
  0.105806E+02
  0.105810E+02
  0.105814E+02
  0.105818E+02
  0.105822E+02
  0.105826E+02
  0.105830E+02
  0.105834E+02
  0.105838E+02
  0.105842E+02
  0.105846E+02
  0.105850E+02
  0.105854E+02
  0.105859E+02
  0.105863E+02
  0.105867E+02
  0.105871E+02
  0.105875E+02
  0.105879E+02
  0.105883E+02
  0.105887E+02
  0.105891E+02
  0.105895E+02
  0.105899E+02
  0.105903E+02
  0.105907E+02
  0.105911E+02
  0.105915E+02
  0.105919E+02
  0.105923E+02
  0.105927E+02
  0.105931E+02
  0.105935E+02
  0.105939E+02
  0.105943E+02
  0.105947E+02
  0.105951E+02
  0.105955E+02
  0.105959E+02
  0.105963E+02
  0.105967E+02
  0.105971E+02
  0.105975E+02
  0.105979E+02
  0.105983E+02
  0.105987E+02
  0.105991E+02
  0.105995E+02
  0.105999E+02
  0.106003E+02
  0.106007E+02
  0.106011E+02
  0.106015E+02
  0.106019E+02
  0.106023E+02
  0.106027E+02
  0.106031E+02
  0.106035E+02
  0.106039E+02
  0.106043E+02
  0.106047E+02
  0.106051E+02
  0.106055E+02
  0.106060E+02
  0.106064E+02
  0.106068E+02
  0.106072E+02
  0.106076E+02
  0.106080E+02
  0.106084E+02
  0.106088E+02
  0.106092E+02
  0.106096E+02
  0.106100E+02
  0.106104E+02
  0.106108E+02
  0.106112E+02
  0.106116E+02
  0.106120E+02
  0.106124E+02
  0.106128E+02
  0.106132E+02
  0.106136E+02
  0.106140E+02
  0.106144E+02
  0.106148E+02
  0.106152E+02
  0.106156E+02
  0.106160E+02
  0.106164E+02
  0.106168E+02
  0.106172E+02
  0.106176E+02
  0.106180E+02
  0.106184E+02
  0.106188E+02
  0.106192E+02
  0.106196E+02
  0.106200E+02
  0.106204E+02
  0.106208E+02
  0.106212E+02
  0.106216E+02
  0.106220E+02
  0.106224E+02
  0.106228E+02
  0.106232E+02
  0.106236E+02
  0.106240E+02
  0.106244E+02
  0.106248E+02
  0.106252E+02
  0.106256E+02
  0.106260E+02
  0.106264E+02
  0.106268E+02
  0.106272E+02
  0.106276E+02
  0.106280E+02
  0.106284E+02
  0.106288E+02
  0.106292E+02
  0.106296E+02
  0.106300E+02
  0.106304E+02
  0.106308E+02
  0.106312E+02
  0.106316E+02
  0.106320E+02
  0.106324E+02
  0.106328E+02
  0.106332E+02
  0.106336E+02
  0.106340E+02
  0.106344E+02
  0.106347E+02
  0.106351E+02
  0.106355E+02
  0.106359E+02
  0.106363E+02
  0.106367E+02
  0.106371E+02
  0.106375E+02
  0.106379E+02
  0.106383E+02
  0.106387E+02
  0.106391E+02
  0.106395E+02
  0.106399E+02
  0.106403E+02
  0.106407E+02
  0.106411E+02
  0.106415E+02
  0.106419E+02
  0.106423E+02
  0.106427E+02
  0.106431E+02
  0.106435E+02
  0.106439E+02
  0.106443E+02
  0.106447E+02
  0.106451E+02
  0.106455E+02
  0.106459E+02
  0.106463E+02
  0.106467E+02
  0.106471E+02
  0.106475E+02
  0.106479E+02
  0.106483E+02
  0.106487E+02
  0.106491E+02
  0.106495E+02
  0.106499E+02
  0.106503E+02
  0.106507E+02
  0.106511E+02
  0.106515E+02
  0.106519E+02
  0.106523E+02
  0.106527E+02
  0.106531E+02
  0.106535E+02
  0.106539E+02
  0.106543E+02
  0.106546E+02
  0.106550E+02
  0.106554E+02
  0.106558E+02
  0.106562E+02
  0.106566E+02
  0.106570E+02
  0.106574E+02
  0.106578E+02
  0.106582E+02
  0.106586E+02
  0.106590E+02
  0.106594E+02
  0.106598E+02
  0.106602E+02
  0.106606E+02
  0.106610E+02
  0.106614E+02
  0.106618E+02
  0.106622E+02
  0.106626E+02
  0.106630E+02
  0.106634E+02
  0.106638E+02
  0.106642E+02
  0.106646E+02
  0.106650E+02
  0.106654E+02
  0.106658E+02
  0.106662E+02
  0.106666E+02
  0.106669E+02
  0.106673E+02
  0.106677E+02
  0.106681E+02
  0.106685E+02
  0.106689E+02
  0.106693E+02
  0.106697E+02
  0.106701E+02
  0.106705E+02
  0.106709E+02
  0.106713E+02
  0.106717E+02
  0.106721E+02
  0.106725E+02
  0.106729E+02
  0.106733E+02
  0.106737E+02
  0.106741E+02
  0.106745E+02
  0.106749E+02
  0.106753E+02
  0.106757E+02
  0.106761E+02
  0.106764E+02
  0.106768E+02
  0.106772E+02
  0.106776E+02
  0.106780E+02
  0.106784E+02
  0.106788E+02
  0.106792E+02
  0.106796E+02
  0.106800E+02
  0.106804E+02
  0.106808E+02
  0.106812E+02
  0.106816E+02
  0.106820E+02
  0.106824E+02
  0.106828E+02
  0.106832E+02
  0.106836E+02
  0.106840E+02
  0.106843E+02
  0.106847E+02
  0.106851E+02
  0.106855E+02
  0.106859E+02
  0.106863E+02
  0.106867E+02
  0.106871E+02
  0.106875E+02
  0.106879E+02
  0.106883E+02
  0.106887E+02
  0.106891E+02
  0.106895E+02
  0.106899E+02
  0.106903E+02
  0.106907E+02
  0.106911E+02
  0.106915E+02
  0.106918E+02
  0.106922E+02
  0.106926E+02
  0.106930E+02
  0.106934E+02
  0.106938E+02
  0.106942E+02
  0.106946E+02
  0.106950E+02
  0.106954E+02
  0.106958E+02
  0.106962E+02
  0.106966E+02
  0.106970E+02
  0.106974E+02
  0.106978E+02
  0.106981E+02
  0.106985E+02
  0.106989E+02
  0.106993E+02
  0.106997E+02
  0.107001E+02
  0.107005E+02
  0.107009E+02
  0.107013E+02
  0.107017E+02
  0.107021E+02
  0.107025E+02
  0.107029E+02
  0.107033E+02
  0.107037E+02
  0.107041E+02
  0.107044E+02
  0.107048E+02
  0.107052E+02
  0.107056E+02
  0.107060E+02
  0.107064E+02
  0.107068E+02
  0.107072E+02
  0.107076E+02
  0.107080E+02
  0.107084E+02
  0.107088E+02
  0.107092E+02
  0.107096E+02
  0.107099E+02
  0.107103E+02
  0.107107E+02
  0.107111E+02
  0.107115E+02
  0.107119E+02
  0.107123E+02
  0.107127E+02
  0.107131E+02
  0.107135E+02
  0.107139E+02
  0.107143E+02
  0.107147E+02
  0.107150E+02
  0.107154E+02
  0.107158E+02
  0.107162E+02
  0.107166E+02
  0.107170E+02
  0.107174E+02
  0.107178E+02
  0.107182E+02
  0.107186E+02
  0.107190E+02
  0.107194E+02
  0.107198E+02
  0.107201E+02
  0.107205E+02
  0.107209E+02
  0.107213E+02
  0.107217E+02
  0.107221E+02
  0.107225E+02
  0.107229E+02
  0.107233E+02
  0.107237E+02
  0.107241E+02
  0.107245E+02
  0.107248E+02
  0.107252E+02
  0.107256E+02
  0.107260E+02
  0.107264E+02
  0.107268E+02
  0.107272E+02
  0.107276E+02
  0.107280E+02
  0.107284E+02
  0.107288E+02
  0.107292E+02
  0.107295E+02
  0.107299E+02
  0.107303E+02
  0.107307E+02
  0.107311E+02
  0.107315E+02
  0.107319E+02
  0.107323E+02
  0.107327E+02
  0.107331E+02
  0.107335E+02
  0.107338E+02
  0.107342E+02
  0.107346E+02
  0.107350E+02
  0.107354E+02
  0.107358E+02
  0.107362E+02
  0.107366E+02
  0.107370E+02
  0.107374E+02
  0.107378E+02
  0.107381E+02
  0.107385E+02
  0.107389E+02
  0.107393E+02
  0.107397E+02
  0.107401E+02
  0.107405E+02
  0.107409E+02
  0.107413E+02
  0.107417E+02
  0.107420E+02
  0.107424E+02
  0.107428E+02
  0.107432E+02
  0.107436E+02
  0.107440E+02
  0.107444E+02
  0.107448E+02
  0.107452E+02
  0.107456E+02
  0.107460E+02
  0.107463E+02
  0.107467E+02
  0.107471E+02
  0.107475E+02
  0.107479E+02
  0.107483E+02
  0.107487E+02
  0.107491E+02
  0.107495E+02
  0.107498E+02
  0.107502E+02
  0.107506E+02
  0.107510E+02
  0.107514E+02
  0.107518E+02
  0.107522E+02
  0.107526E+02
  0.107530E+02
  0.107534E+02
  0.107537E+02
  0.107541E+02
  0.107545E+02
  0.107549E+02
  0.107553E+02
  0.107557E+02
  0.107561E+02
  0.107565E+02
  0.107569E+02
  0.107572E+02
  0.107576E+02
  0.107580E+02
  0.107584E+02
  0.107588E+02
  0.107592E+02
  0.107596E+02
  0.107600E+02
  0.107604E+02
  0.107607E+02
  0.107611E+02
  0.107615E+02
  0.107619E+02
  0.107623E+02
  0.107627E+02
  0.107631E+02
  0.107635E+02
  0.107639E+02
  0.107642E+02
  0.107646E+02
  0.107650E+02
  0.107654E+02
  0.107658E+02
  0.107662E+02
  0.107666E+02
  0.107670E+02
  0.107674E+02
  0.107677E+02
  0.107681E+02
  0.107685E+02
  0.107689E+02
  0.107693E+02
  0.107697E+02
  0.107701E+02
  0.107705E+02
  0.107708E+02
  0.107712E+02
  0.107716E+02
  0.107720E+02
  0.107724E+02
  0.107728E+02
  0.107732E+02
  0.107736E+02
  0.107739E+02
  0.107743E+02
  0.107747E+02
  0.107751E+02
  0.107755E+02
  0.107759E+02
  0.107763E+02
  0.107767E+02
  0.107770E+02
  0.107774E+02
  0.107778E+02
  0.107782E+02
  0.107786E+02
  0.107790E+02
  0.107794E+02
  0.107798E+02
  0.107801E+02
  0.107805E+02
  0.107809E+02
  0.107813E+02
  0.107817E+02
  0.107821E+02
  0.107825E+02
  0.107829E+02
  0.107832E+02
  0.107836E+02
  0.107840E+02
  0.107844E+02
  0.107848E+02
  0.107852E+02
  0.107856E+02
  0.107860E+02
  0.107863E+02
  0.107867E+02
  0.107871E+02
  0.107875E+02
  0.107879E+02
  0.107883E+02
  0.107887E+02
  0.107890E+02
  0.107894E+02
  0.107898E+02
  0.107902E+02
  0.107906E+02
  0.107910E+02
  0.107914E+02
  0.107918E+02
  0.107921E+02
  0.107925E+02
  0.107929E+02
  0.107933E+02
  0.107937E+02
  0.107941E+02
  0.107945E+02
  0.107948E+02
  0.107952E+02
  0.107956E+02
  0.107960E+02
  0.107964E+02
  0.107968E+02
  0.107972E+02
  0.107975E+02
  0.107979E+02
  0.107983E+02
  0.107987E+02
  0.107991E+02
  0.107995E+02
  0.107999E+02
  0.108002E+02
  0.108006E+02
  0.108010E+02
  0.108014E+02
  0.108018E+02
  0.108022E+02
  0.108026E+02
  0.108029E+02
  0.108033E+02
  0.108037E+02
  0.108041E+02
  0.108045E+02
  0.108049E+02
  0.108053E+02
  0.108056E+02
  0.108060E+02
  0.108064E+02
  0.108068E+02
  0.108072E+02
  0.108076E+02
  0.108080E+02
  0.108083E+02
  0.108087E+02
  0.108091E+02
  0.108095E+02
  0.108099E+02
  0.108103E+02
  0.108106E+02
  0.108110E+02
  0.108114E+02
  0.108118E+02
  0.108122E+02
  0.108126E+02
  0.108130E+02
  0.108133E+02
  0.108137E+02
  0.108141E+02
  0.108145E+02
  0.108149E+02
  0.108153E+02
  0.108157E+02
  0.108160E+02
  0.108164E+02
  0.108168E+02
  0.108172E+02
  0.108176E+02
  0.108180E+02
  0.108183E+02
  0.108187E+02
  0.108191E+02
  0.108195E+02
  0.108199E+02
  0.108203E+02
  0.108206E+02
  0.108210E+02
  0.108214E+02
  0.108218E+02
  0.108222E+02
  0.108226E+02
  0.108230E+02
  0.108233E+02
  0.108237E+02
  0.108241E+02
  0.108245E+02
  0.108249E+02
  0.108253E+02
  0.108256E+02
  0.108260E+02
  0.108264E+02
  0.108268E+02
  0.108272E+02
  0.108276E+02
  0.108279E+02
  0.108283E+02
  0.108287E+02
  0.108291E+02
  0.108295E+02
  0.108299E+02
  0.108302E+02
  0.108306E+02
  0.108310E+02
  0.108314E+02
  0.108318E+02
  0.108322E+02
  0.108325E+02
  0.108329E+02
  0.108333E+02
  0.108337E+02
  0.108341E+02
  0.108345E+02
  0.108348E+02
  0.108352E+02
  0.108356E+02
  0.108360E+02
  0.108364E+02
  0.108368E+02
  0.108371E+02
  0.108375E+02
  0.108379E+02
  0.108383E+02
  0.108387E+02
  0.108391E+02
  0.108394E+02
  0.108398E+02
  0.108402E+02
  0.108406E+02
  0.108410E+02
  0.108414E+02
  0.108417E+02
  0.108421E+02
  0.108425E+02
  0.108429E+02
  0.108433E+02
  0.108437E+02
  0.108440E+02
  0.108444E+02
  0.108448E+02
  0.108452E+02
  0.108456E+02
  0.108459E+02
  0.108463E+02
  0.108467E+02
  0.108471E+02
  0.108475E+02
  0.108479E+02
  0.108482E+02
  0.108486E+02
  0.108490E+02
  0.108494E+02
  0.108498E+02
  0.108502E+02
  0.108505E+02
  0.108509E+02
  0.108513E+02
  0.108517E+02
  0.108521E+02
  0.108524E+02
  0.108528E+02
  0.108532E+02
  0.108536E+02
  0.108540E+02
  0.108544E+02
  0.108547E+02
  0.108551E+02
  0.108555E+02
  0.108559E+02
  0.108563E+02
  0.108566E+02
  0.108570E+02
  0.108574E+02
  0.108578E+02
  0.108582E+02
  0.108586E+02
  0.108589E+02
  0.108593E+02
  0.108597E+02
  0.108601E+02
  0.108605E+02
  0.108608E+02
  0.108612E+02
  0.108616E+02
  0.108620E+02
  0.108624E+02
  0.108628E+02
  0.108631E+02
  0.108635E+02
  0.108639E+02
  0.108643E+02
  0.108647E+02
  0.108650E+02
  0.108654E+02
  0.108658E+02
  0.108662E+02
  0.108666E+02
  0.108669E+02
  0.108673E+02
  0.108677E+02
  0.108681E+02
  0.108685E+02
  0.108688E+02
  0.108692E+02
  0.108696E+02
  0.108700E+02
  0.108704E+02
  0.108708E+02
  0.108711E+02
  0.108715E+02
  0.108719E+02
  0.108723E+02
  0.108727E+02
  0.108730E+02
  0.108734E+02
  0.108738E+02
  0.108742E+02
  0.108746E+02
  0.108749E+02
  0.108753E+02
  0.108757E+02
  0.108761E+02
  0.108765E+02
  0.108768E+02
  0.108772E+02
  0.108776E+02
  0.108780E+02
  0.108784E+02
  0.108787E+02
  0.108791E+02
  0.108795E+02
  0.108799E+02
  0.108803E+02
  0.108806E+02
  0.108810E+02
  0.108814E+02
  0.108818E+02
  0.108822E+02
  0.108825E+02
  0.108829E+02
  0.108833E+02
  0.108837E+02
  0.108841E+02
  0.108844E+02
  0.108848E+02
  0.108852E+02
  0.108856E+02
  0.108860E+02
  0.108863E+02
  0.108867E+02
  0.108871E+02
  0.108875E+02
  0.108879E+02
  0.108882E+02
  0.108886E+02
  0.108890E+02
  0.108894E+02
  0.108898E+02
  0.108901E+02
  0.108905E+02
  0.108909E+02
  0.108913E+02
  0.108916E+02
  0.108920E+02
  0.108924E+02
  0.108928E+02
  0.108932E+02
  0.108935E+02
  0.108939E+02
  0.108943E+02
  0.108947E+02
  0.108951E+02
  0.108954E+02
  0.108958E+02
  0.108962E+02
  0.108966E+02
  0.108970E+02
  0.108973E+02
  0.108977E+02
  0.108981E+02
  0.108985E+02
  0.108989E+02
  0.108992E+02
  0.108996E+02
  0.109000E+02
  0.109004E+02
  0.109007E+02
  0.109011E+02
  0.109015E+02
  0.109019E+02
  0.109023E+02
  0.109026E+02
  0.109030E+02
  0.109034E+02
  0.109038E+02
  0.109042E+02
  0.109045E+02
  0.109049E+02
  0.109053E+02
  0.109057E+02
  0.109060E+02
  0.109064E+02
  0.109068E+02
  0.109072E+02
  0.109076E+02
  0.109079E+02
  0.109083E+02
  0.109087E+02
  0.109091E+02
  0.109094E+02
  0.109098E+02
  0.109102E+02
  0.109106E+02
  0.109110E+02
  0.109113E+02
  0.109117E+02
  0.109121E+02
  0.109125E+02
  0.109128E+02
  0.109132E+02
  0.109136E+02
  0.109140E+02
  0.109144E+02
  0.109147E+02
  0.109151E+02
  0.109155E+02
  0.109159E+02
  0.109162E+02
  0.109166E+02
  0.109170E+02
  0.109174E+02
  0.109178E+02
  0.109181E+02
  0.109185E+02
  0.109189E+02
  0.109193E+02
  0.109196E+02
  0.109200E+02
  0.109204E+02
  0.109208E+02
  0.109212E+02
  0.109215E+02
  0.109219E+02
  0.109223E+02
  0.109227E+02
  0.109230E+02
  0.109234E+02
  0.109238E+02
  0.109242E+02
  0.109245E+02
  0.109249E+02
  0.109253E+02
  0.109257E+02
  0.109261E+02
  0.109264E+02
  0.109268E+02
  0.109272E+02
  0.109276E+02
  0.109279E+02
  0.109283E+02
  0.109287E+02
  0.109291E+02
  0.109294E+02
  0.109298E+02
  0.109302E+02
  0.109306E+02
  0.109309E+02
  0.109313E+02
  0.109317E+02
  0.109321E+02
  0.109325E+02
  0.109328E+02
  0.109332E+02
  0.109336E+02
  0.109340E+02
  0.109343E+02
  0.109347E+02
  0.109351E+02
  0.109355E+02
  0.109358E+02
  0.109362E+02
  0.109366E+02
  0.109370E+02
  0.109373E+02
  0.109377E+02
  0.109381E+02
  0.109385E+02
  0.109388E+02
  0.109392E+02
  0.109396E+02
  0.109400E+02
  0.109404E+02
  0.109407E+02
  0.109411E+02
  0.109415E+02
  0.109419E+02
  0.109422E+02
  0.109426E+02
  0.109430E+02
  0.109434E+02
  0.109437E+02
  0.109441E+02
  0.109445E+02
  0.109449E+02
  0.109452E+02
  0.109456E+02
  0.109460E+02
  0.109464E+02
  0.109467E+02
  0.109471E+02
  0.109475E+02
  0.109479E+02
  0.109482E+02
  0.109486E+02
  0.109490E+02
  0.109494E+02
  0.109497E+02
  0.109501E+02
  0.109505E+02
  0.109509E+02
  0.109512E+02
  0.109516E+02
  0.109520E+02
  0.109524E+02
  0.109527E+02
  0.109531E+02
  0.109535E+02
  0.109539E+02
  0.109542E+02
  0.109546E+02
  0.109550E+02
  0.109554E+02
  0.109557E+02
  0.109561E+02
  0.109565E+02
  0.109569E+02
  0.109572E+02
  0.109576E+02
  0.109580E+02
  0.109584E+02
  0.109587E+02
  0.109591E+02
  0.109595E+02
  0.109599E+02
  0.109602E+02
  0.109606E+02
  0.109610E+02
  0.109614E+02
  0.109617E+02
  0.109621E+02
  0.109625E+02
  0.109629E+02
  0.109632E+02
  0.109636E+02
  0.109640E+02
  0.109644E+02
  0.109647E+02
  0.109651E+02
  0.109655E+02
  0.109659E+02
  0.109662E+02
  0.109666E+02
  0.109670E+02
  0.109673E+02
  0.109677E+02
  0.109681E+02
  0.109685E+02
  0.109688E+02
  0.109692E+02
  0.109696E+02
  0.109700E+02
  0.109703E+02
  0.109707E+02
  0.109711E+02
  0.109715E+02
  0.109718E+02
  0.109722E+02
  0.109726E+02
  0.109730E+02
  0.109733E+02
  0.109737E+02
  0.109741E+02
  0.109745E+02
  0.109748E+02
  0.109752E+02
  0.109756E+02
  0.109759E+02
  0.109763E+02
  0.109767E+02
  0.109771E+02
  0.109774E+02
  0.109778E+02
  0.109782E+02
  0.109786E+02
  0.109789E+02
  0.109793E+02
  0.109797E+02
  0.109801E+02
  0.109804E+02
  0.109808E+02
  0.109812E+02
  0.109815E+02
  0.109819E+02
  0.109823E+02
  0.109827E+02
  0.109830E+02
  0.109834E+02
  0.109838E+02
  0.109842E+02
  0.109845E+02
  0.109849E+02
  0.109853E+02
  0.109856E+02
  0.109860E+02
  0.109864E+02
  0.109868E+02
  0.109871E+02
  0.109875E+02
  0.109879E+02
  0.109883E+02
  0.109886E+02
  0.109890E+02
  0.109894E+02
  0.109897E+02
  0.109901E+02
  0.109905E+02
  0.109909E+02
  0.109912E+02
  0.109916E+02
  0.109920E+02
  0.109924E+02
  0.109927E+02
  0.109931E+02
  0.109935E+02
  0.109938E+02
  0.109942E+02
  0.109946E+02
  0.109950E+02
  0.109953E+02
  0.109957E+02
  0.109961E+02
  0.109964E+02
  0.109968E+02
  0.109972E+02
  0.109976E+02
  0.109979E+02
  0.109983E+02
  0.109987E+02
  0.109990E+02
  0.109994E+02
  0.109998E+02
  0.110002E+02
  0.110005E+02
  0.110009E+02
  0.110013E+02
  0.110017E+02
  0.110020E+02
  0.110024E+02
  0.110028E+02
  0.110031E+02
  0.110035E+02
  0.110039E+02
  0.110043E+02
  0.110046E+02
  0.110050E+02
  0.110054E+02
  0.110057E+02
  0.110061E+02
  0.110065E+02
  0.110069E+02
  0.110072E+02
  0.110076E+02
  0.110080E+02
  0.110083E+02
  0.110087E+02
  0.110091E+02
  0.110095E+02
  0.110098E+02
  0.110102E+02
  0.110106E+02
  0.110109E+02
  0.110113E+02
  0.110117E+02
  0.110120E+02
  0.110124E+02
  0.110128E+02
  0.110132E+02
  0.110135E+02
  0.110139E+02
  0.110143E+02
  0.110146E+02
  0.110150E+02
  0.110154E+02
  0.110158E+02
  0.110161E+02
  0.110165E+02
  0.110169E+02
  0.110172E+02
  0.110176E+02
  0.110180E+02
  0.110184E+02
  0.110187E+02
  0.110191E+02
  0.110195E+02
  0.110198E+02
  0.110202E+02
  0.110206E+02
  0.110209E+02
  0.110213E+02
  0.110217E+02
  0.110221E+02
  0.110224E+02
  0.110228E+02
  0.110232E+02
  0.110235E+02
  0.110239E+02
  0.110243E+02
  0.110246E+02
  0.110250E+02
  0.110254E+02
  0.110258E+02
  0.110261E+02
  0.110265E+02
  0.110269E+02
  0.110272E+02
  0.110276E+02
  0.110280E+02
  0.110283E+02
  0.110287E+02
  0.110291E+02
  0.110295E+02
  0.110298E+02
  0.110302E+02
  0.110306E+02
  0.110309E+02
  0.110313E+02
  0.110317E+02
  0.110320E+02
  0.110324E+02
  0.110328E+02
  0.110332E+02
  0.110335E+02
  0.110339E+02
  0.110343E+02
  0.110346E+02
  0.110350E+02
  0.110354E+02
  0.110357E+02
  0.110361E+02
  0.110365E+02
  0.110368E+02
  0.110372E+02
  0.110376E+02
  0.110380E+02
  0.110383E+02
  0.110387E+02
  0.110391E+02
  0.110394E+02
  0.110398E+02
  0.110402E+02
  0.110405E+02
  0.110409E+02
  0.110413E+02
  0.110416E+02
  0.110420E+02
  0.110424E+02
  0.110428E+02
  0.110431E+02
  0.110435E+02
  0.110439E+02
  0.110442E+02
  0.110446E+02
  0.110450E+02
  0.110453E+02
  0.110457E+02
  0.110461E+02
  0.110464E+02
  0.110468E+02
  0.110472E+02
  0.110475E+02
  0.110479E+02
  0.110483E+02
  0.110487E+02
  0.110490E+02
  0.110494E+02
  0.110498E+02
  0.110501E+02
  0.110505E+02
  0.110509E+02
  0.110512E+02
  0.110516E+02
  0.110520E+02
  0.110523E+02
  0.110527E+02
  0.110531E+02
  0.110534E+02
  0.110538E+02
  0.110542E+02
  0.110545E+02
  0.110549E+02
  0.110553E+02
  0.110556E+02
  0.110560E+02
  0.110564E+02
  0.110568E+02
  0.110571E+02
  0.110575E+02
  0.110579E+02
  0.110582E+02
  0.110586E+02
  0.110590E+02
  0.110593E+02
  0.110597E+02
  0.110601E+02
  0.110604E+02
  0.110608E+02
  0.110612E+02
  0.110615E+02
  0.110619E+02
  0.110623E+02
  0.110626E+02
  0.110630E+02
  0.110634E+02
  0.110637E+02
  0.110641E+02
  0.110645E+02
  0.110648E+02
  0.110652E+02
  0.110656E+02
  0.110659E+02
  0.110663E+02
  0.110667E+02
  0.110670E+02
  0.110674E+02
  0.110678E+02
  0.110681E+02
  0.110685E+02
  0.110689E+02
  0.110693E+02
  0.110696E+02
  0.110700E+02
  0.110704E+02
  0.110707E+02
  0.110711E+02
  0.110715E+02
  0.110718E+02
  0.110722E+02
  0.110726E+02
  0.110729E+02
  0.110733E+02
  0.110737E+02
  0.110740E+02
  0.110744E+02
  0.110748E+02
  0.110751E+02
  0.110755E+02
  0.110759E+02
  0.110762E+02
  0.110766E+02
  0.110770E+02
  0.110773E+02
  0.110777E+02
  0.110781E+02
  0.110784E+02
  0.110788E+02
  0.110792E+02
  0.110795E+02
  0.110799E+02
  0.110803E+02
  0.110806E+02
  0.110810E+02
  0.110814E+02
  0.110817E+02
  0.110821E+02
  0.110825E+02
  0.110828E+02
  0.110832E+02
  0.110836E+02
  0.110839E+02
  0.110843E+02
  0.110846E+02
  0.110850E+02
  0.110854E+02
  0.110857E+02
  0.110861E+02
  0.110865E+02
  0.110868E+02
  0.110872E+02
  0.110876E+02
  0.110879E+02
  0.110883E+02
  0.110887E+02
  0.110890E+02
  0.110894E+02
  0.110898E+02
  0.110901E+02
  0.110905E+02
  0.110909E+02
  0.110912E+02
  0.110916E+02
  0.110920E+02
  0.110923E+02
  0.110927E+02
  0.110931E+02
  0.110934E+02
  0.110938E+02
  0.110942E+02
  0.110945E+02
  0.110949E+02
  0.110953E+02
  0.110956E+02
  0.110960E+02
  0.110964E+02
  0.110967E+02
  0.110971E+02
  0.110974E+02
  0.110978E+02
  0.110982E+02
  0.110985E+02
  0.110989E+02
  0.110993E+02
  0.110996E+02
  0.111000E+02
  0.111004E+02
  0.111007E+02
  0.111011E+02
  0.111015E+02
  0.111018E+02
  0.111022E+02
  0.111026E+02
  0.111029E+02
  0.111033E+02
  0.111037E+02
  0.111040E+02
  0.111044E+02
  0.111047E+02
  0.111051E+02
  0.111055E+02
  0.111058E+02
  0.111062E+02
  0.111066E+02
  0.111069E+02
  0.111073E+02
  0.111077E+02
  0.111080E+02
  0.111084E+02
  0.111088E+02
  0.111091E+02
  0.111095E+02
  0.111099E+02
  0.111102E+02
  0.111106E+02
  0.111109E+02
  0.111113E+02
  0.111117E+02
  0.111120E+02
  0.111124E+02
  0.111128E+02
  0.111131E+02
  0.111135E+02
  0.111139E+02
  0.111142E+02
  0.111146E+02
  0.111150E+02
  0.111153E+02
  0.111157E+02
  0.111160E+02
  0.111164E+02
  0.111168E+02
  0.111171E+02
  0.111175E+02
  0.111179E+02
  0.111182E+02
  0.111186E+02
  0.111190E+02
  0.111193E+02
  0.111197E+02
  0.111201E+02
  0.111204E+02
  0.111208E+02
  0.111211E+02
  0.111215E+02
  0.111219E+02
  0.111222E+02
  0.111226E+02
  0.111230E+02
  0.111233E+02
  0.111237E+02
  0.111241E+02
  0.111244E+02
  0.111248E+02
  0.111251E+02
  0.111255E+02
  0.111259E+02
  0.111262E+02
  0.111266E+02
  0.111270E+02
  0.111273E+02
  0.111277E+02
  0.111281E+02
  0.111284E+02
  0.111288E+02
  0.111291E+02
  0.111295E+02
  0.111299E+02
  0.111302E+02
  0.111306E+02
  0.111310E+02
  0.111313E+02
  0.111317E+02
  0.111320E+02
  0.111324E+02
  0.111328E+02
  0.111331E+02
  0.111335E+02
  0.111339E+02
  0.111342E+02
  0.111346E+02
  0.111350E+02
  0.111353E+02
  0.111357E+02
  0.111360E+02
  0.111364E+02
  0.111368E+02
  0.111371E+02
  0.111375E+02
  0.111379E+02
  0.111382E+02
  0.111386E+02
  0.111389E+02
  0.111393E+02
  0.111397E+02
  0.111400E+02
  0.111404E+02
  0.111408E+02
  0.111411E+02
  0.111415E+02
  0.111418E+02
  0.111422E+02
  0.111426E+02
  0.111429E+02
  0.111433E+02
  0.111437E+02
  0.111440E+02
  0.111444E+02
  0.111447E+02
  0.111451E+02
  0.111455E+02
  0.111458E+02
  0.111462E+02
  0.111466E+02
  0.111469E+02
  0.111473E+02
  0.111476E+02
  0.111480E+02
  0.111484E+02
  0.111487E+02
  0.111491E+02
  0.111495E+02
  0.111498E+02
  0.111502E+02
  0.111505E+02
  0.111509E+02
  0.111513E+02
  0.111516E+02
  0.111520E+02
  0.111523E+02
  0.111527E+02
  0.111531E+02
  0.111534E+02
  0.111538E+02
  0.111542E+02
  0.111545E+02
  0.111549E+02
  0.111552E+02
  0.111556E+02
  0.111560E+02
  0.111563E+02
  0.111567E+02
  0.111571E+02
  0.111574E+02
  0.111578E+02
  0.111581E+02
  0.111585E+02
  0.111589E+02
  0.111592E+02
  0.111596E+02
  0.111599E+02
  0.111603E+02
  0.111607E+02
  0.111610E+02
  0.111614E+02
  0.111618E+02
  0.111621E+02
  0.111625E+02
  0.111628E+02
  0.111632E+02
  0.111636E+02
  0.111639E+02
  0.111643E+02
  0.111646E+02
  0.111650E+02
  0.111654E+02
  0.111657E+02
  0.111661E+02
  0.111664E+02
  0.111668E+02
  0.111672E+02
  0.111675E+02
  0.111679E+02
  0.111683E+02
  0.111686E+02
  0.111690E+02
  0.111693E+02
  0.111697E+02
  0.111701E+02
  0.111704E+02
  0.111708E+02
  0.111711E+02
  0.111715E+02
  0.111719E+02
  0.111722E+02
  0.111726E+02
  0.111729E+02
  0.111733E+02
  0.111737E+02
  0.111740E+02
  0.111744E+02
  0.111747E+02
  0.111751E+02
  0.111755E+02
  0.111758E+02
  0.111762E+02
  0.111765E+02
  0.111769E+02
  0.111773E+02
  0.111776E+02
  0.111780E+02
  0.111783E+02
  0.111787E+02
  0.111791E+02
  0.111794E+02
  0.111798E+02
  0.111802E+02
  0.111805E+02
  0.111809E+02
  0.111812E+02
  0.111816E+02
  0.111820E+02
  0.111823E+02
  0.111827E+02
  0.111830E+02
  0.111834E+02
  0.111838E+02
  0.111841E+02
  0.111845E+02
  0.111848E+02
  0.111852E+02
  0.111856E+02
  0.111859E+02
  0.111863E+02
  0.111866E+02
  0.111870E+02
  0.111874E+02
  0.111877E+02
  0.111881E+02
  0.111884E+02
  0.111888E+02
  0.111891E+02
  0.111895E+02
  0.111899E+02
  0.111902E+02
  0.111906E+02
  0.111909E+02
  0.111913E+02
  0.111917E+02
  0.111920E+02
  0.111924E+02
  0.111927E+02
  0.111931E+02
  0.111935E+02
  0.111938E+02
  0.111942E+02
  0.111945E+02
  0.111949E+02
  0.111953E+02
  0.111956E+02
  0.111960E+02
  0.111963E+02
  0.111967E+02
  0.111971E+02
  0.111974E+02
  0.111978E+02
  0.111981E+02
  0.111985E+02
  0.111989E+02
  0.111992E+02
  0.111996E+02
  0.111999E+02
  0.112003E+02
  0.112006E+02
  0.112010E+02
  0.112014E+02
  0.112017E+02
  0.112021E+02
  0.112024E+02
  0.112028E+02
  0.112032E+02
  0.112035E+02
  0.112039E+02
  0.112042E+02
  0.112046E+02
  0.112050E+02
  0.112053E+02
  0.112057E+02
  0.112060E+02
  0.112064E+02
  0.112067E+02
  0.112071E+02
  0.112075E+02
  0.112078E+02
  0.112082E+02
  0.112085E+02
  0.112089E+02
  0.112093E+02
  0.112096E+02
  0.112100E+02
  0.112103E+02
  0.112107E+02
  0.112111E+02
  0.112114E+02
  0.112118E+02
  0.112121E+02
  0.112125E+02
  0.112128E+02
  0.112132E+02
  0.112136E+02
  0.112139E+02
  0.112143E+02
  0.112146E+02
  0.112150E+02
  0.112153E+02
  0.112157E+02
  0.112161E+02
  0.112164E+02
  0.112168E+02
  0.112171E+02
  0.112175E+02
  0.112179E+02
  0.112182E+02
  0.112186E+02
  0.112189E+02
  0.112193E+02
  0.112196E+02
  0.112200E+02
  0.112204E+02
  0.112207E+02
  0.112211E+02
  0.112214E+02
  0.112218E+02
  0.112221E+02
  0.112225E+02
  0.112229E+02
  0.112232E+02
  0.112236E+02
  0.112239E+02
  0.112243E+02
  0.112247E+02
  0.112250E+02
  0.112254E+02
  0.112257E+02
  0.112261E+02
  0.112264E+02
  0.112268E+02
  0.112272E+02
  0.112275E+02
  0.112279E+02
  0.112282E+02
  0.112286E+02
  0.112289E+02
  0.112293E+02
  0.112297E+02
  0.112300E+02
  0.112304E+02
  0.112307E+02
  0.112311E+02
  0.112314E+02
  0.112318E+02
  0.112322E+02
  0.112325E+02
  0.112329E+02
  0.112332E+02
  0.112336E+02
  0.112339E+02
  0.112343E+02
  0.112347E+02
  0.112350E+02
  0.112354E+02
  0.112357E+02
  0.112361E+02
  0.112364E+02
  0.112368E+02
  0.112372E+02
  0.112375E+02
  0.112379E+02
  0.112382E+02
  0.112386E+02
  0.112389E+02
  0.112393E+02
  0.112397E+02
  0.112400E+02
  0.112404E+02
  0.112407E+02
  0.112411E+02
  0.112414E+02
  0.112418E+02
  0.112421E+02
  0.112425E+02
  0.112429E+02
  0.112432E+02
  0.112436E+02
  0.112439E+02
  0.112443E+02
  0.112446E+02
  0.112450E+02
  0.112454E+02
  0.112457E+02
  0.112461E+02
  0.112464E+02
  0.112468E+02
  0.112471E+02
  0.112475E+02
  0.112478E+02
  0.112482E+02
  0.112486E+02
  0.112489E+02
  0.112493E+02
  0.112496E+02
  0.112500E+02
  0.112503E+02
  0.112507E+02
  0.112511E+02
  0.112514E+02
  0.112518E+02
  0.112521E+02
  0.112525E+02
  0.112528E+02
  0.112532E+02
  0.112535E+02
  0.112539E+02
  0.112543E+02
  0.112546E+02
  0.112550E+02
  0.112553E+02
  0.112557E+02
  0.112560E+02
  0.112564E+02
  0.112567E+02
  0.112571E+02
  0.112575E+02
  0.112578E+02
  0.112582E+02
  0.112585E+02
  0.112589E+02
  0.112592E+02
  0.112596E+02
  0.112599E+02
  0.112603E+02
  0.112607E+02
  0.112610E+02
  0.112614E+02
  0.112617E+02
  0.112621E+02
  0.112624E+02
  0.112628E+02
  0.112631E+02
  0.112635E+02
  0.112639E+02
  0.112642E+02
  0.112646E+02
  0.112649E+02
  0.112653E+02
  0.112656E+02
  0.112660E+02
  0.112663E+02
  0.112667E+02
  0.112671E+02
  0.112674E+02
  0.112678E+02
  0.112681E+02
  0.112685E+02
  0.112688E+02
  0.112692E+02
  0.112695E+02
  0.112699E+02
  0.112702E+02
  0.112706E+02
  0.112710E+02
  0.112713E+02
  0.112717E+02
  0.112720E+02
  0.112724E+02
  0.112727E+02
  0.112731E+02
  0.112734E+02
  0.112738E+02
  0.112741E+02
  0.112745E+02
  0.112749E+02
  0.112752E+02
  0.112756E+02
  0.112759E+02
  0.112763E+02
  0.112766E+02
  0.112770E+02
  0.112773E+02
  0.112777E+02
  0.112780E+02
  0.112784E+02
  0.112788E+02
  0.112791E+02
  0.112795E+02
  0.112798E+02
  0.112802E+02
  0.112805E+02
  0.112809E+02
  0.112812E+02
  0.112816E+02
  0.112819E+02
  0.112823E+02
  0.112827E+02
  0.112830E+02
  0.112834E+02
  0.112837E+02
  0.112841E+02
  0.112844E+02
  0.112848E+02
  0.112851E+02
  0.112855E+02
  0.112858E+02
  0.112862E+02
  0.112865E+02
  0.112869E+02
  0.112873E+02
  0.112876E+02
  0.112880E+02
  0.112883E+02
  0.112887E+02
  0.112890E+02
  0.112894E+02
  0.112897E+02
  0.112901E+02
  0.112904E+02
  0.112908E+02
  0.112911E+02
  0.112915E+02
  0.112919E+02
  0.112922E+02
  0.112926E+02
  0.112929E+02
  0.112933E+02
  0.112936E+02
  0.112940E+02
  0.112943E+02
  0.112947E+02
  0.112950E+02
  0.112954E+02
  0.112957E+02
  0.112961E+02
  0.112965E+02
  0.112968E+02
  0.112972E+02
  0.112975E+02
  0.112979E+02
  0.112982E+02
  0.112986E+02
  0.112989E+02
  0.112993E+02
  0.112996E+02
  0.113000E+02
  0.113003E+02
  0.113007E+02
  0.113010E+02
  0.113014E+02
  0.113017E+02
  0.113021E+02
  0.113025E+02
  0.113028E+02
  0.113032E+02
  0.113035E+02
  0.113039E+02
  0.113042E+02
  0.113046E+02
  0.113049E+02
  0.113053E+02
  0.113056E+02
  0.113060E+02
  0.113063E+02
  0.113067E+02
  0.113070E+02
  0.113074E+02
  0.113077E+02
  0.113081E+02
  0.113085E+02
  0.113088E+02
  0.113092E+02
  0.113095E+02
  0.113099E+02
  0.113102E+02
  0.113106E+02
  0.113109E+02
  0.113113E+02
  0.113116E+02
  0.113120E+02
  0.113123E+02
  0.113127E+02
  0.113130E+02
  0.113134E+02
  0.113137E+02
  0.113141E+02
  0.113144E+02
  0.113148E+02
  0.113151E+02
  0.113155E+02
  0.113159E+02
  0.113162E+02
  0.113166E+02
  0.113169E+02
  0.113173E+02
  0.113176E+02
  0.113180E+02
  0.113183E+02
  0.113187E+02
  0.113190E+02
  0.113194E+02
  0.113197E+02
  0.113201E+02
  0.113204E+02
  0.113208E+02
  0.113211E+02
  0.113215E+02
  0.113218E+02
  0.113222E+02
  0.113225E+02
  0.113229E+02
  0.113232E+02
  0.113236E+02
  0.113239E+02
  0.113243E+02
  0.113247E+02
  0.113250E+02
  0.113254E+02
  0.113257E+02
  0.113261E+02
  0.113264E+02
  0.113268E+02
  0.113271E+02
  0.113275E+02
  0.113278E+02
  0.113282E+02
  0.113285E+02
  0.113289E+02
  0.113292E+02
  0.113296E+02
  0.113299E+02
  0.113303E+02
  0.113306E+02
  0.113310E+02
  0.113313E+02
  0.113317E+02
  0.113320E+02
  0.113324E+02
  0.113327E+02
  0.113331E+02
  0.113334E+02
  0.113338E+02
  0.113341E+02
  0.113345E+02
  0.113348E+02
  0.113352E+02
  0.113355E+02
  0.113359E+02
  0.113362E+02
  0.113366E+02
  0.113369E+02
  0.113373E+02
  0.113376E+02
  0.113380E+02
  0.113384E+02
  0.113387E+02
  0.113391E+02
  0.113394E+02
  0.113398E+02
  0.113401E+02
  0.113405E+02
  0.113408E+02
  0.113412E+02
  0.113415E+02
  0.113419E+02
  0.113422E+02
  0.113426E+02
  0.113429E+02
  0.113433E+02
  0.113436E+02
  0.113440E+02
  0.113443E+02
  0.113447E+02
  0.113450E+02
  0.113454E+02
  0.113457E+02
  0.113461E+02
  0.113464E+02
  0.113468E+02
  0.113471E+02
  0.113475E+02
  0.113478E+02
  0.113482E+02
  0.113485E+02
  0.113489E+02
  0.113492E+02
  0.113496E+02
  0.113499E+02
  0.113503E+02
  0.113506E+02
  0.113510E+02
  0.113513E+02
  0.113517E+02
  0.113520E+02
  0.113524E+02
  0.113527E+02
  0.113531E+02
  0.113534E+02
  0.113538E+02
  0.113541E+02
  0.113545E+02
  0.113548E+02
  0.113552E+02
  0.113555E+02
  0.113559E+02
  0.113562E+02
  0.113566E+02
  0.113569E+02
  0.113573E+02
  0.113576E+02
  0.113580E+02
  0.113583E+02
  0.113587E+02
  0.113590E+02
  0.113594E+02
  0.113597E+02
  0.113601E+02
  0.113604E+02
  0.113608E+02
  0.113611E+02
  0.113615E+02
  0.113618E+02
  0.113622E+02
  0.113625E+02
  0.113629E+02
  0.113632E+02
  0.113636E+02
  0.113639E+02
  0.113643E+02
  0.113646E+02
  0.113650E+02
  0.113653E+02
  0.113657E+02
  0.113660E+02
  0.113664E+02
  0.113667E+02
  0.113671E+02
  0.113674E+02
  0.113678E+02
  0.113681E+02
  0.113685E+02
  0.113688E+02
  0.113692E+02
  0.113695E+02
  0.113698E+02
  0.113702E+02
  0.113705E+02
  0.113709E+02
  0.113712E+02
  0.113716E+02
  0.113719E+02
  0.113723E+02
  0.113726E+02
  0.113730E+02
  0.113733E+02
  0.113737E+02
  0.113740E+02
  0.113744E+02
  0.113747E+02
  0.113751E+02
  0.113754E+02
  0.113758E+02
  0.113761E+02
  0.113765E+02
  0.113768E+02
  0.113772E+02
  0.113775E+02
  0.113779E+02
  0.113782E+02
  0.113786E+02
  0.113789E+02
  0.113793E+02
  0.113796E+02
  0.113800E+02
  0.113803E+02
  0.113807E+02
  0.113810E+02
  0.113814E+02
  0.113817E+02
  0.113821E+02
  0.113824E+02
  0.113828E+02
  0.113831E+02
  0.113834E+02
  0.113838E+02
  0.113841E+02
  0.113845E+02
  0.113848E+02
  0.113852E+02
  0.113855E+02
  0.113859E+02
  0.113862E+02
  0.113866E+02
  0.113869E+02
  0.113873E+02
  0.113876E+02
  0.113880E+02
  0.113883E+02
  0.113887E+02
  0.113890E+02
  0.113894E+02
  0.113897E+02
  0.113901E+02
  0.113904E+02
  0.113908E+02
  0.113911E+02
  0.113915E+02
  0.113918E+02
  0.113922E+02
  0.113925E+02
  0.113928E+02
  0.113932E+02
  0.113935E+02
  0.113939E+02
  0.113942E+02
  0.113946E+02
  0.113949E+02
  0.113953E+02
  0.113956E+02
  0.113960E+02
  0.113963E+02
  0.113967E+02
  0.113970E+02
  0.113974E+02
  0.113977E+02
  0.113981E+02
  0.113984E+02
  0.113988E+02
  0.113991E+02
  0.113994E+02
  0.113998E+02
  0.114001E+02
  0.114005E+02
  0.114008E+02
  0.114012E+02
  0.114015E+02
  0.114019E+02
  0.114022E+02
  0.114026E+02
  0.114029E+02
  0.114033E+02
  0.114036E+02
  0.114040E+02
  0.114043E+02
  0.114047E+02
  0.114050E+02
  0.114054E+02
  0.114057E+02
  0.114060E+02
  0.114064E+02
  0.114067E+02
  0.114071E+02
  0.114074E+02
  0.114078E+02
  0.114081E+02
  0.114085E+02
  0.114088E+02
  0.114092E+02
  0.114095E+02
  0.114099E+02
  0.114102E+02
  0.114106E+02
  0.114109E+02
  0.114113E+02
  0.114116E+02
  0.114119E+02
  0.114123E+02
  0.114126E+02
  0.114130E+02
  0.114133E+02
  0.114137E+02
  0.114140E+02
  0.114144E+02
  0.114147E+02
  0.114151E+02
  0.114154E+02
  0.114158E+02
  0.114161E+02
  0.114165E+02
  0.114168E+02
  0.114171E+02
  0.114175E+02
  0.114178E+02
  0.114182E+02
  0.114185E+02
  0.114189E+02
  0.114192E+02
  0.114196E+02
  0.114199E+02
  0.114203E+02
  0.114206E+02
  0.114210E+02
  0.114213E+02
  0.114216E+02
  0.114220E+02
  0.114223E+02
  0.114227E+02
  0.114230E+02
  0.114234E+02
  0.114237E+02
  0.114241E+02
  0.114244E+02
  0.114248E+02
  0.114251E+02
  0.114255E+02
  0.114258E+02
  0.114261E+02
  0.114265E+02
  0.114268E+02
  0.114272E+02
  0.114275E+02
  0.114279E+02
  0.114282E+02
  0.114286E+02
  0.114289E+02
  0.114293E+02
  0.114296E+02
  0.114300E+02
  0.114303E+02
  0.114306E+02
  0.114310E+02
  0.114313E+02
  0.114317E+02
  0.114320E+02
  0.114324E+02
  0.114327E+02
  0.114331E+02
  0.114334E+02
  0.114338E+02
  0.114341E+02
  0.114344E+02
  0.114348E+02
  0.114351E+02
  0.114355E+02
  0.114358E+02
  0.114362E+02
  0.114365E+02
  0.114369E+02
  0.114372E+02
  0.114376E+02
  0.114379E+02
  0.114382E+02
  0.114386E+02
  0.114389E+02
  0.114393E+02
  0.114396E+02
  0.114400E+02
  0.114403E+02
  0.114407E+02
  0.114410E+02
  0.114414E+02
  0.114417E+02
  0.114420E+02
  0.114424E+02
  0.114427E+02
  0.114431E+02
  0.114434E+02
  0.114438E+02
  0.114441E+02
  0.114445E+02
  0.114448E+02
  0.114452E+02
  0.114455E+02
  0.114458E+02
  0.114462E+02
  0.114465E+02
  0.114469E+02
  0.114472E+02
  0.114476E+02
  0.114479E+02
  0.114483E+02
  0.114486E+02
  0.114489E+02
  0.114493E+02
  0.114496E+02
  0.114500E+02
  0.114503E+02
  0.114507E+02
  0.114510E+02
  0.114514E+02
  0.114517E+02
  0.114520E+02
  0.114524E+02
  0.114527E+02
  0.114531E+02
  0.114534E+02
  0.114538E+02
  0.114541E+02
  0.114545E+02
  0.114548E+02
  0.114551E+02
  0.114555E+02
  0.114558E+02
  0.114562E+02
  0.114565E+02
  0.114569E+02
  0.114572E+02
  0.114576E+02
  0.114579E+02
  0.114582E+02
  0.114586E+02
  0.114589E+02
  0.114593E+02
  0.114596E+02
  0.114600E+02
  0.114603E+02
  0.114607E+02
  0.114610E+02
  0.114613E+02
  0.114617E+02
  0.114620E+02
  0.114624E+02
  0.114627E+02
  0.114631E+02
  0.114634E+02
  0.114638E+02
  0.114641E+02
  0.114644E+02
  0.114648E+02
  0.114651E+02
  0.114655E+02
  0.114658E+02
  0.114662E+02
  0.114665E+02
  0.114669E+02
  0.114672E+02
  0.114675E+02
  0.114679E+02
  0.114682E+02
  0.114686E+02
  0.114689E+02
  0.114693E+02
  0.114696E+02
  0.114699E+02
  0.114703E+02
  0.114706E+02
  0.114710E+02
  0.114713E+02
  0.114717E+02
  0.114720E+02
  0.114724E+02
  0.114727E+02
  0.114730E+02
  0.114734E+02
  0.114737E+02
  0.114741E+02
  0.114744E+02
  0.114748E+02
  0.114751E+02
  0.114754E+02
  0.114758E+02
  0.114761E+02
  0.114765E+02
  0.114768E+02
  0.114772E+02
  0.114775E+02
  0.114779E+02
  0.114782E+02
  0.114785E+02
  0.114789E+02
  0.114792E+02
  0.114796E+02
  0.114799E+02
  0.114803E+02
  0.114806E+02
  0.114809E+02
  0.114813E+02
  0.114816E+02
  0.114820E+02
  0.114823E+02
  0.114827E+02
  0.114830E+02
  0.114833E+02
  0.114837E+02
  0.114840E+02
  0.114844E+02
  0.114847E+02
  0.114851E+02
  0.114854E+02
  0.114857E+02
  0.114861E+02
  0.114864E+02
  0.114868E+02
  0.114871E+02
  0.114875E+02
  0.114878E+02
  0.114881E+02
  0.114885E+02
  0.114888E+02
  0.114892E+02
  0.114895E+02
  0.114899E+02
  0.114902E+02
  0.114905E+02
  0.114909E+02
  0.114912E+02
  0.114916E+02
  0.114919E+02
  0.114923E+02
  0.114926E+02
  0.114929E+02
  0.114933E+02
  0.114936E+02
  0.114940E+02
  0.114943E+02
  0.114947E+02
  0.114950E+02
  0.114953E+02
  0.114957E+02
  0.114960E+02
  0.114964E+02
  0.114967E+02
  0.114971E+02
  0.114974E+02
  0.114977E+02
  0.114981E+02
  0.114984E+02
  0.114988E+02
  0.114991E+02
  0.114995E+02
  0.114998E+02
  0.115001E+02
  0.115005E+02
  0.115008E+02
  0.115012E+02
  0.115015E+02
  0.115018E+02
  0.115022E+02
  0.115025E+02
  0.115029E+02
  0.115032E+02
  0.115036E+02
  0.115039E+02
  0.115042E+02
  0.115046E+02
  0.115049E+02
  0.115053E+02
  0.115056E+02
  0.115060E+02
  0.115063E+02
  0.115066E+02
  0.115070E+02
  0.115073E+02
  0.115077E+02
  0.115080E+02
  0.115083E+02
  0.115087E+02
  0.115090E+02
  0.115094E+02
  0.115097E+02
  0.115101E+02
  0.115104E+02
  0.115107E+02
  0.115111E+02
  0.115114E+02
  0.115118E+02
  0.115121E+02
  0.115124E+02
  0.115128E+02
  0.115131E+02
  0.115135E+02
  0.115138E+02
  0.115142E+02
  0.115145E+02
  0.115148E+02
  0.115152E+02
  0.115155E+02
  0.115159E+02
  0.115162E+02
  0.115165E+02
  0.115169E+02
  0.115172E+02
  0.115176E+02
  0.115179E+02
  0.115183E+02
  0.115186E+02
  0.115189E+02
  0.115193E+02
  0.115196E+02
  0.115200E+02
  0.115203E+02
  0.115206E+02
  0.115210E+02
  0.115213E+02
  0.115217E+02
  0.115220E+02
  0.115223E+02
  0.115227E+02
  0.115230E+02
  0.115234E+02
  0.115237E+02
  0.115241E+02
  0.115244E+02
  0.115247E+02
  0.115251E+02
  0.115254E+02
  0.115258E+02
  0.115261E+02
  0.115264E+02
  0.115268E+02
  0.115271E+02
  0.115275E+02
  0.115278E+02
  0.115281E+02
  0.115285E+02
  0.115288E+02
  0.115292E+02
  0.115295E+02
  0.115298E+02
  0.115302E+02
  0.115305E+02
  0.115309E+02
  0.115312E+02
  0.115316E+02
  0.115319E+02
  0.115322E+02
  0.115326E+02
  0.115329E+02
  0.115333E+02
  0.115336E+02
  0.115339E+02
  0.115343E+02
  0.115346E+02
  0.115350E+02
  0.115353E+02
  0.115356E+02
  0.115360E+02
  0.115363E+02
  0.115367E+02
  0.115370E+02
  0.115373E+02
  0.115377E+02
  0.115380E+02
  0.115384E+02
  0.115387E+02
  0.115390E+02
  0.115394E+02
  0.115397E+02
  0.115401E+02
  0.115404E+02
  0.115407E+02
  0.115411E+02
  0.115414E+02
  0.115418E+02
  0.115421E+02
  0.115424E+02
  0.115428E+02
  0.115431E+02
  0.115435E+02
  0.115438E+02
  0.115441E+02
  0.115445E+02
  0.115448E+02
  0.115452E+02
  0.115455E+02
  0.115458E+02
  0.115462E+02
  0.115465E+02
  0.115469E+02
  0.115472E+02
  0.115475E+02
  0.115479E+02
  0.115482E+02
  0.115486E+02
  0.115489E+02
  0.115492E+02
  0.115496E+02
  0.115499E+02
  0.115503E+02
  0.115506E+02
  0.115509E+02
  0.115513E+02
  0.115516E+02
  0.115520E+02
  0.115523E+02
  0.115526E+02
  0.115530E+02
  0.115533E+02
  0.115537E+02
  0.115540E+02
  0.115543E+02
  0.115547E+02
  0.115550E+02
  0.115554E+02
  0.115557E+02
  0.115560E+02
  0.115564E+02
  0.115567E+02
  0.115571E+02
  0.115574E+02
  0.115577E+02
  0.115581E+02
  0.115584E+02
  0.115588E+02
  0.115591E+02
  0.115594E+02
  0.115598E+02
  0.115601E+02
  0.115605E+02
  0.115608E+02
  0.115611E+02
  0.115615E+02
  0.115618E+02
  0.115621E+02
  0.115625E+02
  0.115628E+02
  0.115632E+02
  0.115635E+02
  0.115638E+02
  0.115642E+02
  0.115645E+02
  0.115649E+02
  0.115652E+02
  0.115655E+02
  0.115659E+02
  0.115662E+02
  0.115666E+02
  0.115669E+02
  0.115672E+02
  0.115676E+02
  0.115679E+02
  0.115683E+02
  0.115686E+02
  0.115689E+02
  0.115693E+02
  0.115696E+02
  0.115699E+02
  0.115703E+02
  0.115706E+02
  0.115710E+02
  0.115713E+02
  0.115716E+02
  0.115720E+02
  0.115723E+02
  0.115727E+02
  0.115730E+02
  0.115733E+02
  0.115737E+02
  0.115740E+02
  0.115743E+02
  0.115747E+02
  0.115750E+02
  0.115754E+02
  0.115757E+02
  0.115760E+02
  0.115764E+02
  0.115767E+02
  0.115771E+02
  0.115774E+02
  0.115777E+02
  0.115781E+02
  0.115784E+02
  0.115787E+02
  0.115791E+02
  0.115794E+02
  0.115798E+02
  0.115801E+02
  0.115804E+02
  0.115808E+02
  0.115811E+02
  0.115815E+02
  0.115818E+02
  0.115821E+02
  0.115825E+02
  0.115828E+02
  0.115831E+02
  0.115835E+02
  0.115838E+02
  0.115842E+02
  0.115845E+02
  0.115848E+02
  0.115852E+02
  0.115855E+02
  0.115859E+02
  0.115862E+02
  0.115865E+02
  0.115869E+02
  0.115872E+02
  0.115875E+02
  0.115879E+02
  0.115882E+02
  0.115886E+02
  0.115889E+02
  0.115892E+02
  0.115896E+02
  0.115899E+02
  0.115902E+02
  0.115906E+02
  0.115909E+02
  0.115913E+02
  0.115916E+02
  0.115919E+02
  0.115923E+02
  0.115926E+02
  0.115929E+02
  0.115933E+02
  0.115936E+02
  0.115940E+02
  0.115943E+02
  0.115946E+02
  0.115950E+02
  0.115953E+02
  0.115956E+02
  0.115960E+02
  0.115963E+02
  0.115967E+02
  0.115970E+02
  0.115973E+02
  0.115977E+02
  0.115980E+02
  0.115983E+02
  0.115987E+02
  0.115990E+02
  0.115994E+02
  0.115997E+02
  0.116000E+02
  0.116004E+02
  0.116007E+02
  0.116010E+02
  0.116014E+02
  0.116017E+02
  0.116021E+02
  0.116024E+02
  0.116027E+02
  0.116031E+02
  0.116034E+02
  0.116037E+02
  0.116041E+02
  0.116044E+02
  0.116048E+02
  0.116051E+02
  0.116054E+02
  0.116058E+02
  0.116061E+02
  0.116064E+02
  0.116068E+02
  0.116071E+02
  0.116075E+02
  0.116078E+02
  0.116081E+02
  0.116085E+02
  0.116088E+02
  0.116091E+02
  0.116095E+02
  0.116098E+02
  0.116101E+02
  0.116105E+02
  0.116108E+02
  0.116112E+02
  0.116115E+02
  0.116118E+02
  0.116122E+02
  0.116125E+02
  0.116128E+02
  0.116132E+02
  0.116135E+02
  0.116139E+02
  0.116142E+02
  0.116145E+02
  0.116149E+02
  0.116152E+02
  0.116155E+02
  0.116159E+02
  0.116162E+02
  0.116165E+02
  0.116169E+02
  0.116172E+02
  0.116176E+02
  0.116179E+02
  0.116182E+02
  0.116186E+02
  0.116189E+02
  0.116192E+02
  0.116196E+02
  0.116199E+02
  0.116202E+02
  0.116206E+02
  0.116209E+02
  0.116213E+02
  0.116216E+02
  0.116219E+02
  0.116223E+02
  0.116226E+02
  0.116229E+02
  0.116233E+02
  0.116236E+02
  0.116239E+02
  0.116243E+02
  0.116246E+02
  0.116250E+02
  0.116253E+02
  0.116256E+02
  0.116260E+02
  0.116263E+02
  0.116266E+02
  0.116270E+02
  0.116273E+02
  0.116276E+02
  0.116280E+02
  0.116283E+02
  0.116286E+02
  0.116290E+02
  0.116293E+02
  0.116297E+02
  0.116300E+02
  0.116303E+02
  0.116307E+02
  0.116310E+02
  0.116313E+02
  0.116317E+02
  0.116320E+02
  0.116323E+02
  0.116327E+02
  0.116330E+02
  0.116333E+02
  0.116337E+02
  0.116340E+02
  0.116344E+02
  0.116347E+02
  0.116350E+02
  0.116354E+02
  0.116357E+02
  0.116360E+02
  0.116364E+02
  0.116367E+02
  0.116370E+02
  0.116374E+02
  0.116377E+02
  0.116380E+02
  0.116384E+02
  0.116387E+02
  0.116391E+02
  0.116394E+02
  0.116397E+02
  0.116401E+02
  0.116404E+02
  0.116407E+02
  0.116411E+02
  0.116414E+02
  0.116417E+02
  0.116421E+02
  0.116424E+02
  0.116427E+02
  0.116431E+02
  0.116434E+02
  0.116437E+02
  0.116441E+02
  0.116444E+02
  0.116448E+02
  0.116451E+02
  0.116454E+02
  0.116458E+02
  0.116461E+02
  0.116464E+02
  0.116468E+02
  0.116471E+02
  0.116474E+02
  0.116478E+02
  0.116481E+02
  0.116484E+02
  0.116488E+02
  0.116491E+02
  0.116494E+02
  0.116498E+02
  0.116501E+02
  0.116505E+02
  0.116508E+02
  0.116511E+02
  0.116515E+02
  0.116518E+02
  0.116521E+02
  0.116525E+02
  0.116528E+02
  0.116531E+02
  0.116535E+02
  0.116538E+02
  0.116541E+02
  0.116545E+02
  0.116548E+02
  0.116551E+02
  0.116555E+02
  0.116558E+02
  0.116561E+02
  0.116565E+02
  0.116568E+02
  0.116571E+02
  0.116575E+02
  0.116578E+02
  0.116581E+02
  0.116585E+02
  0.116588E+02
  0.116592E+02
  0.116595E+02
  0.116598E+02
  0.116602E+02
  0.116605E+02
  0.116608E+02
  0.116612E+02
  0.116615E+02
  0.116618E+02
  0.116622E+02
  0.116625E+02
  0.116628E+02
  0.116632E+02
  0.116635E+02
  0.116638E+02
  0.116642E+02
  0.116645E+02
  0.116648E+02
  0.116652E+02
  0.116655E+02
  0.116658E+02
  0.116662E+02
  0.116665E+02
  0.116668E+02
  0.116672E+02
  0.116675E+02
  0.116678E+02
  0.116682E+02
  0.116685E+02
  0.116688E+02
  0.116692E+02
  0.116695E+02
  0.116698E+02
  0.116702E+02
  0.116705E+02
  0.116708E+02
  0.116712E+02
  0.116715E+02
  0.116719E+02
  0.116722E+02
  0.116725E+02
  0.116729E+02
  0.116732E+02
  0.116735E+02
  0.116739E+02
  0.116742E+02
  0.116745E+02
  0.116749E+02
  0.116752E+02
  0.116755E+02
  0.116759E+02
  0.116762E+02
  0.116765E+02
  0.116769E+02
  0.116772E+02
  0.116775E+02
  0.116779E+02
  0.116782E+02
  0.116785E+02
  0.116789E+02
  0.116792E+02
  0.116795E+02
  0.116799E+02
  0.116802E+02
  0.116805E+02
  0.116809E+02
  0.116812E+02
  0.116815E+02
  0.116819E+02
  0.116822E+02
  0.116825E+02
  0.116829E+02
  0.116832E+02
  0.116835E+02
  0.116839E+02
  0.116842E+02
  0.116845E+02
  0.116849E+02
  0.116852E+02
  0.116855E+02
  0.116859E+02
  0.116862E+02
  0.116865E+02
  0.116869E+02
  0.116872E+02
  0.116875E+02
  0.116879E+02
  0.116882E+02
  0.116885E+02
  0.116889E+02
  0.116892E+02
  0.116895E+02
  0.116899E+02
  0.116902E+02
  0.116905E+02
  0.116909E+02
  0.116912E+02
  0.116915E+02
  0.116919E+02
  0.116922E+02
  0.116925E+02
  0.116929E+02
  0.116932E+02
  0.116935E+02
  0.116939E+02
  0.116942E+02
  0.116945E+02
  0.116948E+02
  0.116952E+02
  0.116955E+02
  0.116958E+02
  0.116962E+02
  0.116965E+02
  0.116968E+02
  0.116972E+02
  0.116975E+02
  0.116978E+02
  0.116982E+02
  0.116985E+02
  0.116988E+02
  0.116992E+02
  0.116995E+02
  0.116998E+02
  0.117002E+02
  0.117005E+02
  0.117008E+02
  0.117012E+02
  0.117015E+02
  0.117018E+02
  0.117022E+02
  0.117025E+02
  0.117028E+02
  0.117032E+02
  0.117035E+02
  0.117038E+02
  0.117042E+02
  0.117045E+02
  0.117048E+02
  0.117052E+02
  0.117055E+02
  0.117058E+02
  0.117062E+02
  0.117065E+02
  0.117068E+02
  0.117072E+02
  0.117075E+02
  0.117078E+02
  0.117081E+02
  0.117085E+02
  0.117088E+02
  0.117091E+02
  0.117095E+02
  0.117098E+02
  0.117101E+02
  0.117105E+02
  0.117108E+02
  0.117111E+02
  0.117115E+02
  0.117118E+02
  0.117121E+02
  0.117125E+02
  0.117128E+02
  0.117131E+02
  0.117135E+02
  0.117138E+02
  0.117141E+02
  0.117145E+02
  0.117148E+02
  0.117151E+02
  0.117155E+02
  0.117158E+02
  0.117161E+02
  0.117164E+02
  0.117168E+02
  0.117171E+02
  0.117174E+02
  0.117178E+02
  0.117181E+02
  0.117184E+02
  0.117188E+02
  0.117191E+02
  0.117194E+02
  0.117198E+02
  0.117201E+02
  0.117204E+02
  0.117208E+02
  0.117211E+02
  0.117214E+02
  0.117218E+02
  0.117221E+02
  0.117224E+02
  0.117228E+02
  0.117231E+02
  0.117234E+02
  0.117237E+02
  0.117241E+02
  0.117244E+02
  0.117247E+02
  0.117251E+02
  0.117254E+02
  0.117257E+02
  0.117261E+02
  0.117264E+02
  0.117267E+02
  0.117271E+02
  0.117274E+02
  0.117277E+02
  0.117281E+02
  0.117284E+02
  0.117287E+02
  0.117291E+02
  0.117294E+02
  0.117297E+02
  0.117300E+02
  0.117304E+02
  0.117307E+02
  0.117310E+02
  0.117314E+02
  0.117317E+02
  0.117320E+02
  0.117324E+02
  0.117327E+02
  0.117330E+02
  0.117334E+02
  0.117337E+02
  0.117340E+02
  0.117344E+02
  0.117347E+02
  0.117350E+02
  0.117354E+02
  0.117357E+02
  0.117360E+02
  0.117363E+02
  0.117367E+02
  0.117370E+02
  0.117373E+02
  0.117377E+02
  0.117380E+02
  0.117383E+02
  0.117387E+02
  0.117390E+02
  0.117393E+02
  0.117397E+02
  0.117400E+02
  0.117403E+02
  0.117406E+02
  0.117410E+02
  0.117413E+02
  0.117416E+02
  0.117420E+02
  0.117423E+02
  0.117426E+02
  0.117430E+02
  0.117433E+02
  0.117436E+02
  0.117440E+02
  0.117443E+02
  0.117446E+02
  0.117450E+02
  0.117453E+02
  0.117456E+02
  0.117459E+02
  0.117463E+02
  0.117466E+02
  0.117469E+02
  0.117473E+02
  0.117476E+02
  0.117479E+02
  0.117483E+02
  0.117486E+02
  0.117489E+02
  0.117493E+02
  0.117496E+02
  0.117499E+02
  0.117502E+02
  0.117506E+02
  0.117509E+02
  0.117512E+02
  0.117516E+02
  0.117519E+02
  0.117522E+02
  0.117526E+02
  0.117529E+02
  0.117532E+02
  0.117536E+02
  0.117539E+02
  0.117542E+02
  0.117545E+02
  0.117549E+02
  0.117552E+02
  0.117555E+02
  0.117559E+02
  0.117562E+02
  0.117565E+02
  0.117569E+02
  0.117572E+02
  0.117575E+02
  0.117579E+02
  0.117582E+02
  0.117585E+02
  0.117588E+02
  0.117592E+02
  0.117595E+02
  0.117598E+02
  0.117602E+02
  0.117605E+02
  0.117608E+02
  0.117612E+02
  0.117615E+02
  0.117618E+02
  0.117621E+02
  0.117625E+02
  0.117628E+02
  0.117631E+02
  0.117635E+02
  0.117638E+02
  0.117641E+02
  0.117645E+02
  0.117648E+02
  0.117651E+02
  0.117654E+02
  0.117658E+02
  0.117661E+02
  0.117664E+02
  0.117668E+02
  0.117671E+02
  0.117674E+02
  0.117678E+02
  0.117681E+02
  0.117684E+02
  0.117688E+02
  0.117691E+02
  0.117694E+02
  0.117697E+02
  0.117701E+02
  0.117704E+02
  0.117707E+02
  0.117711E+02
  0.117714E+02
  0.117717E+02
  0.117721E+02
  0.117724E+02
  0.117727E+02
  0.117730E+02
  0.117734E+02
  0.117737E+02
  0.117740E+02
  0.117744E+02
  0.117747E+02
  0.117750E+02
  0.117754E+02
  0.117757E+02
  0.117760E+02
  0.117763E+02
  0.117767E+02
  0.117770E+02
  0.117773E+02
  0.117777E+02
  0.117780E+02
  0.117783E+02
  0.117786E+02
  0.117790E+02
  0.117793E+02
  0.117796E+02
  0.117800E+02
  0.117803E+02
  0.117806E+02
  0.117810E+02
  0.117813E+02
  0.117816E+02
  0.117819E+02
  0.117823E+02
  0.117826E+02
  0.117829E+02
  0.117833E+02
  0.117836E+02
  0.117839E+02
  0.117843E+02
  0.117846E+02
  0.117849E+02
  0.117852E+02
  0.117856E+02
  0.117859E+02
  0.117862E+02
  0.117866E+02
  0.117869E+02
  0.117872E+02
  0.117875E+02
  0.117879E+02
  0.117882E+02
  0.117885E+02
  0.117889E+02
  0.117892E+02
  0.117895E+02
  0.117899E+02
  0.117902E+02
  0.117905E+02
  0.117908E+02
  0.117912E+02
  0.117915E+02
  0.117918E+02
  0.117922E+02
  0.117925E+02
  0.117928E+02
  0.117931E+02
  0.117935E+02
  0.117938E+02
  0.117941E+02
  0.117945E+02
  0.117948E+02
  0.117951E+02
  0.117955E+02
  0.117958E+02
  0.117961E+02
  0.117964E+02
  0.117968E+02
  0.117971E+02
  0.117974E+02
  0.117978E+02
  0.117981E+02
  0.117984E+02
  0.117987E+02
  0.117991E+02
  0.117994E+02
  0.117997E+02
  0.118001E+02
  0.118004E+02
  0.118007E+02
  0.118010E+02
  0.118014E+02
  0.118017E+02
  0.118020E+02
  0.118024E+02
  0.118027E+02
  0.118030E+02
  0.118033E+02
  0.118037E+02
  0.118040E+02
  0.118043E+02
  0.118047E+02
  0.118050E+02
  0.118053E+02
  0.118057E+02
  0.118060E+02
  0.118063E+02
  0.118066E+02
  0.118070E+02
  0.118073E+02
  0.118076E+02
  0.118080E+02
  0.118083E+02
  0.118086E+02
  0.118089E+02
  0.118093E+02
  0.118096E+02
  0.118099E+02
  0.118103E+02
  0.118106E+02
  0.118109E+02
  0.118112E+02
  0.118116E+02
  0.118119E+02
  0.118122E+02
  0.118126E+02
  0.118129E+02
  0.118132E+02
  0.118135E+02
  0.118139E+02
  0.118142E+02
  0.118145E+02
  0.118149E+02
  0.118152E+02
  0.118155E+02
  0.118158E+02
  0.118162E+02
  0.118165E+02
  0.118168E+02
  0.118172E+02
  0.118175E+02
  0.118178E+02
  0.118181E+02
  0.118185E+02
  0.118188E+02
  0.118191E+02
  0.118195E+02
  0.118198E+02
  0.118201E+02
  0.118204E+02
  0.118208E+02
  0.118211E+02
  0.118214E+02
  0.118218E+02
  0.118221E+02
  0.118224E+02
  0.118227E+02
  0.118231E+02
  0.118234E+02
  0.118237E+02
  0.118240E+02
  0.118244E+02
  0.118247E+02
  0.118250E+02
  0.118254E+02
  0.118257E+02
  0.118260E+02
  0.118263E+02
  0.118267E+02
  0.118270E+02
  0.118273E+02
  0.118277E+02
  0.118280E+02
  0.118283E+02
  0.118286E+02
  0.118290E+02
  0.118293E+02
  0.118296E+02
  0.118300E+02
  0.118303E+02
  0.118306E+02
  0.118309E+02
  0.118313E+02
  0.118316E+02
  0.118319E+02
  0.118323E+02
  0.118326E+02
  0.118329E+02
  0.118332E+02
  0.118336E+02
  0.118339E+02
  0.118342E+02
  0.118345E+02
  0.118349E+02
  0.118352E+02
  0.118355E+02
  0.118359E+02
  0.118362E+02
  0.118365E+02
  0.118368E+02
  0.118372E+02
  0.118375E+02
  0.118378E+02
  0.118382E+02
  0.118385E+02
  0.118388E+02
  0.118391E+02
  0.118395E+02
  0.118398E+02
  0.118401E+02
  0.118404E+02
  0.118408E+02
  0.118411E+02
  0.118414E+02
  0.118418E+02
  0.118421E+02
  0.118424E+02
  0.118427E+02
  0.118431E+02
  0.118434E+02
  0.118437E+02
  0.118440E+02
  0.118444E+02
  0.118447E+02
  0.118450E+02
  0.118454E+02
  0.118457E+02
  0.118460E+02
  0.118463E+02
  0.118467E+02
  0.118470E+02
  0.118473E+02
  0.118477E+02
  0.118480E+02
  0.118483E+02
  0.118486E+02
  0.118490E+02
  0.118493E+02
  0.118496E+02
  0.118499E+02
  0.118503E+02
  0.118506E+02
  0.118509E+02
  0.118513E+02
  0.118516E+02
  0.118519E+02
  0.118522E+02
  0.118526E+02
  0.118529E+02
  0.118532E+02
  0.118535E+02
  0.118539E+02
  0.118542E+02
  0.118545E+02
  0.118549E+02
  0.118552E+02
  0.118555E+02
  0.118558E+02
  0.118562E+02
  0.118565E+02
  0.118568E+02
  0.118571E+02
  0.118575E+02
  0.118578E+02
  0.118581E+02
  0.118585E+02
  0.118588E+02
  0.118591E+02
  0.118594E+02
  0.118598E+02
  0.118601E+02
  0.118604E+02
  0.118607E+02
  0.118611E+02
  0.118614E+02
  0.118617E+02
  0.118620E+02
  0.118624E+02
  0.118627E+02
  0.118630E+02
  0.118634E+02
  0.118637E+02
  0.118640E+02
  0.118643E+02
  0.118647E+02
  0.118650E+02
  0.118653E+02
  0.118656E+02
  0.118660E+02
  0.118663E+02
  0.118666E+02
  0.118670E+02
  0.118673E+02
  0.118676E+02
  0.118679E+02
  0.118683E+02
  0.118686E+02
  0.118689E+02
  0.118692E+02
  0.118696E+02
  0.118699E+02
  0.118702E+02
  0.118705E+02
  0.118709E+02
  0.118712E+02
  0.118715E+02
  0.118719E+02
  0.118722E+02
  0.118725E+02
  0.118728E+02
  0.118732E+02
  0.118735E+02
  0.118738E+02
  0.118741E+02
  0.118745E+02
  0.118748E+02
  0.118751E+02
  0.118754E+02
  0.118758E+02
  0.118761E+02
  0.118764E+02
  0.118767E+02
  0.118771E+02
  0.118774E+02
  0.118777E+02
  0.118781E+02
  0.118784E+02
  0.118787E+02
  0.118790E+02
  0.118794E+02
  0.118797E+02
  0.118800E+02
  0.118803E+02
  0.118807E+02
  0.118810E+02
  0.118813E+02
  0.118816E+02
  0.118820E+02
  0.118823E+02
  0.118826E+02
  0.118829E+02
  0.118833E+02
  0.118836E+02
  0.118839E+02
  0.118843E+02
  0.118846E+02
  0.118849E+02
  0.118852E+02
  0.118856E+02
  0.118859E+02
  0.118862E+02
  0.118865E+02
  0.118869E+02
  0.118872E+02
  0.118875E+02
  0.118878E+02
  0.118882E+02
  0.118885E+02
  0.118888E+02
  0.118891E+02
  0.118895E+02
  0.118898E+02
  0.118901E+02
  0.118904E+02
  0.118908E+02
  0.118911E+02
  0.118914E+02
  0.118918E+02
  0.118921E+02
  0.118924E+02
  0.118927E+02
  0.118931E+02
  0.118934E+02
  0.118937E+02
  0.118940E+02
  0.118944E+02
  0.118947E+02
  0.118950E+02
  0.118953E+02
  0.118957E+02
  0.118960E+02
  0.118963E+02
  0.118966E+02
  0.118970E+02
  0.118973E+02
  0.118976E+02
  0.118979E+02
  0.118983E+02
  0.118986E+02
  0.118989E+02
  0.118992E+02
  0.118996E+02
  0.118999E+02
  0.119002E+02
  0.119005E+02
  0.119009E+02
  0.119012E+02
  0.119015E+02
  0.119019E+02
  0.119022E+02
  0.119025E+02
  0.119028E+02
  0.119032E+02
  0.119035E+02
  0.119038E+02
  0.119041E+02
  0.119045E+02
  0.119048E+02
  0.119051E+02
  0.119054E+02
  0.119058E+02
  0.119061E+02
  0.119064E+02
  0.119067E+02
  0.119071E+02
  0.119074E+02
  0.119077E+02
  0.119080E+02
  0.119084E+02
  0.119087E+02
  0.119090E+02
  0.119093E+02
  0.119097E+02
  0.119100E+02
  0.119103E+02
  0.119106E+02
  0.119110E+02
  0.119113E+02
  0.119116E+02
  0.119119E+02
  0.119123E+02
  0.119126E+02
  0.119129E+02
  0.119132E+02
  0.119136E+02
  0.119139E+02
  0.119142E+02
  0.119145E+02
  0.119149E+02
  0.119152E+02
  0.119155E+02
  0.119158E+02
  0.119162E+02
  0.119165E+02
  0.119168E+02
  0.119171E+02
  0.119175E+02
  0.119178E+02
  0.119181E+02
  0.119184E+02
  0.119188E+02
  0.119191E+02
  0.119194E+02
  0.119197E+02
  0.119201E+02
  0.119204E+02
  0.119207E+02
  0.119210E+02
  0.119214E+02
  0.119217E+02
  0.119220E+02
  0.119223E+02
  0.119227E+02
  0.119230E+02
  0.119233E+02
  0.119236E+02
  0.119240E+02
  0.119243E+02
  0.119246E+02
  0.119249E+02
  0.119253E+02
  0.119256E+02
  0.119259E+02
  0.119262E+02
  0.119266E+02
  0.119269E+02
  0.119272E+02
  0.119275E+02
  0.119279E+02
  0.119282E+02
  0.119285E+02
  0.119288E+02
  0.119292E+02
  0.119295E+02
  0.119298E+02
  0.119301E+02
  0.119305E+02
  0.119308E+02
  0.119311E+02
  0.119314E+02
  0.119318E+02
  0.119321E+02
  0.119324E+02
  0.119327E+02
  0.119331E+02
  0.119334E+02
  0.119337E+02
  0.119340E+02
  0.119344E+02
  0.119347E+02
  0.119350E+02
  0.119353E+02
  0.119357E+02
  0.119360E+02
  0.119363E+02
  0.119366E+02
  0.119370E+02
  0.119373E+02
  0.119376E+02
  0.119379E+02
  0.119382E+02
  0.119386E+02
  0.119389E+02
  0.119392E+02
  0.119395E+02
  0.119399E+02
  0.119402E+02
  0.119405E+02
  0.119408E+02
  0.119412E+02
  0.119415E+02
  0.119418E+02
  0.119421E+02
  0.119425E+02
  0.119428E+02
  0.119431E+02
  0.119434E+02
  0.119438E+02
  0.119441E+02
  0.119444E+02
  0.119447E+02
  0.119451E+02
  0.119454E+02
  0.119457E+02
  0.119460E+02
  0.119464E+02
  0.119467E+02
  0.119470E+02
  0.119473E+02
  0.119477E+02
  0.119480E+02
  0.119483E+02
  0.119486E+02
  0.119489E+02
  0.119493E+02
  0.119496E+02
  0.119499E+02
  0.119502E+02
  0.119506E+02
  0.119509E+02
  0.119512E+02
  0.119515E+02
  0.119519E+02
  0.119522E+02
  0.119525E+02
  0.119528E+02
  0.119532E+02
  0.119535E+02
  0.119538E+02
  0.119541E+02
  0.119545E+02
  0.119548E+02
  0.119551E+02
  0.119554E+02
  0.119558E+02
  0.119561E+02
  0.119564E+02
  0.119567E+02
  0.119570E+02
  0.119574E+02
  0.119577E+02
  0.119580E+02
  0.119583E+02
  0.119587E+02
  0.119590E+02
  0.119593E+02
  0.119596E+02
  0.119600E+02
  0.119603E+02
  0.119606E+02
  0.119609E+02
  0.119613E+02
  0.119616E+02
  0.119619E+02
  0.119622E+02
  0.119625E+02
  0.119629E+02
  0.119632E+02
  0.119635E+02
  0.119638E+02
  0.119642E+02
  0.119645E+02
  0.119648E+02
  0.119651E+02
  0.119655E+02
  0.119658E+02
  0.119661E+02
  0.119664E+02
  0.119668E+02
  0.119671E+02
  0.119674E+02
  0.119677E+02
  0.119680E+02
  0.119684E+02
  0.119687E+02
  0.119690E+02
  0.119693E+02
  0.119697E+02
  0.119700E+02
  0.119703E+02
  0.119706E+02
  0.119710E+02
  0.119713E+02
  0.119716E+02
  0.119719E+02
  0.119723E+02
  0.119726E+02
  0.119729E+02
  0.119732E+02
  0.119735E+02
  0.119739E+02
  0.119742E+02
  0.119745E+02
  0.119748E+02
  0.119752E+02
  0.119755E+02
  0.119758E+02
  0.119761E+02
  0.119765E+02
  0.119768E+02
  0.119771E+02
  0.119774E+02
  0.119777E+02
  0.119781E+02
  0.119784E+02
  0.119787E+02
  0.119790E+02
  0.119794E+02
  0.119797E+02
  0.119800E+02
  0.119803E+02
  0.119807E+02
  0.119810E+02
  0.119813E+02
  0.119816E+02
  0.119819E+02
  0.119823E+02
  0.119826E+02
  0.119829E+02
  0.119832E+02
  0.119836E+02
  0.119839E+02
  0.119842E+02
  0.119845E+02
  0.119849E+02
  0.119852E+02
  0.119855E+02
  0.119858E+02
  0.119861E+02
  0.119865E+02
  0.119868E+02
  0.119871E+02
  0.119874E+02
  0.119878E+02
  0.119881E+02
  0.119884E+02
  0.119887E+02
  0.119890E+02
  0.119894E+02
  0.119897E+02
  0.119900E+02
  0.119903E+02
  0.119907E+02
  0.119910E+02
  0.119913E+02
  0.119916E+02
  0.119920E+02
  0.119923E+02
  0.119926E+02
  0.119929E+02
  0.119932E+02
  0.119936E+02
  0.119939E+02
  0.119942E+02
  0.119945E+02
  0.119949E+02
  0.119952E+02
  0.119955E+02
  0.119958E+02
  0.119961E+02
  0.119965E+02
  0.119968E+02
  0.119971E+02
  0.119974E+02
  0.119978E+02
  0.119981E+02
  0.119984E+02
  0.119987E+02
  0.119990E+02
  0.119994E+02
  0.119997E+02
  0.120000E+02
  0.120003E+02
  0.120007E+02
  0.120010E+02
  0.120013E+02
  0.120016E+02
  0.120019E+02
  0.120023E+02
  0.120026E+02
  0.120029E+02
  0.120032E+02
  0.120036E+02
  0.120039E+02
  0.120042E+02
  0.120045E+02
  0.120048E+02
  0.120052E+02
  0.120055E+02
  0.120058E+02
  0.120061E+02
  0.120065E+02
  0.120068E+02
  0.120071E+02
  0.120074E+02
  0.120077E+02
  0.120081E+02
  0.120084E+02
  0.120087E+02
  0.120090E+02
  0.120094E+02
  0.120097E+02
  0.120100E+02
  0.120103E+02
  0.120106E+02
  0.120110E+02
  0.120113E+02
  0.120116E+02
  0.120119E+02
  0.120123E+02
  0.120126E+02
  0.120129E+02
  0.120132E+02
  0.120136E+02
  0.120139E+02
  0.120142E+02
  0.120145E+02
  0.120148E+02
  0.120152E+02
  0.120155E+02
  0.120158E+02
  0.120161E+02
  0.120164E+02
  0.120168E+02
  0.120171E+02
  0.120174E+02
  0.120177E+02
  0.120181E+02
  0.120184E+02
  0.120187E+02
  0.120190E+02
  0.120193E+02
  0.120197E+02
  0.120200E+02
  0.120203E+02
  0.120206E+02
  0.120210E+02
  0.120213E+02
  0.120216E+02
  0.120219E+02
  0.120222E+02
  0.120226E+02
  0.120229E+02
  0.120232E+02
  0.120235E+02
  0.120239E+02
  0.120242E+02
  0.120245E+02
  0.120248E+02
  0.120251E+02
  0.120255E+02
  0.120258E+02
  0.120261E+02
  0.120264E+02
  0.120268E+02
  0.120271E+02
  0.120274E+02
  0.120277E+02
  0.120280E+02
  0.120284E+02
  0.120287E+02
  0.120290E+02
  0.120293E+02
  0.120297E+02
  0.120300E+02
  0.120303E+02
  0.120306E+02
  0.120309E+02
  0.120313E+02
  0.120316E+02
  0.120319E+02
  0.120322E+02
  0.120326E+02
  0.120329E+02
  0.120332E+02
  0.120335E+02
  0.120338E+02
  0.120342E+02
  0.120345E+02
  0.120348E+02
  0.120351E+02
  0.120355E+02
  0.120358E+02
  0.120361E+02
  0.120364E+02
  0.120367E+02
  0.120371E+02
  0.120374E+02
  0.120377E+02
  0.120380E+02
  0.120383E+02
  0.120387E+02
  0.120390E+02
  0.120393E+02
  0.120396E+02
  0.120400E+02
  0.120403E+02
  0.120406E+02
  0.120409E+02
  0.120412E+02
  0.120416E+02
  0.120419E+02
  0.120422E+02
  0.120425E+02
  0.120429E+02
  0.120432E+02
  0.120435E+02
  0.120438E+02
  0.120441E+02
  0.120445E+02
  0.120448E+02
  0.120451E+02
  0.120454E+02
  0.120458E+02
  0.120461E+02
  0.120464E+02
  0.120467E+02
  0.120470E+02
  0.120474E+02
  0.120477E+02
  0.120480E+02
  0.120483E+02
  0.120486E+02
  0.120490E+02
  0.120493E+02
  0.120496E+02
  0.120499E+02
  0.120503E+02
  0.120506E+02
  0.120509E+02
  0.120512E+02
  0.120515E+02
  0.120519E+02
  0.120522E+02
  0.120525E+02
  0.120528E+02
  0.120532E+02
  0.120535E+02
  0.120538E+02
  0.120541E+02
  0.120544E+02
  0.120548E+02
  0.120551E+02
  0.120554E+02
  0.120557E+02
  0.120561E+02
  0.120564E+02
  0.120567E+02
  0.120570E+02
  0.120573E+02
  0.120577E+02
  0.120580E+02
  0.120583E+02
  0.120586E+02
  0.120589E+02
  0.120593E+02
  0.120596E+02
  0.120599E+02
  0.120602E+02
  0.120606E+02
  0.120609E+02
  0.120612E+02
  0.120615E+02
  0.120618E+02
  0.120622E+02
  0.120625E+02
  0.120628E+02
  0.120631E+02
  0.120634E+02
  0.120638E+02
  0.120641E+02
  0.120644E+02
  0.120647E+02
  0.120651E+02
  0.120654E+02
  0.120657E+02
  0.120660E+02
  0.120663E+02
  0.120667E+02
  0.120670E+02
  0.120673E+02
  0.120676E+02
  0.120680E+02
  0.120683E+02
  0.120686E+02
  0.120689E+02
  0.120692E+02
  0.120696E+02
  0.120699E+02
  0.120702E+02
  0.120705E+02
  0.120708E+02
  0.120712E+02
  0.120715E+02
  0.120718E+02
  0.120721E+02
  0.120725E+02
  0.120728E+02
  0.120731E+02
  0.120734E+02
  0.120737E+02
  0.120741E+02
  0.120744E+02
  0.120747E+02
  0.120750E+02
  0.120753E+02
  0.120757E+02
  0.120760E+02
  0.120763E+02
  0.120766E+02
  0.120770E+02
  0.120773E+02
  0.120776E+02
  0.120779E+02
  0.120782E+02
  0.120786E+02
  0.120789E+02
  0.120792E+02
  0.120795E+02
  0.120798E+02
  0.120802E+02
  0.120805E+02
  0.120808E+02
  0.120811E+02
  0.120815E+02
  0.120818E+02
  0.120821E+02
  0.120824E+02
  0.120827E+02
  0.120831E+02
  0.120834E+02
  0.120837E+02
  0.120840E+02
  0.120843E+02
  0.120847E+02
  0.120850E+02
  0.120853E+02
  0.120856E+02
  0.120860E+02
  0.120863E+02
  0.120866E+02
  0.120869E+02
  0.120872E+02
  0.120876E+02
  0.120879E+02
  0.120882E+02
  0.120885E+02
  0.120888E+02
  0.120892E+02
  0.120895E+02
  0.120898E+02
  0.120901E+02
  0.120905E+02
  0.120908E+02
  0.120911E+02
  0.120914E+02
  0.120917E+02
  0.120921E+02
  0.120924E+02
  0.120927E+02
  0.120930E+02
  0.120933E+02
  0.120937E+02
  0.120940E+02
  0.120943E+02
  0.120946E+02
  0.120950E+02
  0.120953E+02
  0.120956E+02
  0.120959E+02
  0.120962E+02
  0.120966E+02
  0.120969E+02
  0.120972E+02
  0.120975E+02
  0.120978E+02
  0.120982E+02
  0.120985E+02
  0.120988E+02
  0.120991E+02
  0.120995E+02
  0.120998E+02
  0.121001E+02
  0.121004E+02
  0.121007E+02
  0.121011E+02
  0.121014E+02
  0.121017E+02
  0.121020E+02
  0.121023E+02
  0.121027E+02
  0.121030E+02
  0.121033E+02
  0.121036E+02
  0.121040E+02
  0.121043E+02
  0.121046E+02
  0.121049E+02
  0.121052E+02
  0.121056E+02
  0.121059E+02
  0.121062E+02
  0.121065E+02
  0.121068E+02
  0.121072E+02
  0.121075E+02
  0.121078E+02
  0.121081E+02
  0.121084E+02
  0.121088E+02
  0.121091E+02
  0.121094E+02
  0.121097E+02
  0.121101E+02
  0.121104E+02
  0.121107E+02
  0.121110E+02
  0.121113E+02
  0.121117E+02
  0.121120E+02
  0.121123E+02
  0.121126E+02
  0.121129E+02
  0.121133E+02
  0.121136E+02
  0.121139E+02
  0.121142E+02
  0.121145E+02
  0.121149E+02
  0.121152E+02
  0.121155E+02
  0.121158E+02
  0.121162E+02
  0.121165E+02
  0.121168E+02
  0.121171E+02
  0.121174E+02
  0.121178E+02
  0.121181E+02
  0.121184E+02
  0.121187E+02
  0.121190E+02
  0.121194E+02
  0.121197E+02
  0.121200E+02
  0.121203E+02
  0.121206E+02
  0.121210E+02
  0.121213E+02
  0.121216E+02
  0.121219E+02
  0.121223E+02
  0.121226E+02
  0.121229E+02
  0.121232E+02
  0.121235E+02
  0.121239E+02
  0.121242E+02
  0.121245E+02
  0.121248E+02
  0.121251E+02
  0.121255E+02
  0.121258E+02
  0.121261E+02
  0.121264E+02
  0.121267E+02
  0.121271E+02
  0.121274E+02
  0.121277E+02
  0.121280E+02
  0.121284E+02
  0.121287E+02
  0.121290E+02
  0.121293E+02
  0.121296E+02
  0.121300E+02
  0.121303E+02
  0.121306E+02
  0.121309E+02
  0.121312E+02
  0.121316E+02
  0.121319E+02
  0.121322E+02
  0.121325E+02
  0.121328E+02
  0.121332E+02
  0.121335E+02
  0.121338E+02
  0.121341E+02
  0.121345E+02
  0.121348E+02
  0.121351E+02
  0.121354E+02
  0.121357E+02
  0.121361E+02
  0.121364E+02
  0.121367E+02
  0.121370E+02
  0.121373E+02
  0.121377E+02
  0.121380E+02
  0.121383E+02
  0.121386E+02
  0.121389E+02
  0.121393E+02
  0.121396E+02
  0.121399E+02
  0.121402E+02
  0.121405E+02
  0.121409E+02
  0.121412E+02
  0.121415E+02
  0.121418E+02
  0.121422E+02
  0.121425E+02
  0.121428E+02
  0.121431E+02
  0.121434E+02
  0.121438E+02
  0.121441E+02
  0.121444E+02
  0.121447E+02
  0.121450E+02
  0.121454E+02
  0.121457E+02
  0.121460E+02
  0.121463E+02
  0.121466E+02
  0.121470E+02
  0.121473E+02
  0.121476E+02
  0.121479E+02
  0.121482E+02
  0.121486E+02
  0.121489E+02
  0.121492E+02
  0.121495E+02
  0.121499E+02
  0.121502E+02
  0.121505E+02
  0.121508E+02
  0.121511E+02
  0.121515E+02
  0.121518E+02
  0.121521E+02
  0.121524E+02
  0.121527E+02
  0.121531E+02
  0.121534E+02
  0.121537E+02
  0.121540E+02
  0.121543E+02
  0.121547E+02
  0.121550E+02
  0.121553E+02
  0.121556E+02
  0.121559E+02
  0.121563E+02
  0.121566E+02
  0.121569E+02
  0.121572E+02
  0.121575E+02
  0.121579E+02
  0.121582E+02
  0.121585E+02
  0.121588E+02
  0.121592E+02
  0.121595E+02
  0.121598E+02
  0.121601E+02
  0.121604E+02
  0.121608E+02
  0.121611E+02
  0.121614E+02
  0.121617E+02
  0.121620E+02
  0.121624E+02
  0.121627E+02
  0.121630E+02
  0.121633E+02
  0.121636E+02
  0.121640E+02
  0.121643E+02
  0.121646E+02
  0.121649E+02
  0.121652E+02
  0.121656E+02
  0.121659E+02
  0.121662E+02
  0.121665E+02
  0.121668E+02
  0.121672E+02
  0.121675E+02
  0.121678E+02
  0.121681E+02
  0.121684E+02
  0.121688E+02
  0.121691E+02
  0.121694E+02
  0.121697E+02
  0.121701E+02
  0.121704E+02
  0.121707E+02
  0.121710E+02
  0.121713E+02
  0.121717E+02
  0.121720E+02
  0.121723E+02
  0.121726E+02
  0.121729E+02
  0.121733E+02
  0.121736E+02
  0.121739E+02
  0.121742E+02
  0.121745E+02
  0.121749E+02
  0.121752E+02
  0.121755E+02
  0.121758E+02
  0.121761E+02
  0.121765E+02
  0.121768E+02
  0.121771E+02
  0.121774E+02
  0.121777E+02
  0.121781E+02
  0.121784E+02
  0.121787E+02
  0.121790E+02
  0.121793E+02
  0.121797E+02
  0.121800E+02
  0.121803E+02
  0.121806E+02
  0.121809E+02
  0.121813E+02
  0.121816E+02
  0.121819E+02
  0.121822E+02
  0.121826E+02
  0.121829E+02
  0.121832E+02
  0.121835E+02
  0.121838E+02
  0.121842E+02
  0.121845E+02
  0.121848E+02
  0.121851E+02
  0.121854E+02
  0.121858E+02
  0.121861E+02
  0.121864E+02
  0.121867E+02
  0.121870E+02
  0.121874E+02
  0.121877E+02
  0.121880E+02
  0.121883E+02
  0.121886E+02
  0.121890E+02
  0.121893E+02
  0.121896E+02
  0.121899E+02
  0.121902E+02
  0.121906E+02
  0.121909E+02
  0.121912E+02
  0.121915E+02
  0.121918E+02
  0.121922E+02
  0.121925E+02
  0.121928E+02
  0.121931E+02
  0.121934E+02
  0.121938E+02
  0.121941E+02
  0.121944E+02
  0.121947E+02
  0.121950E+02
  0.121954E+02
  0.121957E+02
  0.121960E+02
  0.121963E+02
  0.121966E+02
  0.121970E+02
  0.121973E+02
  0.121976E+02
  0.121979E+02
  0.121982E+02
  0.121986E+02
  0.121989E+02
  0.121992E+02
  0.121995E+02
  0.121998E+02
  0.122002E+02
  0.122005E+02
  0.122008E+02
  0.122011E+02
  0.122015E+02
  0.122018E+02
  0.122021E+02
  0.122024E+02
  0.122027E+02
  0.122031E+02
  0.122034E+02
  0.122037E+02
  0.122040E+02
  0.122043E+02
  0.122047E+02
  0.122050E+02
  0.122053E+02
  0.122056E+02
  0.122059E+02
  0.122063E+02
  0.122066E+02
  0.122069E+02
  0.122072E+02
  0.122075E+02
  0.122079E+02
  0.122082E+02
  0.122085E+02
  0.122088E+02
  0.122091E+02
  0.122095E+02
  0.122098E+02
  0.122101E+02
  0.122104E+02
  0.122107E+02
  0.122111E+02
  0.122114E+02
  0.122117E+02
  0.122120E+02
  0.122123E+02
  0.122127E+02
  0.122130E+02
  0.122133E+02
  0.122136E+02
  0.122139E+02
  0.122143E+02
  0.122146E+02
  0.122149E+02
  0.122152E+02
  0.122155E+02
  0.122159E+02
  0.122162E+02
  0.122165E+02
  0.122168E+02
  0.122171E+02
  0.122175E+02
  0.122178E+02
  0.122181E+02
  0.122184E+02
  0.122187E+02
  0.122191E+02
  0.122194E+02
  0.122197E+02
  0.122200E+02
  0.122203E+02
  0.122207E+02
  0.122210E+02
  0.122213E+02
  0.122216E+02
  0.122219E+02
  0.122223E+02
  0.122226E+02
  0.122229E+02
  0.122232E+02
  0.122235E+02
  0.122239E+02
  0.122242E+02
  0.122245E+02
  0.122248E+02
  0.122251E+02
  0.122255E+02
  0.122258E+02
  0.122261E+02
  0.122264E+02
  0.122267E+02
  0.122271E+02
  0.122274E+02
  0.122277E+02
  0.122280E+02
  0.122283E+02
  0.122287E+02
  0.122290E+02
  0.122293E+02
  0.122296E+02
  0.122299E+02
  0.122303E+02
  0.122306E+02
  0.122309E+02
  0.122312E+02
  0.122315E+02
  0.122319E+02
  0.122322E+02
  0.122325E+02
  0.122328E+02
  0.122331E+02
  0.122335E+02
  0.122338E+02
  0.122341E+02
  0.122344E+02
  0.122347E+02
  0.122351E+02
  0.122354E+02
  0.122357E+02
  0.122360E+02
  0.122363E+02
  0.122367E+02
  0.122370E+02
  0.122373E+02
  0.122376E+02
  0.122379E+02
  0.122383E+02
  0.122386E+02
  0.122389E+02
  0.122392E+02
  0.122395E+02
  0.122399E+02
  0.122402E+02
  0.122405E+02
  0.122408E+02
  0.122411E+02
  0.122415E+02
  0.122418E+02
  0.122421E+02
  0.122424E+02
  0.122427E+02
  0.122431E+02
  0.122434E+02
  0.122437E+02
  0.122440E+02
  0.122443E+02
  0.122447E+02
  0.122450E+02
  0.122453E+02
  0.122456E+02
  0.122459E+02
  0.122463E+02
  0.122466E+02
  0.122469E+02
  0.122472E+02
  0.122475E+02
  0.122479E+02
  0.122482E+02
  0.122485E+02
  0.122488E+02
  0.122491E+02
  0.122495E+02
  0.122498E+02
  0.122501E+02
  0.122504E+02
  0.122507E+02
  0.122511E+02
  0.122514E+02
  0.122517E+02
  0.122520E+02
  0.122523E+02
  0.122527E+02
  0.122530E+02
  0.122533E+02
  0.122536E+02
  0.122539E+02
  0.122543E+02
  0.122546E+02
  0.122549E+02
  0.122552E+02
  0.122555E+02
  0.122558E+02
  0.122562E+02
  0.122565E+02
  0.122568E+02
  0.122571E+02
  0.122574E+02
  0.122578E+02
  0.122581E+02
  0.122584E+02
  0.122587E+02
  0.122590E+02
  0.122594E+02
  0.122597E+02
  0.122600E+02
  0.122603E+02
  0.122606E+02
  0.122610E+02
  0.122613E+02
  0.122616E+02
  0.122619E+02
  0.122622E+02
  0.122626E+02
  0.122629E+02
  0.122632E+02
  0.122635E+02
  0.122638E+02
  0.122642E+02
  0.122645E+02
  0.122648E+02
  0.122651E+02
  0.122654E+02
  0.122658E+02
  0.122661E+02
  0.122664E+02
  0.122667E+02
  0.122670E+02
  0.122674E+02
  0.122677E+02
  0.122680E+02
  0.122683E+02
  0.122686E+02
  0.122690E+02
  0.122693E+02
  0.122696E+02
  0.122699E+02
  0.122702E+02
  0.122706E+02
  0.122709E+02
  0.122712E+02
  0.122715E+02
  0.122718E+02
  0.122722E+02
  0.122725E+02
  0.122728E+02
  0.122731E+02
  0.122734E+02
  0.122737E+02
  0.122741E+02
  0.122744E+02
  0.122747E+02
  0.122750E+02
  0.122753E+02
  0.122757E+02
  0.122760E+02
  0.122763E+02
  0.122766E+02
  0.122769E+02
  0.122773E+02
  0.122776E+02
  0.122779E+02
  0.122782E+02
  0.122785E+02
  0.122789E+02
  0.122792E+02
  0.122795E+02
  0.122798E+02
  0.122801E+02
  0.122805E+02
  0.122808E+02
  0.122811E+02
  0.122814E+02
  0.122817E+02
  0.122821E+02
  0.122824E+02
  0.122827E+02
  0.122830E+02
  0.122833E+02
  0.122837E+02
  0.122840E+02
  0.122843E+02
  0.122846E+02
  0.122849E+02
  0.122853E+02
  0.122856E+02
  0.122859E+02
  0.122862E+02
  0.122865E+02
  0.122869E+02
  0.122872E+02
  0.122875E+02
  0.122878E+02
  0.122881E+02
  0.122884E+02
  0.122888E+02
  0.122891E+02
  0.122894E+02
  0.122897E+02
  0.122900E+02
  0.122904E+02
  0.122907E+02
  0.122910E+02
  0.122913E+02
  0.122916E+02
  0.122920E+02
  0.122923E+02
  0.122926E+02
  0.122929E+02
  0.122932E+02
  0.122936E+02
  0.122939E+02
  0.122942E+02
  0.122945E+02
  0.122948E+02
  0.122952E+02
  0.122955E+02
  0.122958E+02
  0.122961E+02
  0.122964E+02
  0.122968E+02
  0.122971E+02
  0.122974E+02
  0.122977E+02
  0.122980E+02
  0.122983E+02
  0.122987E+02
  0.122990E+02
  0.122993E+02
  0.122996E+02
  0.122999E+02
  0.123003E+02
  0.123006E+02
  0.123009E+02
  0.123012E+02
  0.123015E+02
  0.123019E+02
  0.123022E+02
  0.123025E+02
  0.123028E+02
  0.123031E+02
  0.123035E+02
  0.123038E+02
  0.123041E+02
  0.123044E+02
  0.123047E+02
  0.123051E+02
  0.123054E+02
  0.123057E+02
  0.123060E+02
  0.123063E+02
  0.123067E+02
  0.123070E+02
  0.123073E+02
  0.123076E+02
  0.123079E+02
  0.123083E+02
  0.123086E+02
  0.123089E+02
  0.123092E+02
  0.123095E+02
  0.123099E+02
  0.123102E+02
  0.123105E+02
  0.123108E+02
  0.123111E+02
  0.123114E+02
  0.123118E+02
  0.123121E+02
  0.123124E+02
  0.123127E+02
  0.123130E+02
  0.123134E+02
  0.123137E+02
  0.123140E+02
  0.123143E+02
  0.123146E+02
  0.123150E+02
  0.123153E+02
  0.123156E+02
  0.123159E+02
  0.123162E+02
  0.123166E+02
  0.123169E+02
  0.123172E+02
  0.123175E+02
  0.123178E+02
  0.123182E+02
  0.123185E+02
  0.123188E+02
  0.123191E+02
  0.123194E+02
  0.123198E+02
  0.123201E+02
  0.123204E+02
  0.123207E+02
  0.123210E+02
  0.123214E+02
  0.123217E+02
  0.123220E+02
  0.123223E+02
  0.123226E+02
  0.123230E+02
  0.123233E+02
  0.123236E+02
  0.123239E+02
  0.123242E+02
  0.123246E+02
  0.123249E+02
  0.123252E+02
  0.123255E+02
  0.123258E+02
  0.123262E+02
  0.123265E+02
  0.123268E+02
  0.123271E+02
  0.123274E+02
  0.123278E+02
  0.123281E+02
  0.123284E+02
  0.123287E+02
  0.123290E+02
  0.123294E+02
  0.123297E+02
  0.123300E+02
  0.123303E+02
  0.123306E+02
  0.123310E+02
  0.123313E+02
  0.123316E+02
  0.123319E+02
  0.123322E+02
  0.123326E+02
  0.123329E+02
  0.123332E+02
  0.123335E+02
  0.123338E+02
  0.123342E+02
  0.123345E+02
  0.123348E+02
  0.123351E+02
  0.123354E+02
  0.123358E+02
  0.123361E+02
  0.123364E+02
  0.123367E+02
  0.123370E+02
  0.123374E+02
  0.123377E+02
  0.123380E+02
  0.123383E+02
  0.123386E+02
  0.123390E+02
  0.123393E+02
  0.123396E+02
  0.123399E+02
  0.123402E+02
  0.123406E+02
  0.123409E+02
  0.123412E+02
  0.123415E+02
  0.123418E+02
  0.123422E+02
  0.123425E+02
  0.123428E+02
  0.123431E+02
  0.123434E+02
  0.123438E+02
  0.123441E+02
  0.123444E+02
  0.123447E+02
  0.123450E+02
  0.123454E+02
  0.123457E+02
  0.123460E+02
  0.123463E+02
  0.123467E+02
  0.123470E+02
  0.123473E+02
  0.123476E+02
  0.123479E+02
  0.123483E+02
  0.123486E+02
  0.123489E+02
  0.123492E+02
  0.123495E+02
  0.123499E+02
  0.123502E+02
  0.123505E+02
  0.123508E+02
  0.123511E+02
  0.123515E+02
  0.123518E+02
  0.123521E+02
  0.123524E+02
  0.123527E+02
  0.123531E+02
  0.123534E+02
  0.123537E+02
  0.123540E+02
  0.123543E+02
  0.123547E+02
  0.123550E+02
  0.123553E+02
  0.123556E+02
  0.123559E+02
  0.123563E+02
  0.123566E+02
  0.123569E+02
  0.123572E+02
  0.123575E+02
  0.123579E+02
  0.123582E+02
  0.123585E+02
  0.123588E+02
  0.123592E+02
  0.123595E+02
  0.123598E+02
  0.123601E+02
  0.123604E+02
  0.123608E+02
  0.123611E+02
  0.123614E+02
  0.123617E+02
  0.123620E+02
  0.123624E+02
  0.123627E+02
  0.123630E+02
  0.123633E+02
  0.123636E+02
  0.123640E+02
  0.123643E+02
  0.123646E+02
  0.123649E+02
  0.123652E+02
  0.123656E+02
  0.123659E+02
  0.123662E+02
  0.123665E+02
  0.123669E+02
  0.123672E+02
  0.123675E+02
  0.123678E+02
  0.123681E+02
  0.123685E+02
  0.123688E+02
  0.123691E+02
  0.123694E+02
  0.123697E+02
  0.123701E+02
  0.123704E+02
  0.123707E+02
  0.123710E+02
  0.123713E+02
  0.123717E+02
  0.123720E+02
  0.123723E+02
  0.123726E+02
  0.123730E+02
  0.123733E+02
  0.123736E+02
  0.123739E+02
  0.123742E+02
  0.123746E+02
  0.123749E+02
  0.123752E+02
  0.123755E+02
  0.123758E+02
  0.123762E+02
  0.123765E+02
  0.123768E+02
  0.123771E+02
  0.123774E+02
  0.123778E+02
  0.123781E+02
  0.123784E+02
  0.123787E+02
  0.123791E+02
  0.123794E+02
  0.123797E+02
  0.123800E+02
  0.123803E+02
  0.123807E+02
  0.123810E+02
  0.123813E+02
  0.123816E+02
  0.123819E+02
  0.123823E+02
  0.123826E+02
  0.123829E+02
  0.123832E+02
  0.123836E+02
  0.123839E+02
  0.123842E+02
  0.123845E+02
  0.123848E+02
  0.123852E+02
  0.123855E+02
  0.123858E+02
  0.123861E+02
  0.123864E+02
  0.123868E+02
  0.123871E+02
  0.123874E+02
  0.123877E+02
  0.123881E+02
  0.123884E+02
  0.123887E+02
  0.123890E+02
  0.123893E+02
  0.123897E+02
  0.123900E+02
  0.123903E+02
  0.123906E+02
  0.123909E+02
  0.123913E+02
  0.123916E+02
  0.123919E+02
  0.123922E+02
  0.123926E+02
  0.123929E+02
  0.123932E+02
  0.123935E+02
  0.123938E+02
  0.123942E+02
  0.123945E+02
  0.123948E+02
  0.123951E+02
  0.123954E+02
  0.123958E+02
  0.123961E+02
  0.123964E+02
  0.123967E+02
  0.123971E+02
  0.123974E+02
  0.123977E+02
  0.123980E+02
  0.123983E+02
  0.123987E+02
  0.123990E+02
  0.123993E+02
  0.123996E+02
  0.123999E+02
  0.124003E+02
  0.124006E+02
  0.124009E+02
  0.124012E+02
  0.124016E+02
  0.124019E+02
  0.124022E+02
  0.124025E+02
  0.124028E+02
  0.124032E+02
  0.124035E+02
  0.124038E+02
  0.124041E+02
  0.124045E+02
  0.124048E+02
  0.124051E+02
  0.124054E+02
  0.124057E+02
  0.124061E+02
  0.124064E+02
  0.124067E+02
  0.124070E+02
  0.124074E+02
  0.124077E+02
  0.124080E+02
  0.124083E+02
  0.124086E+02
  0.124090E+02
  0.124093E+02
  0.124096E+02
  0.124099E+02
  0.124102E+02
  0.124106E+02
  0.124109E+02
  0.124112E+02
  0.124115E+02
  0.124119E+02
  0.124122E+02
  0.124125E+02
  0.124128E+02
  0.124131E+02
  0.124135E+02
  0.124138E+02
  0.124141E+02
  0.124144E+02
  0.124148E+02
  0.124151E+02
  0.124154E+02
  0.124157E+02
  0.124160E+02
  0.124164E+02
  0.124167E+02
  0.124170E+02
  0.124173E+02
  0.124177E+02
  0.124180E+02
  0.124183E+02
  0.124186E+02
  0.124189E+02
  0.124193E+02
  0.124196E+02
  0.124199E+02
  0.124202E+02
  0.124206E+02
  0.124209E+02
  0.124212E+02
  0.124215E+02
  0.124218E+02
  0.124222E+02
  0.124225E+02
  0.124228E+02
  0.124231E+02
  0.124235E+02
  0.124238E+02
  0.124241E+02
  0.124244E+02
  0.124247E+02
  0.124251E+02
  0.124254E+02
  0.124257E+02
  0.124260E+02
  0.124264E+02
  0.124267E+02
  0.124270E+02
  0.124273E+02
  0.124276E+02
  0.124280E+02
  0.124283E+02
  0.124286E+02
  0.124289E+02
  0.124293E+02
  0.124296E+02
  0.124299E+02
  0.124302E+02
  0.124305E+02
  0.124309E+02
  0.124312E+02
  0.124315E+02
  0.124318E+02
  0.124322E+02
  0.124325E+02
  0.124328E+02
  0.124331E+02
  0.124335E+02
  0.124338E+02
  0.124341E+02
  0.124344E+02
  0.124347E+02
  0.124351E+02
  0.124354E+02
  0.124357E+02
  0.124360E+02
  0.124364E+02
  0.124367E+02
  0.124370E+02
  0.124373E+02
  0.124376E+02
  0.124380E+02
  0.124383E+02
  0.124386E+02
  0.124389E+02
  0.124393E+02
  0.124396E+02
  0.124399E+02
  0.124402E+02
  0.124406E+02
  0.124409E+02
  0.124412E+02
  0.124415E+02
  0.124418E+02
  0.124422E+02
  0.124425E+02
  0.124428E+02
  0.124431E+02
  0.124435E+02
  0.124438E+02
  0.124441E+02
  0.124444E+02
  0.124447E+02
  0.124451E+02
  0.124454E+02
  0.124457E+02
  0.124460E+02
  0.124464E+02
  0.124467E+02
  0.124470E+02
  0.124473E+02
  0.124477E+02
  0.124480E+02
  0.124483E+02
  0.124486E+02
  0.124489E+02
  0.124493E+02
  0.124496E+02
  0.124499E+02
  0.124502E+02
  0.124506E+02
  0.124509E+02
  0.124512E+02
  0.124515E+02
  0.124519E+02
  0.124522E+02
  0.124525E+02
  0.124528E+02
  0.124531E+02
  0.124535E+02
  0.124538E+02
  0.124541E+02
  0.124544E+02
  0.124548E+02
  0.124551E+02
  0.124554E+02
  0.124557E+02
  0.124561E+02
  0.124564E+02
  0.124567E+02
  0.124570E+02
  0.124573E+02
  0.124577E+02
  0.124580E+02
  0.124583E+02
  0.124586E+02
  0.124590E+02
  0.124593E+02
  0.124596E+02
  0.124599E+02
  0.124603E+02
  0.124606E+02
  0.124609E+02
  0.124612E+02
  0.124615E+02
  0.124619E+02
  0.124622E+02
  0.124625E+02
  0.124628E+02
  0.124632E+02
  0.124635E+02
  0.124638E+02
  0.124641E+02
  0.124645E+02
  0.124648E+02
  0.124651E+02
  0.124654E+02
  0.124658E+02
  0.124661E+02
  0.124664E+02
  0.124667E+02
  0.124670E+02
  0.124674E+02
  0.124677E+02
  0.124680E+02
  0.124683E+02
  0.124687E+02
  0.124690E+02
  0.124693E+02
  0.124696E+02
  0.124700E+02
  0.124703E+02
  0.124706E+02
  0.124709E+02
  0.124712E+02
  0.124716E+02
  0.124719E+02
  0.124722E+02
  0.124725E+02
  0.124729E+02
  0.124732E+02
  0.124735E+02
  0.124738E+02
  0.124742E+02
  0.124745E+02
  0.124748E+02
  0.124751E+02
  0.124755E+02
  0.124758E+02
  0.124761E+02
  0.124764E+02
  0.124768E+02
  0.124771E+02
  0.124774E+02
  0.124777E+02
  0.124780E+02
  0.124784E+02
  0.124787E+02
  0.124790E+02
  0.124793E+02
  0.124797E+02
  0.124800E+02
  0.124803E+02
  0.124806E+02
  0.124810E+02
  0.124813E+02
  0.124816E+02
  0.124819E+02
  0.124823E+02
  0.124826E+02
  0.124829E+02
  0.124832E+02
  0.124836E+02
  0.124839E+02
  0.124842E+02
  0.124845E+02
  0.124848E+02
  0.124852E+02
  0.124855E+02
  0.124858E+02
  0.124861E+02
  0.124865E+02
  0.124868E+02
  0.124871E+02
  0.124874E+02
  0.124878E+02
  0.124881E+02
  0.124884E+02
  0.124887E+02
  0.124891E+02
  0.124894E+02
  0.124897E+02
  0.124900E+02
  0.124904E+02
  0.124907E+02
  0.124910E+02
  0.124913E+02
  0.124917E+02
  0.124920E+02
  0.124923E+02
  0.124926E+02
  0.124929E+02
  0.124933E+02
  0.124936E+02
  0.124939E+02
  0.124942E+02
  0.124946E+02
  0.124949E+02
  0.124952E+02
  0.124955E+02
  0.124959E+02
  0.124962E+02
  0.124965E+02
  0.124968E+02
  0.124972E+02
  0.124975E+02
  0.124978E+02
  0.124981E+02
  0.124985E+02
  0.124988E+02
  0.124991E+02
  0.124994E+02
  0.124998E+02
  0.125001E+02
  0.125004E+02
  0.125007E+02
  0.125011E+02
  0.125014E+02
  0.125017E+02
  0.125020E+02
  0.125024E+02
  0.125027E+02
  0.125030E+02
  0.125033E+02
  0.125036E+02
  0.125040E+02
  0.125043E+02
  0.125046E+02
  0.125049E+02
  0.125053E+02
  0.125056E+02
  0.125059E+02
  0.125062E+02
  0.125066E+02
  0.125069E+02
  0.125072E+02
  0.125075E+02
  0.125079E+02
  0.125082E+02
  0.125085E+02
  0.125088E+02
  0.125092E+02
  0.125095E+02
  0.125098E+02
  0.125101E+02
  0.125105E+02
  0.125108E+02
  0.125111E+02
  0.125114E+02
  0.125118E+02
  0.125121E+02
  0.125124E+02
  0.125127E+02
  0.125131E+02
  0.125134E+02
  0.125137E+02
  0.125140E+02
  0.125144E+02
  0.125147E+02
  0.125150E+02
  0.125153E+02
  0.125157E+02
  0.125160E+02
  0.125163E+02
  0.125166E+02
  0.125170E+02
  0.125173E+02
  0.125176E+02
  0.125179E+02
  0.125183E+02
  0.125186E+02
  0.125189E+02
  0.125192E+02
  0.125196E+02
  0.125199E+02
  0.125202E+02
  0.125205E+02
  0.125209E+02
  0.125212E+02
  0.125215E+02
  0.125218E+02
  0.125222E+02
  0.125225E+02
  0.125228E+02
  0.125231E+02
  0.125235E+02
  0.125238E+02
  0.125241E+02
  0.125244E+02
  0.125248E+02
  0.125251E+02
  0.125254E+02
  0.125257E+02
  0.125261E+02
  0.125264E+02
  0.125267E+02
  0.125270E+02
  0.125274E+02
  0.125277E+02
  0.125280E+02
  0.125283E+02
  0.125287E+02
  0.125290E+02
  0.125293E+02
  0.125296E+02
  0.125300E+02
  0.125303E+02
  0.125306E+02
  0.125309E+02
  0.125313E+02
  0.125316E+02
  0.125319E+02
  0.125322E+02
  0.125326E+02
  0.125329E+02
  0.125332E+02
  0.125335E+02
  0.125339E+02
  0.125342E+02
  0.125345E+02
  0.125348E+02
  0.125352E+02
  0.125355E+02
  0.125358E+02
  0.125361E+02
  0.125365E+02
  0.125368E+02
  0.125371E+02
  0.125374E+02
  0.125378E+02
  0.125381E+02
  0.125384E+02
  0.125387E+02
  0.125391E+02
  0.125394E+02
  0.125397E+02
  0.125400E+02
  0.125404E+02
  0.125407E+02
  0.125410E+02
  0.125413E+02
  0.125417E+02
  0.125420E+02
  0.125423E+02
  0.125426E+02
  0.125430E+02
  0.125433E+02
  0.125436E+02
  0.125439E+02
  0.125443E+02
  0.125446E+02
  0.125449E+02
  0.125453E+02
  0.125456E+02
  0.125459E+02
  0.125462E+02
  0.125466E+02
  0.125469E+02
  0.125472E+02
  0.125475E+02
  0.125479E+02
  0.125482E+02
  0.125485E+02
  0.125488E+02
  0.125492E+02
  0.125495E+02
  0.125498E+02
  0.125501E+02
  0.125505E+02
  0.125508E+02
  0.125511E+02
  0.125514E+02
  0.125518E+02
  0.125521E+02
  0.125524E+02
  0.125527E+02
  0.125531E+02
  0.125534E+02
  0.125537E+02
  0.125540E+02
  0.125544E+02
  0.125547E+02
  0.125550E+02
  0.125553E+02
  0.125557E+02
  0.125560E+02
  0.125563E+02
  0.125567E+02
  0.125570E+02
  0.125573E+02
  0.125576E+02
  0.125580E+02
  0.125583E+02
  0.125586E+02
  0.125589E+02
  0.125593E+02
  0.125596E+02
  0.125599E+02
  0.125602E+02
  0.125606E+02
  0.125609E+02
  0.125612E+02
  0.125615E+02
  0.125619E+02
  0.125622E+02
  0.125625E+02
  0.125628E+02
  0.125632E+02
  0.125635E+02
  0.125638E+02
  0.125642E+02
  0.125645E+02
  0.125648E+02
  0.125651E+02
  0.125655E+02
  0.125658E+02
  0.125661E+02
  0.125664E+02
  0.125668E+02
  0.125671E+02
  0.125674E+02
  0.125677E+02
  0.125681E+02
  0.125684E+02
  0.125687E+02
  0.125690E+02
  0.125694E+02
  0.125697E+02
  0.125700E+02
  0.125703E+02
  0.125707E+02
  0.125710E+02
  0.125713E+02
  0.125717E+02
  0.125720E+02
  0.125723E+02
  0.125726E+02
  0.125730E+02
  0.125733E+02
  0.125736E+02
  0.125739E+02
  0.125743E+02
  0.125746E+02
  0.125749E+02
  0.125752E+02
  0.125756E+02
  0.125759E+02
  0.125762E+02
  0.125766E+02
  0.125769E+02
  0.125772E+02
  0.125775E+02
  0.125779E+02
  0.125782E+02
  0.125785E+02
  0.125788E+02
  0.125792E+02
  0.125795E+02
  0.125798E+02
  0.125801E+02
  0.125805E+02
  0.125808E+02
  0.125811E+02
  0.125815E+02
  0.125818E+02
  0.125821E+02
  0.125824E+02
  0.125828E+02
  0.125831E+02
  0.125834E+02
  0.125837E+02
  0.125841E+02
  0.125844E+02
  0.125847E+02
  0.125850E+02
  0.125854E+02
  0.125857E+02
  0.125860E+02
  0.125864E+02
  0.125867E+02
  0.125870E+02
  0.125873E+02
  0.125877E+02
  0.125880E+02
  0.125883E+02
  0.125886E+02
  0.125890E+02
  0.125893E+02
  0.125896E+02
  0.125899E+02
  0.125903E+02
  0.125906E+02
  0.125909E+02
  0.125913E+02
  0.125916E+02
  0.125919E+02
  0.125922E+02
  0.125926E+02
  0.125929E+02
  0.125932E+02
  0.125935E+02
  0.125939E+02
  0.125942E+02
  0.125945E+02
  0.125949E+02
  0.125952E+02
  0.125955E+02
  0.125958E+02
  0.125962E+02
  0.125965E+02
  0.125968E+02
  0.125971E+02
  0.125975E+02
  0.125978E+02
  0.125981E+02
  0.125984E+02
  0.125988E+02
  0.125991E+02
  0.125994E+02
  0.125998E+02
  0.126001E+02
  0.126004E+02
  0.126007E+02
  0.126011E+02
  0.126014E+02
  0.126017E+02
  0.126020E+02
  0.126024E+02
  0.126027E+02
  0.126030E+02
  0.126034E+02
  0.126037E+02
  0.126040E+02
  0.126043E+02
  0.126047E+02
  0.126050E+02
  0.126053E+02
  0.126057E+02
  0.126060E+02
  0.126063E+02
  0.126066E+02
  0.126070E+02
  0.126073E+02
  0.126076E+02
  0.126079E+02
  0.126083E+02
  0.126086E+02
  0.126089E+02
  0.126093E+02
  0.126096E+02
  0.126099E+02
  0.126102E+02
  0.126106E+02
  0.126109E+02
  0.126112E+02
  0.126116E+02
  0.126119E+02
  0.126122E+02
  0.126125E+02
  0.126129E+02
  0.126132E+02
  0.126135E+02
  0.126138E+02
  0.126142E+02
  0.126145E+02
  0.126148E+02
  0.126152E+02
  0.126155E+02
  0.126158E+02
  0.126161E+02
  0.126165E+02
  0.126168E+02
  0.126171E+02
  0.126175E+02
  0.126178E+02
  0.126181E+02
  0.126184E+02
  0.126188E+02
  0.126191E+02
  0.126194E+02
  0.126198E+02
  0.126201E+02
  0.126204E+02
  0.126207E+02
  0.126211E+02
  0.126214E+02
  0.126217E+02
  0.126221E+02
  0.126224E+02
  0.126227E+02
  0.126230E+02
  0.126234E+02
  0.126237E+02
  0.126240E+02
  0.126244E+02
  0.126247E+02
  0.126250E+02
  0.126253E+02
  0.126257E+02
  0.126260E+02
  0.126263E+02
  0.126267E+02
  0.126270E+02
  0.126273E+02
  0.126277E+02
  0.126280E+02
  0.126283E+02
  0.126286E+02
  0.126290E+02
  0.126293E+02
  0.126296E+02
  0.126300E+02
  0.126303E+02
  0.126306E+02
  0.126309E+02
  0.126313E+02
  0.126316E+02
  0.126319E+02
  0.126323E+02
  0.126326E+02
  0.126329E+02
  0.126332E+02
  0.126336E+02
  0.126339E+02
  0.126342E+02
  0.126346E+02
  0.126349E+02
  0.126352E+02
  0.126356E+02
  0.126359E+02
  0.126362E+02
  0.126365E+02
  0.126369E+02
  0.126372E+02
  0.126375E+02
  0.126379E+02
  0.126382E+02
  0.126385E+02
  0.126389E+02
  0.126392E+02
  0.126395E+02
  0.126398E+02
  0.126402E+02
  0.126405E+02
  0.126408E+02
  0.126412E+02
  0.126415E+02
  0.126418E+02
  0.126422E+02
  0.126425E+02
  0.126428E+02
  0.126431E+02
  0.126435E+02
  0.126438E+02
  0.126441E+02
  0.126445E+02
  0.126448E+02
  0.126451E+02
  0.126455E+02
  0.126458E+02
  0.126461E+02
  0.126464E+02
  0.126468E+02
  0.126471E+02
  0.126474E+02
  0.126478E+02
  0.126481E+02
  0.126484E+02
  0.126488E+02
  0.126491E+02
  0.126494E+02
  0.126498E+02
  0.126501E+02
  0.126504E+02
  0.126507E+02
  0.126511E+02
  0.126514E+02
  0.126517E+02
  0.126521E+02
  0.126524E+02
  0.126527E+02
  0.126531E+02
  0.126534E+02
  0.126537E+02
  0.126541E+02
  0.126544E+02
  0.126547E+02
  0.126550E+02
  0.126554E+02
  0.126557E+02
  0.126560E+02
  0.126564E+02
  0.126567E+02
  0.126570E+02
  0.126574E+02
  0.126577E+02
  0.126580E+02
  0.126584E+02
  0.126587E+02
  0.126590E+02
  0.126594E+02
  0.126597E+02
  0.126600E+02
  0.126603E+02
  0.126607E+02
  0.126610E+02
  0.126613E+02
  0.126617E+02
  0.126620E+02
  0.126623E+02
  0.126627E+02
  0.126630E+02
  0.126633E+02
  0.126637E+02
  0.126640E+02
  0.126643E+02
  0.126647E+02
  0.126650E+02
  0.126653E+02
  0.126657E+02
  0.126660E+02
  0.126663E+02
  0.126666E+02
  0.126670E+02
  0.126673E+02
  0.126676E+02
  0.126680E+02
  0.126683E+02
  0.126686E+02
  0.126690E+02
  0.126693E+02
  0.126696E+02
  0.126700E+02
  0.126703E+02
  0.126706E+02
  0.126710E+02
  0.126713E+02
  0.126716E+02
  0.126720E+02
  0.126723E+02
  0.126726E+02
  0.126730E+02
  0.126733E+02
  0.126736E+02
  0.126740E+02
  0.126743E+02
  0.126746E+02
  0.126750E+02
  0.126753E+02
  0.126756E+02
  0.126760E+02
  0.126763E+02
  0.126766E+02
  0.126769E+02
  0.126773E+02
  0.126776E+02
  0.126779E+02
  0.126783E+02
  0.126786E+02
  0.126789E+02
  0.126793E+02
  0.126796E+02
  0.126799E+02
  0.126803E+02
  0.126806E+02
  0.126809E+02
  0.126813E+02
  0.126816E+02
  0.126819E+02
  0.126823E+02
  0.126826E+02
  0.126829E+02
  0.126833E+02
  0.126836E+02
  0.126839E+02
  0.126843E+02
  0.126846E+02
  0.126849E+02
  0.126853E+02
  0.126856E+02
  0.126859E+02
  0.126863E+02
  0.126866E+02
  0.126869E+02
  0.126873E+02
  0.126876E+02
  0.126879E+02
  0.126883E+02
  0.126886E+02
  0.126889E+02
  0.126893E+02
  0.126896E+02
  0.126899E+02
  0.126903E+02
  0.126906E+02
  0.126909E+02
  0.126913E+02
  0.126916E+02
  0.126919E+02
  0.126923E+02
  0.126926E+02
  0.126929E+02
  0.126933E+02
  0.126936E+02
  0.126939E+02
  0.126943E+02
  0.126946E+02
  0.126949E+02
  0.126953E+02
  0.126956E+02
  0.126960E+02
  0.126963E+02
  0.126966E+02
  0.126970E+02
  0.126973E+02
  0.126976E+02
  0.126980E+02
  0.126983E+02
  0.126986E+02
  0.126990E+02
  0.126993E+02
  0.126996E+02
  0.127000E+02
  0.127003E+02
  0.127006E+02
  0.127010E+02
  0.127013E+02
  0.127016E+02
  0.127020E+02
  0.127023E+02
  0.127026E+02
  0.127030E+02
  0.127033E+02
  0.127036E+02
  0.127040E+02
  0.127043E+02
  0.127046E+02
  0.127050E+02
  0.127053E+02
  0.127056E+02
  0.127060E+02
  0.127063E+02
  0.127067E+02
  0.127070E+02
  0.127073E+02
  0.127077E+02
  0.127080E+02
  0.127083E+02
  0.127087E+02
  0.127090E+02
  0.127093E+02
  0.127097E+02
  0.127100E+02
  0.127103E+02
  0.127107E+02
  0.127110E+02
  0.127113E+02
  0.127117E+02
  0.127120E+02
  0.127124E+02
  0.127127E+02
  0.127130E+02
  0.127134E+02
  0.127137E+02
  0.127140E+02
  0.127144E+02
  0.127147E+02
  0.127150E+02
  0.127154E+02
  0.127157E+02
  0.127160E+02
  0.127164E+02
  0.127167E+02
  0.127170E+02
  0.127174E+02
  0.127177E+02
  0.127181E+02
  0.127184E+02
  0.127187E+02
  0.127191E+02
  0.127194E+02
  0.127197E+02
  0.127201E+02
  0.127204E+02
  0.127207E+02
  0.127211E+02
  0.127214E+02
  0.127217E+02
  0.127221E+02
  0.127224E+02
  0.127228E+02
  0.127231E+02
  0.127234E+02
  0.127238E+02
  0.127241E+02
  0.127244E+02
  0.127248E+02
  0.127251E+02
  0.127254E+02
  0.127258E+02
  0.127261E+02
  0.127265E+02
  0.127268E+02
  0.127271E+02
  0.127275E+02
  0.127278E+02
  0.127281E+02
  0.127285E+02
  0.127288E+02
  0.127291E+02
  0.127295E+02
  0.127298E+02
  0.127302E+02
  0.127305E+02
  0.127308E+02
  0.127312E+02
  0.127315E+02
  0.127318E+02
  0.127322E+02
  0.127325E+02
  0.127329E+02
  0.127332E+02
  0.127335E+02
  0.127339E+02
  0.127342E+02
  0.127345E+02
  0.127349E+02
  0.127352E+02
  0.127355E+02
  0.127359E+02
  0.127362E+02
  0.127366E+02
  0.127369E+02
  0.127372E+02
  0.127376E+02
  0.127379E+02
  0.127382E+02
  0.127386E+02
  0.127389E+02
  0.127393E+02
  0.127396E+02
  0.127399E+02
  0.127403E+02
  0.127406E+02
  0.127409E+02
  0.127413E+02
  0.127416E+02
  0.127420E+02
  0.127423E+02
  0.127426E+02
  0.127430E+02
  0.127433E+02
  0.127436E+02
  0.127440E+02
  0.127443E+02
  0.127447E+02
  0.127450E+02
  0.127453E+02
  0.127457E+02
  0.127460E+02
  0.127463E+02
  0.127467E+02
  0.127470E+02
  0.127474E+02
  0.127477E+02
  0.127480E+02
  0.127484E+02
  0.127487E+02
  0.127491E+02
  0.127494E+02
  0.127497E+02
  0.127501E+02
  0.127504E+02
  0.127507E+02
  0.127511E+02
  0.127514E+02
  0.127518E+02
  0.127521E+02
  0.127524E+02
  0.127528E+02
  0.127531E+02
  0.127534E+02
  0.127538E+02
  0.127541E+02
  0.127545E+02
  0.127548E+02
  0.127551E+02
  0.127555E+02
  0.127558E+02
  0.127562E+02
  0.127565E+02
  0.127568E+02
  0.127572E+02
  0.127575E+02
  0.127579E+02
  0.127582E+02
  0.127585E+02
  0.127589E+02
  0.127592E+02
  0.127595E+02
  0.127599E+02
  0.127602E+02
  0.127606E+02
  0.127609E+02
  0.127612E+02
  0.127616E+02
  0.127619E+02
  0.127623E+02
  0.127626E+02
  0.127629E+02
  0.127633E+02
  0.127636E+02
  0.127640E+02
  0.127643E+02
  0.127646E+02
  0.127650E+02
  0.127653E+02
  0.127657E+02
  0.127660E+02
  0.127663E+02
  0.127667E+02
  0.127670E+02
  0.127673E+02
  0.127677E+02
  0.127680E+02
  0.127684E+02
  0.127687E+02
  0.127690E+02
  0.127694E+02
  0.127697E+02
  0.127701E+02
  0.127704E+02
  0.127707E+02
  0.127711E+02
  0.127714E+02
  0.127718E+02
  0.127721E+02
  0.127724E+02
  0.127728E+02
  0.127731E+02
  0.127735E+02
  0.127738E+02
  0.127741E+02
  0.127745E+02
  0.127748E+02
  0.127752E+02
  0.127755E+02
  0.127758E+02
  0.127762E+02
  0.127765E+02
  0.127769E+02
  0.127772E+02
  0.127775E+02
  0.127779E+02
  0.127782E+02
  0.127786E+02
  0.127789E+02
  0.127793E+02
  0.127796E+02
  0.127799E+02
  0.127803E+02
  0.127806E+02
  0.127810E+02
  0.127813E+02
  0.127816E+02
  0.127820E+02
  0.127823E+02
  0.127827E+02
  0.127830E+02
  0.127833E+02
  0.127837E+02
  0.127840E+02
  0.127844E+02
  0.127847E+02
  0.127850E+02
  0.127854E+02
  0.127857E+02
  0.127861E+02
  0.127864E+02
  0.127867E+02
  0.127871E+02
  0.127874E+02
  0.127878E+02
  0.127881E+02
  0.127885E+02
  0.127888E+02
  0.127891E+02
  0.127895E+02
  0.127898E+02
  0.127902E+02
  0.127905E+02
  0.127908E+02
  0.127912E+02
  0.127915E+02
  0.127919E+02
  0.127922E+02
  0.127926E+02
  0.127929E+02
  0.127932E+02
  0.127936E+02
  0.127939E+02
  0.127943E+02
  0.127946E+02
  0.127949E+02
  0.127953E+02
  0.127956E+02
  0.127960E+02
  0.127963E+02
  0.127967E+02
  0.127970E+02
  0.127973E+02
  0.127977E+02
  0.127980E+02
  0.127984E+02
  0.127987E+02
  0.127990E+02
  0.127994E+02
  0.127997E+02
  0.128001E+02
  0.128004E+02
  0.128008E+02
  0.128011E+02
  0.128014E+02
  0.128018E+02
  0.128021E+02
  0.128025E+02
  0.128028E+02
  0.128032E+02
  0.128035E+02
  0.128038E+02
  0.128042E+02
  0.128045E+02
  0.128049E+02
  0.128052E+02
  0.128056E+02
  0.128059E+02
  0.128062E+02
  0.128066E+02
  0.128069E+02
  0.128073E+02
  0.128076E+02
  0.128080E+02
  0.128083E+02
  0.128086E+02
  0.128090E+02
  0.128093E+02
  0.128097E+02
  0.128100E+02
  0.128104E+02
  0.128107E+02
  0.128110E+02
  0.128114E+02
  0.128117E+02
  0.128121E+02
  0.128124E+02
  0.128128E+02
  0.128131E+02
  0.128134E+02
  0.128138E+02
  0.128141E+02
  0.128145E+02
  0.128148E+02
  0.128152E+02
  0.128155E+02
  0.128158E+02
  0.128162E+02
  0.128165E+02
  0.128169E+02
  0.128172E+02
  0.128176E+02
  0.128179E+02
  0.128183E+02
  0.128186E+02
  0.128189E+02
  0.128193E+02
  0.128196E+02
  0.128200E+02
  0.128203E+02
  0.128207E+02
  0.128210E+02
  0.128213E+02
  0.128217E+02
  0.128220E+02
  0.128224E+02
  0.128227E+02
  0.128231E+02
  0.128234E+02
  0.128238E+02
  0.128241E+02
  0.128244E+02
  0.128248E+02
  0.128251E+02
  0.128255E+02
  0.128258E+02
  0.128262E+02
  0.128265E+02
  0.128269E+02
  0.128272E+02
  0.128275E+02
  0.128279E+02
  0.128282E+02
  0.128286E+02
  0.128289E+02
  0.128293E+02
  0.128296E+02
  0.128300E+02
  0.128303E+02
  0.128306E+02
  0.128310E+02
  0.128313E+02
  0.128317E+02
  0.128320E+02
  0.128324E+02
  0.128327E+02
  0.128331E+02
  0.128334E+02
  0.128338E+02
  0.128341E+02
  0.128344E+02
  0.128348E+02
  0.128351E+02
  0.128355E+02
  0.128358E+02
  0.128362E+02
  0.128365E+02
  0.128369E+02
  0.128372E+02
  0.128375E+02
  0.128379E+02
  0.128382E+02
  0.128386E+02
  0.128389E+02
  0.128393E+02
  0.128396E+02
  0.128400E+02
  0.128403E+02
  0.128407E+02
  0.128410E+02
  0.128414E+02
  0.128417E+02
  0.128420E+02
  0.128424E+02
  0.128427E+02
  0.128431E+02
  0.128434E+02
  0.128438E+02
  0.128441E+02
  0.128445E+02
  0.128448E+02
  0.128452E+02
  0.128455E+02
  0.128458E+02
  0.128462E+02
  0.128465E+02
  0.128469E+02
  0.128472E+02
  0.128476E+02
  0.128479E+02
  0.128483E+02
  0.128486E+02
  0.128490E+02
  0.128493E+02
  0.128497E+02
  0.128500E+02
  0.128503E+02
  0.128507E+02
  0.128510E+02
  0.128514E+02
  0.128517E+02
  0.128521E+02
  0.128524E+02
  0.128528E+02
  0.128531E+02
  0.128535E+02
  0.128538E+02
  0.128542E+02
  0.128545E+02
  0.128549E+02
  0.128552E+02
  0.128555E+02
  0.128559E+02
  0.128562E+02
  0.128566E+02
  0.128569E+02
  0.128573E+02
  0.128576E+02
  0.128580E+02
  0.128583E+02
  0.128587E+02
  0.128590E+02
  0.128594E+02
  0.128597E+02
  0.128601E+02
  0.128604E+02
  0.128608E+02
  0.128611E+02
  0.128615E+02
  0.128618E+02
  0.128621E+02
  0.128625E+02
  0.128628E+02
  0.128632E+02
  0.128635E+02
  0.128639E+02
  0.128642E+02
  0.128646E+02
  0.128649E+02
  0.128653E+02
  0.128656E+02
  0.128660E+02
  0.128663E+02
  0.128667E+02
  0.128670E+02
  0.128674E+02
  0.128677E+02
  0.128681E+02
  0.128684E+02
  0.128688E+02
  0.128691E+02
  0.128695E+02
  0.128698E+02
  0.128701E+02
  0.128705E+02
  0.128708E+02
  0.128712E+02
  0.128715E+02
  0.128719E+02
  0.128722E+02
  0.128726E+02
  0.128729E+02
  0.128733E+02
  0.128736E+02
  0.128740E+02
  0.128743E+02
  0.128747E+02
  0.128750E+02
  0.128754E+02
  0.128757E+02
  0.128761E+02
  0.128764E+02
  0.128768E+02
  0.128771E+02
  0.128775E+02
  0.128778E+02
  0.128782E+02
  0.128785E+02
  0.128789E+02
  0.128792E+02
  0.128796E+02
  0.128799E+02
  0.128803E+02
  0.128806E+02
  0.128810E+02
  0.128813E+02
  0.128817E+02
  0.128820E+02
  0.128824E+02
  0.128827E+02
  0.128831E+02
  0.128834E+02
  0.128838E+02
  0.128841E+02
  0.128844E+02
  0.128848E+02
  0.128851E+02
  0.128855E+02
  0.128858E+02
  0.128862E+02
  0.128865E+02
  0.128869E+02
  0.128872E+02
  0.128876E+02
  0.128879E+02
  0.128883E+02
  0.128886E+02
  0.128890E+02
  0.128893E+02
  0.128897E+02
  0.128900E+02
  0.128904E+02
  0.128907E+02
  0.128911E+02
  0.128914E+02
  0.128918E+02
  0.128921E+02
  0.128925E+02
  0.128928E+02
  0.128932E+02
  0.128935E+02
  0.128939E+02
  0.128942E+02
  0.128946E+02
  0.128949E+02
  0.128953E+02
  0.128956E+02
  0.128960E+02
  0.128963E+02
  0.128967E+02
  0.128971E+02
  0.128974E+02
  0.128978E+02
  0.128981E+02
  0.128985E+02
  0.128988E+02
  0.128992E+02
  0.128995E+02
  0.128999E+02
  0.129002E+02
  0.129006E+02
  0.129009E+02
  0.129013E+02
  0.129016E+02
  0.129020E+02
  0.129023E+02
  0.129027E+02
  0.129030E+02
  0.129034E+02
  0.129037E+02
  0.129041E+02
  0.129044E+02
  0.129048E+02
  0.129051E+02
  0.129055E+02
  0.129058E+02
  0.129062E+02
  0.129065E+02
  0.129069E+02
  0.129072E+02
  0.129076E+02
  0.129079E+02
  0.129083E+02
  0.129086E+02
  0.129090E+02
  0.129093E+02
  0.129097E+02
  0.129101E+02
  0.129104E+02
  0.129108E+02
  0.129111E+02
  0.129115E+02
  0.129118E+02
  0.129122E+02
  0.129125E+02
  0.129129E+02
  0.129132E+02
  0.129136E+02
  0.129139E+02
  0.129143E+02
  0.129146E+02
  0.129150E+02
  0.129153E+02
  0.129157E+02
  0.129160E+02
  0.129164E+02
  0.129168E+02
  0.129171E+02
  0.129175E+02
  0.129178E+02
  0.129182E+02
  0.129185E+02
  0.129189E+02
  0.129192E+02
  0.129196E+02
  0.129199E+02
  0.129203E+02
  0.129206E+02
  0.129210E+02
  0.129213E+02
  0.129217E+02
  0.129221E+02
  0.129224E+02
  0.129228E+02
  0.129231E+02
  0.129235E+02
  0.129238E+02
  0.129242E+02
  0.129245E+02
  0.129249E+02
  0.129252E+02
  0.129256E+02
  0.129259E+02
  0.129263E+02
  0.129267E+02
  0.129270E+02
  0.129274E+02
  0.129277E+02
  0.129281E+02
  0.129284E+02
  0.129288E+02
  0.129291E+02
  0.129295E+02
  0.129299E+02
  0.129302E+02
  0.129306E+02
  0.129309E+02
  0.129313E+02
  0.129316E+02
  0.129320E+02
  0.129323E+02
  0.129327E+02
  0.129330E+02
  0.129334E+02
  0.129338E+02
  0.129341E+02
  0.129345E+02
  0.129348E+02
  0.129352E+02
  0.129355E+02
  0.129359E+02
  0.129362E+02
  0.129366E+02
  0.129370E+02
  0.129373E+02
  0.129377E+02
  0.129380E+02
  0.129384E+02
  0.129387E+02
  0.129391E+02
  0.129395E+02
  0.129398E+02
  0.129402E+02
  0.129405E+02
  0.129409E+02
  0.129412E+02
  0.129416E+02
  0.129419E+02
  0.129423E+02
  0.129427E+02
  0.129430E+02
  0.129434E+02
  0.129437E+02
  0.129441E+02
  0.129444E+02
  0.129448E+02
  0.129452E+02
  0.129455E+02
  0.129459E+02
  0.129462E+02
  0.129466E+02
  0.129469E+02
  0.129473E+02
  0.129477E+02
  0.129480E+02
  0.129484E+02
  0.129487E+02
  0.129491E+02
  0.129494E+02
  0.129498E+02
  0.129502E+02
  0.129505E+02
  0.129509E+02
  0.129512E+02
  0.129516E+02
  0.129519E+02
  0.129523E+02
  0.129527E+02
  0.129530E+02
  0.129534E+02
  0.129537E+02
  0.129541E+02
  0.129545E+02
  0.129548E+02
  0.129552E+02
  0.129555E+02
  0.129559E+02
  0.129562E+02
  0.129566E+02
  0.129570E+02
  0.129573E+02
  0.129577E+02
  0.129580E+02
  0.129584E+02
  0.129588E+02
  0.129591E+02
  0.129595E+02
  0.129598E+02
  0.129602E+02
  0.129606E+02
  0.129609E+02
  0.129613E+02
  0.129616E+02
  0.129620E+02
  0.129624E+02
  0.129627E+02
  0.129631E+02
  0.129634E+02
  0.129638E+02
  0.129642E+02
  0.129645E+02
  0.129649E+02
  0.129652E+02
  0.129656E+02
  0.129659E+02
  0.129663E+02
  0.129667E+02
  0.129670E+02
  0.129674E+02
  0.129678E+02
  0.129681E+02
  0.129685E+02
  0.129688E+02
  0.129692E+02
  0.129696E+02
  0.129699E+02
  0.129703E+02
  0.129706E+02
  0.129710E+02
  0.129714E+02
  0.129717E+02
  0.129721E+02
  0.129724E+02
  0.129728E+02
  0.129732E+02
  0.129735E+02
  0.129739E+02
  0.129742E+02
  0.129746E+02
  0.129750E+02
  0.129753E+02
  0.129757E+02
  0.129760E+02
  0.129764E+02
  0.129768E+02
  0.129771E+02
  0.129775E+02
  0.129779E+02
  0.129782E+02
  0.129786E+02
  0.129789E+02
  0.129793E+02
  0.129797E+02
  0.129800E+02
  0.129804E+02
  0.129808E+02
  0.129811E+02
  0.129815E+02
  0.129818E+02
  0.129822E+02
  0.129826E+02
  0.129829E+02
  0.129833E+02
  0.129837E+02
  0.129840E+02
  0.129844E+02
  0.129847E+02
  0.129851E+02
  0.129855E+02
  0.129858E+02
  0.129862E+02
  0.129866E+02
  0.129869E+02
  0.129873E+02
  0.129876E+02
  0.129880E+02
  0.129884E+02
  0.129887E+02
  0.129891E+02
  0.129895E+02
  0.129898E+02
  0.129902E+02
  0.129905E+02
  0.129909E+02
  0.129913E+02
  0.129916E+02
  0.129920E+02
  0.129924E+02
  0.129927E+02
  0.129931E+02
  0.129935E+02
  0.129938E+02
  0.129942E+02
  0.129946E+02
  0.129949E+02
  0.129953E+02
  0.129956E+02
  0.129960E+02
  0.129964E+02
  0.129967E+02
  0.129971E+02
  0.129975E+02
  0.129978E+02
  0.129982E+02
  0.129986E+02
  0.129989E+02
  0.129993E+02
  0.129997E+02
  0.130000E+02
  0.130004E+02
  0.130008E+02
  0.130011E+02
  0.130015E+02
  0.130018E+02
  0.130022E+02
  0.130026E+02
  0.130029E+02
  0.130033E+02
  0.130037E+02
  0.130040E+02
  0.130044E+02
  0.130048E+02
  0.130051E+02
  0.130055E+02
  0.130059E+02
  0.130062E+02
  0.130066E+02
  0.130070E+02
  0.130073E+02
  0.130077E+02
  0.130081E+02
  0.130084E+02
  0.130088E+02
  0.130092E+02
  0.130095E+02
  0.130099E+02
  0.130103E+02
  0.130106E+02
  0.130110E+02
  0.130114E+02
  0.130117E+02
  0.130121E+02
  0.130125E+02
  0.130128E+02
  0.130132E+02
  0.130136E+02
  0.130139E+02
  0.130143E+02
  0.130147E+02
  0.130150E+02
  0.130154E+02
  0.130158E+02
  0.130161E+02
  0.130165E+02
  0.130169E+02
  0.130172E+02
  0.130176E+02
  0.130180E+02
  0.130183E+02
  0.130187E+02
  0.130191E+02
  0.130194E+02
  0.130198E+02
  0.130202E+02
  0.130205E+02
  0.130209E+02
  0.130213E+02
  0.130217E+02
  0.130220E+02
  0.130224E+02
  0.130228E+02
  0.130231E+02
  0.130235E+02
  0.130239E+02
  0.130242E+02
  0.130246E+02
  0.130250E+02
  0.130253E+02
  0.130257E+02
  0.130261E+02
  0.130264E+02
  0.130268E+02
  0.130272E+02
  0.130276E+02
  0.130279E+02
  0.130283E+02
  0.130287E+02
  0.130290E+02
  0.130294E+02
  0.130298E+02
  0.130301E+02
  0.130305E+02
  0.130309E+02
  0.130312E+02
  0.130316E+02
  0.130320E+02
  0.130324E+02
  0.130327E+02
  0.130331E+02
  0.130335E+02
  0.130338E+02
  0.130342E+02
  0.130346E+02
  0.130349E+02
  0.130353E+02
  0.130357E+02
  0.130361E+02
  0.130364E+02
  0.130368E+02
  0.130372E+02
  0.130375E+02
  0.130379E+02
  0.130383E+02
  0.130387E+02
  0.130390E+02
  0.130394E+02
  0.130398E+02
  0.130401E+02
  0.130405E+02
  0.130409E+02
  0.130412E+02
  0.130416E+02
  0.130420E+02
  0.130424E+02
  0.130427E+02
  0.130431E+02
  0.130435E+02
  0.130438E+02
  0.130442E+02
  0.130446E+02
  0.130450E+02
  0.130453E+02
  0.130457E+02
  0.130461E+02
  0.130465E+02
  0.130468E+02
  0.130472E+02
  0.130476E+02
  0.130479E+02
  0.130483E+02
  0.130487E+02
  0.130491E+02
  0.130494E+02
  0.130498E+02
  0.130502E+02
  0.130506E+02
  0.130509E+02
  0.130513E+02
  0.130517E+02
  0.130520E+02
  0.130524E+02
  0.130528E+02
  0.130532E+02
  0.130535E+02
  0.130539E+02
  0.130543E+02
  0.130547E+02
  0.130550E+02
  0.130554E+02
  0.130558E+02
  0.130561E+02
  0.130565E+02
  0.130569E+02
  0.130573E+02
  0.130576E+02
  0.130580E+02
  0.130584E+02
  0.130588E+02
  0.130591E+02
  0.130595E+02
  0.130599E+02
  0.130603E+02
  0.130606E+02
  0.130610E+02
  0.130614E+02
  0.130618E+02
  0.130621E+02
  0.130625E+02
  0.130629E+02
  0.130633E+02
  0.130636E+02
  0.130640E+02
  0.130644E+02
  0.130648E+02
  0.130651E+02
  0.130655E+02
  0.130659E+02
  0.130663E+02
  0.130666E+02
  0.130670E+02
  0.130674E+02
  0.130678E+02
  0.130681E+02
  0.130685E+02
  0.130689E+02
  0.130693E+02
  0.130696E+02
  0.130700E+02
  0.130704E+02
  0.130708E+02
  0.130711E+02
  0.130715E+02
  0.130719E+02
  0.130723E+02
  0.130726E+02
  0.130730E+02
  0.130734E+02
  0.130738E+02
  0.130742E+02
  0.130745E+02
  0.130749E+02
  0.130753E+02
  0.130757E+02
  0.130760E+02
  0.130764E+02
  0.130768E+02
  0.130772E+02
  0.130775E+02
  0.130779E+02
  0.130783E+02
  0.130787E+02
  0.130791E+02
  0.130794E+02
  0.130798E+02
  0.130802E+02
  0.130806E+02
  0.130809E+02
  0.130813E+02
  0.130817E+02
  0.130821E+02
  0.130825E+02
  0.130828E+02
  0.130832E+02
  0.130836E+02
  0.130840E+02
  0.130843E+02
  0.130847E+02
  0.130851E+02
  0.130855E+02
  0.130859E+02
  0.130862E+02
  0.130866E+02
  0.130870E+02
  0.130874E+02
  0.130878E+02
  0.130881E+02
  0.130885E+02
  0.130889E+02
  0.130893E+02
  0.130896E+02
  0.130900E+02
  0.130904E+02
  0.130908E+02
  0.130912E+02
  0.130915E+02
  0.130919E+02
  0.130923E+02
  0.130927E+02
  0.130931E+02
  0.130934E+02
  0.130938E+02
  0.130942E+02
  0.130946E+02
  0.130950E+02
  0.130953E+02
  0.130957E+02
  0.130961E+02
  0.130965E+02
  0.130969E+02
  0.130972E+02
  0.130976E+02
  0.130980E+02
  0.130984E+02
  0.130988E+02
  0.130991E+02
  0.130995E+02
  0.130999E+02
  0.131003E+02
  0.131007E+02
  0.131011E+02
  0.131014E+02
  0.131018E+02
  0.131022E+02
  0.131026E+02
  0.131030E+02
  0.131033E+02
  0.131037E+02
  0.131041E+02
  0.131045E+02
  0.131049E+02
  0.131052E+02
  0.131056E+02
  0.131060E+02
  0.131064E+02
  0.131068E+02
  0.131072E+02
  0.131075E+02
  0.131079E+02
  0.131083E+02
  0.131087E+02
  0.131091E+02
  0.131095E+02
  0.131098E+02
  0.131102E+02
  0.131106E+02
  0.131110E+02
  0.131114E+02
  0.131117E+02
  0.131121E+02
  0.131125E+02
  0.131129E+02
  0.131133E+02
  0.131137E+02
  0.131140E+02
  0.131144E+02
  0.131148E+02
  0.131152E+02
  0.131156E+02
  0.131160E+02
  0.131163E+02
  0.131167E+02
  0.131171E+02
  0.131175E+02
  0.131179E+02
  0.131183E+02
  0.131187E+02
  0.131190E+02
  0.131194E+02
  0.131198E+02
  0.131202E+02
  0.131206E+02
  0.131210E+02
  0.131213E+02
  0.131217E+02
  0.131221E+02
  0.131225E+02
  0.131229E+02
  0.131233E+02
  0.131236E+02
  0.131240E+02
  0.131244E+02
  0.131248E+02
  0.131252E+02
  0.131256E+02
  0.131260E+02
  0.131263E+02
  0.131267E+02
  0.131271E+02
  0.131275E+02
  0.131279E+02
  0.131283E+02
  0.131287E+02
  0.131290E+02
  0.131294E+02
  0.131298E+02
  0.131302E+02
  0.131306E+02
  0.131310E+02
  0.131314E+02
  0.131317E+02
  0.131321E+02
  0.131325E+02
  0.131329E+02
  0.131333E+02
  0.131337E+02
  0.131341E+02
  0.131345E+02
  0.131348E+02
  0.131352E+02
  0.131356E+02
  0.131360E+02
  0.131364E+02
  0.131368E+02
  0.131372E+02
  0.131376E+02
  0.131379E+02
  0.131383E+02
  0.131387E+02
  0.131391E+02
  0.131395E+02
  0.131399E+02
  0.131403E+02
  0.131407E+02
  0.131410E+02
  0.131414E+02
  0.131418E+02
  0.131422E+02
  0.131426E+02
  0.131430E+02
  0.131434E+02
  0.131438E+02
  0.131441E+02
  0.131445E+02
  0.131449E+02
  0.131453E+02
  0.131457E+02
  0.131461E+02
  0.131465E+02
  0.131469E+02
  0.131473E+02
  0.131476E+02
  0.131480E+02
  0.131484E+02
  0.131488E+02
  0.131492E+02
  0.131496E+02
  0.131500E+02
  0.131504E+02
  0.131508E+02
  0.131512E+02
  0.131515E+02
  0.131519E+02
  0.131523E+02
  0.131527E+02
  0.131531E+02
  0.131535E+02
  0.131539E+02
  0.131543E+02
  0.131547E+02
  0.131551E+02
  0.131554E+02
  0.131558E+02
  0.131562E+02
  0.131566E+02
  0.131570E+02
  0.131574E+02
  0.131578E+02
  0.131582E+02
  0.131586E+02
  0.131590E+02
  0.131594E+02
  0.131597E+02
  0.131601E+02
  0.131605E+02
  0.131609E+02
  0.131613E+02
  0.131617E+02
  0.131621E+02
  0.131625E+02
  0.131629E+02
  0.131633E+02
  0.131637E+02
  0.131641E+02
  0.131645E+02
  0.131648E+02
  0.131652E+02
  0.131656E+02
  0.131660E+02
  0.131664E+02
  0.131668E+02
  0.131672E+02
  0.131676E+02
  0.131680E+02
  0.131684E+02
  0.131688E+02
  0.131692E+02
  0.131696E+02
  0.131699E+02
  0.131703E+02
  0.131707E+02
  0.131711E+02
  0.131715E+02
  0.131719E+02
  0.131723E+02
  0.131727E+02
  0.131731E+02
  0.131735E+02
  0.131739E+02
  0.131743E+02
  0.131747E+02
  0.131751E+02
  0.131755E+02
  0.131759E+02
  0.131763E+02
  0.131766E+02
  0.131770E+02
  0.131774E+02
  0.131778E+02
  0.131782E+02
  0.131786E+02
  0.131790E+02
  0.131794E+02
  0.131798E+02
  0.131802E+02
  0.131806E+02
  0.131810E+02
  0.131814E+02
  0.131818E+02
  0.131822E+02
  0.131826E+02
  0.131830E+02
  0.131834E+02
  0.131838E+02
  0.131842E+02
  0.131846E+02
  0.131849E+02
  0.131853E+02
  0.131857E+02
  0.131861E+02
  0.131865E+02
  0.131869E+02
  0.131873E+02
  0.131877E+02
  0.131881E+02
  0.131885E+02
  0.131889E+02
  0.131893E+02
  0.131897E+02
  0.131901E+02
  0.131905E+02
  0.131909E+02
  0.131913E+02
  0.131917E+02
  0.131921E+02
  0.131925E+02
  0.131929E+02
  0.131933E+02
  0.131937E+02
  0.131941E+02
  0.131945E+02
  0.131949E+02
  0.131953E+02
  0.131957E+02
  0.131961E+02
  0.131965E+02
  0.131969E+02
  0.131973E+02
  0.131977E+02
  0.131981E+02
  0.131985E+02
  0.131989E+02
  0.131993E+02
  0.131997E+02
  0.132001E+02
  0.132005E+02
  0.132009E+02
  0.132013E+02
  0.132017E+02
  0.132021E+02
  0.132025E+02
  0.132029E+02
  0.132033E+02
  0.132037E+02
  0.132041E+02
  0.132045E+02
  0.132049E+02
  0.132053E+02
  0.132057E+02
  0.132061E+02
  0.132065E+02
  0.132069E+02
  0.132073E+02
  0.132077E+02
  0.132081E+02
  0.132085E+02
  0.132089E+02
  0.132093E+02
  0.132097E+02
  0.132101E+02
  0.132105E+02
  0.132109E+02
  0.132113E+02
  0.132117E+02
  0.132121E+02
  0.132125E+02
  0.132129E+02
  0.132133E+02
  0.132137E+02
  0.132141E+02
  0.132145E+02
  0.132149E+02
  0.132153E+02
  0.132157E+02
  0.132161E+02
  0.132165E+02
  0.132169E+02
  0.132173E+02
  0.132177E+02
  0.132181E+02
  0.132185E+02
  0.132189E+02
  0.132193E+02
  0.132197E+02
  0.132201E+02
  0.132205E+02
  0.132209E+02
  0.132213E+02
  0.132217E+02
  0.132221E+02
  0.132225E+02
  0.132230E+02
  0.132234E+02
  0.132238E+02
  0.132242E+02
  0.132246E+02
  0.132250E+02
  0.132254E+02
  0.132258E+02
  0.132262E+02
  0.132266E+02
  0.132270E+02
  0.132274E+02
  0.132278E+02
  0.132282E+02
  0.132286E+02
  0.132290E+02
  0.132294E+02
  0.132298E+02
  0.132302E+02
  0.132307E+02
  0.132311E+02
  0.132315E+02
  0.132319E+02
  0.132323E+02
  0.132327E+02
  0.132331E+02
  0.132335E+02
  0.132339E+02
  0.132343E+02
  0.132347E+02
  0.132351E+02
  0.132355E+02
  0.132359E+02
  0.132363E+02
  0.132368E+02
  0.132372E+02
  0.132376E+02
  0.132380E+02
  0.132384E+02
  0.132388E+02
  0.132392E+02
  0.132396E+02
  0.132400E+02
  0.132404E+02
  0.132408E+02
  0.132412E+02
  0.132417E+02
  0.132421E+02
  0.132425E+02
  0.132429E+02
  0.132433E+02
  0.132437E+02
  0.132441E+02
  0.132445E+02
  0.132449E+02
  0.132453E+02
  0.132457E+02
  0.132462E+02
  0.132466E+02
  0.132470E+02
  0.132474E+02
  0.132478E+02
  0.132482E+02
  0.132486E+02
  0.132490E+02
  0.132494E+02
  0.132499E+02
  0.132503E+02
  0.132507E+02
  0.132511E+02
  0.132515E+02
  0.132519E+02
  0.132523E+02
  0.132527E+02
  0.132531E+02
  0.132536E+02
  0.132540E+02
  0.132544E+02
  0.132548E+02
  0.132552E+02
  0.132556E+02
  0.132560E+02
  0.132564E+02
  0.132569E+02
  0.132573E+02
  0.132577E+02
  0.132581E+02
  0.132585E+02
  0.132589E+02
  0.132593E+02
  0.132597E+02
  0.132602E+02
  0.132606E+02
  0.132610E+02
  0.132614E+02
  0.132618E+02
  0.132622E+02
  0.132626E+02
  0.132631E+02
  0.132635E+02
  0.132639E+02
  0.132643E+02
  0.132647E+02
  0.132651E+02
  0.132655E+02
  0.132660E+02
  0.132664E+02
  0.132668E+02
  0.132672E+02
  0.132676E+02
  0.132680E+02
  0.132684E+02
  0.132689E+02
  0.132693E+02
  0.132697E+02
  0.132701E+02
  0.132705E+02
  0.132709E+02
  0.132714E+02
  0.132718E+02
  0.132722E+02
  0.132726E+02
  0.132730E+02
  0.132734E+02
  0.132739E+02
  0.132743E+02
  0.132747E+02
  0.132751E+02
  0.132755E+02
  0.132759E+02
  0.132764E+02
  0.132768E+02
  0.132772E+02
  0.132776E+02
  0.132780E+02
  0.132784E+02
  0.132789E+02
  0.132793E+02
  0.132797E+02
  0.132801E+02
  0.132805E+02
  0.132810E+02
  0.132814E+02
  0.132818E+02
  0.132822E+02
  0.132826E+02
  0.132831E+02
  0.132835E+02
  0.132839E+02
  0.132843E+02
  0.132847E+02
  0.132852E+02
  0.132856E+02
  0.132860E+02
  0.132864E+02
  0.132868E+02
  0.132873E+02
  0.132877E+02
  0.132881E+02
  0.132885E+02
  0.132889E+02
  0.132894E+02
  0.132898E+02
  0.132902E+02
  0.132906E+02
  0.132910E+02
  0.132915E+02
  0.132919E+02
  0.132923E+02
  0.132927E+02
  0.132931E+02
  0.132936E+02
  0.132940E+02
  0.132944E+02
  0.132948E+02
  0.132953E+02
  0.132957E+02
  0.132961E+02
  0.132965E+02
  0.132970E+02
  0.132974E+02
  0.132978E+02
  0.132982E+02
  0.132986E+02
  0.132991E+02
  0.132995E+02
  0.132999E+02
  0.133003E+02
  0.133008E+02
  0.133012E+02
  0.133016E+02
  0.133020E+02
  0.133025E+02
  0.133029E+02
  0.133033E+02
  0.133037E+02
  0.133042E+02
  0.133046E+02
  0.133050E+02
  0.133054E+02
  0.133059E+02
  0.133063E+02
  0.133067E+02
  0.133071E+02
  0.133076E+02
  0.133080E+02
  0.133084E+02
  0.133088E+02
  0.133093E+02
  0.133097E+02
  0.133101E+02
  0.133105E+02
  0.133110E+02
  0.133114E+02
  0.133118E+02
  0.133123E+02
  0.133127E+02
  0.133131E+02
  0.133135E+02
  0.133140E+02
  0.133144E+02
  0.133148E+02
  0.133152E+02
  0.133157E+02
  0.133161E+02
  0.133165E+02
  0.133170E+02
  0.133174E+02
  0.133178E+02
  0.133182E+02
  0.133187E+02
  0.133191E+02
  0.133195E+02
  0.133200E+02
  0.133204E+02
  0.133208E+02
  0.133212E+02
  0.133217E+02
  0.133221E+02
  0.133225E+02
  0.133230E+02
  0.133234E+02
  0.133238E+02
  0.133243E+02
  0.133247E+02
  0.133251E+02
  0.133256E+02
  0.133260E+02
  0.133264E+02
  0.133268E+02
  0.133273E+02
  0.133277E+02
  0.133281E+02
  0.133286E+02
  0.133290E+02
  0.133294E+02
  0.133299E+02
  0.133303E+02
  0.133307E+02
  0.133312E+02
  0.133316E+02
  0.133320E+02
  0.133325E+02
  0.133329E+02
  0.133333E+02
  0.133338E+02
  0.133342E+02
  0.133346E+02
  0.133351E+02
  0.133355E+02
  0.133359E+02
  0.133364E+02
  0.133368E+02
  0.133372E+02
  0.133377E+02
  0.133381E+02
  0.133385E+02
  0.133390E+02
  0.133394E+02
  0.133398E+02
  0.133403E+02
  0.133407E+02
  0.133411E+02
  0.133416E+02
  0.133420E+02
  0.133424E+02
  0.133429E+02
  0.133433E+02
  0.133438E+02
  0.133442E+02
  0.133446E+02
  0.133451E+02
  0.133455E+02
  0.133459E+02
  0.133464E+02
  0.133468E+02
  0.133472E+02
  0.133477E+02
  0.133481E+02
  0.133486E+02
  0.133490E+02
  0.133494E+02
  0.133499E+02
  0.133503E+02
  0.133507E+02
  0.133512E+02
  0.133516E+02
  0.133521E+02
  0.133525E+02
  0.133529E+02
  0.133534E+02
  0.133538E+02
  0.133543E+02
  0.133547E+02
  0.133551E+02
  0.133556E+02
  0.133560E+02
  0.133564E+02
  0.133569E+02
  0.133573E+02
  0.133578E+02
  0.133582E+02
  0.133586E+02
  0.133591E+02
  0.133595E+02
  0.133600E+02
  0.133604E+02
  0.133609E+02
  0.133613E+02
  0.133617E+02
  0.133622E+02
  0.133626E+02
  0.133631E+02
  0.133635E+02
  0.133639E+02
  0.133644E+02
  0.133648E+02
  0.133653E+02
  0.133657E+02
  0.133662E+02
  0.133666E+02
  0.133670E+02
  0.133675E+02
  0.133679E+02
  0.133684E+02
  0.133688E+02
  0.133693E+02
  0.133697E+02
  0.133701E+02
  0.133706E+02
  0.133710E+02
  0.133715E+02
  0.133719E+02
  0.133724E+02
  0.133728E+02
  0.133732E+02
  0.133737E+02
  0.133741E+02
  0.133746E+02
  0.133750E+02
  0.133755E+02
  0.133759E+02
  0.133764E+02
  0.133768E+02
  0.133773E+02
  0.133777E+02
  0.133781E+02
  0.133786E+02
  0.133790E+02
  0.133795E+02
  0.133799E+02
  0.133804E+02
  0.133808E+02
  0.133813E+02
  0.133817E+02
  0.133822E+02
  0.133826E+02
  0.133831E+02
  0.133835E+02
  0.133840E+02
  0.133844E+02
  0.133849E+02
  0.133853E+02
  0.133858E+02
  0.133862E+02
  0.133867E+02
  0.133871E+02
  0.133875E+02
  0.133880E+02
  0.133884E+02
  0.133889E+02
  0.133893E+02
  0.133898E+02
  0.133902E+02
  0.133907E+02
  0.133911E+02
  0.133916E+02
  0.133920E+02
  0.133925E+02
  0.133929E+02
  0.133934E+02
  0.133938E+02
  0.133943E+02
  0.133948E+02
  0.133952E+02
  0.133957E+02
  0.133961E+02
  0.133966E+02
  0.133970E+02
  0.133975E+02
  0.133979E+02
  0.133984E+02
  0.133988E+02
  0.133993E+02
  0.133997E+02
  0.134002E+02
  0.134006E+02
  0.134011E+02
  0.134015E+02
  0.134020E+02
  0.134024E+02
  0.134029E+02
  0.134034E+02
  0.134038E+02
  0.134043E+02
  0.134047E+02
  0.134052E+02
  0.134056E+02
  0.134061E+02
  0.134065E+02
  0.134070E+02
  0.134074E+02
  0.134079E+02
  0.134084E+02
  0.134088E+02
  0.134093E+02
  0.134097E+02
  0.134102E+02
  0.134106E+02
  0.134111E+02
  0.134115E+02
  0.134120E+02
  0.134125E+02
  0.134129E+02
  0.134134E+02
  0.134138E+02
  0.134143E+02
  0.134147E+02
  0.134152E+02
  0.134157E+02
  0.134161E+02
  0.134166E+02
  0.134170E+02
  0.134175E+02
  0.134180E+02
  0.134184E+02
  0.134189E+02
  0.134193E+02
  0.134198E+02
  0.134203E+02
  0.134207E+02
  0.134212E+02
  0.134216E+02
  0.134221E+02
  0.134226E+02
  0.134230E+02
  0.134235E+02
  0.134239E+02
  0.134244E+02
  0.134249E+02
  0.134253E+02
  0.134258E+02
  0.134262E+02
  0.134267E+02
  0.134272E+02
  0.134276E+02
  0.134281E+02
  0.134285E+02
  0.134290E+02
  0.134295E+02
  0.134299E+02
  0.134304E+02
  0.134309E+02
  0.134313E+02
  0.134318E+02
  0.134322E+02
  0.134327E+02
  0.134332E+02
  0.134336E+02
  0.134341E+02
  0.134346E+02
  0.134350E+02
  0.134355E+02
  0.134360E+02
  0.134364E+02
  0.134369E+02
  0.134374E+02
  0.134378E+02
  0.134383E+02
  0.134388E+02
  0.134392E+02
  0.134397E+02
  0.134402E+02
  0.134406E+02
  0.134411E+02
  0.134416E+02
  0.134420E+02
  0.134425E+02
  0.134430E+02
  0.134434E+02
  0.134439E+02
  0.134444E+02
  0.134448E+02
  0.134453E+02
  0.134458E+02
  0.134462E+02
  0.134467E+02
  0.134472E+02
  0.134476E+02
  0.134481E+02
  0.134486E+02
  0.134490E+02
  0.134495E+02
  0.134500E+02
  0.134504E+02
  0.134509E+02
  0.134514E+02
  0.134519E+02
  0.134523E+02
  0.134528E+02
  0.134533E+02
  0.134537E+02
  0.134542E+02
  0.134547E+02
  0.134552E+02
  0.134556E+02
  0.134561E+02
  0.134566E+02
  0.134570E+02
  0.134575E+02
  0.134580E+02
  0.134585E+02
  0.134589E+02
  0.134594E+02
  0.134599E+02
  0.134603E+02
  0.134608E+02
  0.134613E+02
  0.134618E+02
  0.134622E+02
  0.134627E+02
  0.134632E+02
  0.134637E+02
  0.134641E+02
  0.134646E+02
  0.134651E+02
  0.134656E+02
  0.134660E+02
  0.134665E+02
  0.134670E+02
  0.134675E+02
  0.134679E+02
  0.134684E+02
  0.134689E+02
  0.134694E+02
  0.134698E+02
  0.134703E+02
  0.134708E+02
  0.134713E+02
  0.134718E+02
  0.134722E+02
  0.134727E+02
  0.134732E+02
  0.134737E+02
  0.134741E+02
  0.134746E+02
  0.134751E+02
  0.134756E+02
  0.134761E+02
  0.134765E+02
  0.134770E+02
  0.134775E+02
  0.134780E+02
  0.134784E+02
  0.134789E+02
  0.134794E+02
  0.134799E+02
  0.134804E+02
  0.134808E+02
  0.134813E+02
  0.134818E+02
  0.134823E+02
  0.134828E+02
  0.134833E+02
  0.134837E+02
  0.134842E+02
  0.134847E+02
  0.134852E+02
  0.134857E+02
  0.134861E+02
  0.134866E+02
  0.134871E+02
  0.134876E+02
  0.134881E+02
  0.134886E+02
  0.134890E+02
  0.134895E+02
  0.134900E+02
  0.134905E+02
  0.134910E+02
  0.134915E+02
  0.134919E+02
  0.134924E+02
  0.134929E+02
  0.134934E+02
  0.134939E+02
  0.134944E+02
  0.134949E+02
  0.134953E+02
  0.134958E+02
  0.134963E+02
  0.134968E+02
  0.134973E+02
  0.134978E+02
  0.134983E+02
  0.134988E+02
  0.134992E+02
  0.134997E+02
  0.135002E+02
  0.135007E+02
  0.135012E+02
  0.135017E+02
  0.135022E+02
  0.135027E+02
  0.135031E+02
  0.135036E+02
  0.135041E+02
  0.135046E+02
  0.135051E+02
  0.135056E+02
  0.135061E+02
  0.135066E+02
  0.135071E+02
  0.135076E+02
  0.135080E+02
  0.135085E+02
  0.135090E+02
  0.135095E+02
  0.135100E+02
  0.135105E+02
  0.135110E+02
  0.135115E+02
  0.135120E+02
  0.135125E+02
  0.135130E+02
  0.135135E+02
  0.135139E+02
  0.135144E+02
  0.135149E+02
  0.135154E+02
  0.135159E+02
  0.135164E+02
  0.135169E+02
  0.135174E+02
  0.135179E+02
  0.135184E+02
  0.135189E+02
  0.135194E+02
  0.135199E+02
  0.135204E+02
  0.135209E+02
  0.135214E+02
  0.135219E+02
  0.135224E+02
  0.135229E+02
  0.135234E+02
  0.135239E+02
  0.135244E+02
  0.135249E+02
  0.135253E+02
  0.135258E+02
  0.135263E+02
  0.135268E+02
  0.135273E+02
  0.135278E+02
  0.135283E+02
  0.135288E+02
  0.135293E+02
  0.135298E+02
  0.135303E+02
  0.135308E+02
  0.135313E+02
  0.135318E+02
  0.135323E+02
  0.135328E+02
  0.135333E+02
  0.135338E+02
  0.135343E+02
  0.135348E+02
  0.135353E+02
  0.135359E+02
  0.135364E+02
  0.135369E+02
  0.135374E+02
  0.135379E+02
  0.135384E+02
  0.135389E+02
  0.135394E+02
  0.135399E+02
  0.135404E+02
  0.135409E+02
  0.135414E+02
  0.135419E+02
  0.135424E+02
  0.135429E+02
  0.135434E+02
  0.135439E+02
  0.135444E+02
  0.135449E+02
  0.135454E+02
  0.135459E+02
  0.135464E+02
  0.135470E+02
  0.135475E+02
  0.135480E+02
  0.135485E+02
  0.135490E+02
  0.135495E+02
  0.135500E+02
  0.135505E+02
  0.135510E+02
  0.135515E+02
  0.135520E+02
  0.135525E+02
  0.135531E+02
  0.135536E+02
  0.135541E+02
  0.135546E+02
  0.135551E+02
  0.135556E+02
  0.135561E+02
  0.135566E+02
  0.135571E+02
  0.135577E+02
  0.135582E+02
  0.135587E+02
  0.135592E+02
  0.135597E+02
  0.135602E+02
  0.135607E+02
  0.135612E+02
  0.135618E+02
  0.135623E+02
  0.135628E+02
  0.135633E+02
  0.135638E+02
  0.135643E+02
  0.135648E+02
  0.135654E+02
  0.135659E+02
  0.135664E+02
  0.135669E+02
  0.135674E+02
  0.135679E+02
  0.135684E+02
  0.135690E+02
  0.135695E+02
  0.135700E+02
  0.135705E+02
  0.135710E+02
  0.135716E+02
  0.135721E+02
  0.135726E+02
  0.135731E+02
  0.135736E+02
  0.135741E+02
  0.135747E+02
  0.135752E+02
  0.135757E+02
  0.135762E+02
  0.135767E+02
  0.135773E+02
  0.135778E+02
  0.135783E+02
  0.135788E+02
  0.135793E+02
  0.135799E+02
  0.135804E+02
  0.135809E+02
  0.135814E+02
  0.135820E+02
  0.135825E+02
  0.135830E+02
  0.135835E+02
  0.135841E+02
  0.135846E+02
  0.135851E+02
  0.135856E+02
  0.135862E+02
  0.135867E+02
  0.135872E+02
  0.135877E+02
  0.135883E+02
  0.135888E+02
  0.135893E+02
  0.135898E+02
  0.135904E+02
  0.135909E+02
  0.135914E+02
  0.135919E+02
  0.135925E+02
  0.135930E+02
  0.135935E+02
  0.135940E+02
  0.135946E+02
  0.135951E+02
  0.135956E+02
  0.135962E+02
  0.135967E+02
  0.135972E+02
  0.135978E+02
  0.135983E+02
  0.135988E+02
  0.135993E+02
  0.135999E+02
  0.136004E+02
  0.136009E+02
  0.136015E+02
  0.136020E+02
  0.136025E+02
  0.136031E+02
  0.136036E+02
  0.136041E+02
  0.136047E+02
  0.136052E+02
  0.136057E+02
  0.136063E+02
  0.136068E+02
  0.136073E+02
  0.136079E+02
  0.136084E+02
  0.136089E+02
  0.136095E+02
  0.136100E+02
  0.136106E+02
  0.136111E+02
  0.136116E+02
  0.136122E+02
  0.136127E+02
  0.136132E+02
  0.136138E+02
  0.136143E+02
  0.136149E+02
  0.136154E+02
  0.136159E+02
  0.136165E+02
  0.136170E+02
  0.136176E+02
  0.136181E+02
  0.136186E+02
  0.136192E+02
  0.136197E+02
  0.136203E+02
  0.136208E+02
  0.136213E+02
  0.136219E+02
  0.136224E+02
  0.136230E+02
  0.136235E+02
  0.136241E+02
  0.136246E+02
  0.136251E+02
  0.136257E+02
  0.136262E+02
  0.136268E+02
  0.136273E+02
  0.136279E+02
  0.136284E+02
  0.136290E+02
  0.136295E+02
  0.136300E+02
  0.136306E+02
  0.136311E+02
  0.136317E+02
  0.136322E+02
  0.136328E+02
  0.136333E+02
  0.136339E+02
  0.136344E+02
  0.136350E+02
  0.136355E+02
  0.136361E+02
  0.136366E+02
  0.136372E+02
  0.136377E+02
  0.136383E+02
  0.136388E+02
  0.136394E+02
  0.136399E+02
  0.136405E+02
  0.136410E+02
  0.136416E+02
  0.136421E+02
  0.136427E+02
  0.136432E+02
  0.136438E+02
  0.136443E+02
  0.136449E+02
  0.136455E+02
  0.136460E+02
  0.136466E+02
  0.136471E+02
  0.136477E+02
  0.136482E+02
  0.136488E+02
  0.136493E+02
  0.136499E+02
  0.136505E+02
  0.136510E+02
  0.136516E+02
  0.136521E+02
  0.136527E+02
  0.136532E+02
  0.136538E+02
  0.136544E+02
  0.136549E+02
  0.136555E+02
  0.136560E+02
  0.136566E+02
  0.136572E+02
  0.136577E+02
  0.136583E+02
  0.136588E+02
  0.136594E+02
  0.136600E+02
  0.136605E+02
  0.136611E+02
  0.136617E+02
  0.136622E+02
  0.136628E+02
  0.136634E+02
  0.136639E+02
  0.136645E+02
  0.136650E+02
  0.136656E+02
  0.136662E+02
  0.136667E+02
  0.136673E+02
  0.136679E+02
  0.136684E+02
  0.136690E+02
  0.136696E+02
  0.136701E+02
  0.136707E+02
  0.136713E+02
  0.136718E+02
  0.136724E+02
  0.136730E+02
  0.136736E+02
  0.136741E+02
  0.136747E+02
  0.136753E+02
  0.136758E+02
  0.136764E+02
  0.136770E+02
  0.136776E+02
  0.136781E+02
  0.136787E+02
  0.136793E+02
  0.136798E+02
  0.136804E+02
  0.136810E+02
  0.136816E+02
  0.136821E+02
  0.136827E+02
  0.136833E+02
  0.136839E+02
  0.136844E+02
  0.136850E+02
  0.136856E+02
  0.136862E+02
  0.136868E+02
  0.136873E+02
  0.136879E+02
  0.136885E+02
  0.136891E+02
  0.136896E+02
  0.136902E+02
  0.136908E+02
  0.136914E+02
  0.136920E+02
  0.136925E+02
  0.136931E+02
  0.136937E+02
  0.136943E+02
  0.136949E+02
  0.136955E+02
  0.136960E+02
  0.136966E+02
  0.136972E+02
  0.136978E+02
  0.136984E+02
  0.136990E+02
  0.136995E+02
  0.137001E+02
  0.137007E+02
  0.137013E+02
  0.137019E+02
  0.137025E+02
  0.137031E+02
  0.137036E+02
  0.137042E+02
  0.137048E+02
  0.137054E+02
  0.137060E+02
  0.137066E+02
  0.137072E+02
  0.137078E+02
  0.137084E+02
  0.137090E+02
  0.137095E+02
  0.137101E+02
  0.137107E+02
  0.137113E+02
  0.137119E+02
  0.137125E+02
  0.137131E+02
  0.137137E+02
  0.137143E+02
  0.137149E+02
  0.137155E+02
  0.137161E+02
  0.137167E+02
  0.137173E+02
  0.137179E+02
  0.137185E+02
  0.137191E+02
  0.137196E+02
  0.137202E+02
  0.137208E+02
  0.137214E+02
  0.137220E+02
  0.137226E+02
  0.137232E+02
  0.137238E+02
  0.137244E+02
  0.137250E+02
  0.137256E+02
  0.137262E+02
  0.137268E+02
  0.137274E+02
  0.137281E+02
  0.137287E+02
  0.137293E+02
  0.137299E+02
  0.137305E+02
  0.137311E+02
  0.137317E+02
  0.137323E+02
  0.137329E+02
  0.137335E+02
  0.137341E+02
  0.137347E+02
  0.137353E+02
  0.137359E+02
  0.137365E+02
  0.137371E+02
  0.137378E+02
  0.137384E+02
  0.137390E+02
  0.137396E+02
  0.137402E+02
  0.137408E+02
  0.137414E+02
  0.137420E+02
  0.137426E+02
  0.137433E+02
  0.137439E+02
  0.137445E+02
  0.137451E+02
  0.137457E+02
  0.137463E+02
  0.137469E+02
  0.137476E+02
  0.137482E+02
  0.137488E+02
  0.137494E+02
  0.137500E+02
  0.137506E+02
  0.137513E+02
  0.137519E+02
  0.137525E+02
  0.137531E+02
  0.137537E+02
  0.137544E+02
  0.137550E+02
  0.137556E+02
  0.137562E+02
  0.137568E+02
  0.137575E+02
  0.137581E+02
  0.137587E+02
  0.137593E+02
  0.137600E+02
  0.137606E+02
  0.137612E+02
  0.137618E+02
  0.137625E+02
  0.137631E+02
  0.137637E+02
  0.137643E+02
  0.137650E+02
  0.137656E+02
  0.137662E+02
  0.137669E+02
  0.137675E+02
  0.137681E+02
  0.137687E+02
  0.137694E+02
  0.137700E+02
  0.137706E+02
  0.137713E+02
  0.137719E+02
  0.137725E+02
  0.137732E+02
  0.137738E+02
  0.137744E+02
  0.137751E+02
  0.137757E+02
  0.137764E+02
  0.137770E+02
  0.137776E+02
  0.137783E+02
  0.137789E+02
  0.137795E+02
  0.137802E+02
  0.137808E+02
  0.137815E+02
  0.137821E+02
  0.137827E+02
  0.137834E+02
  0.137840E+02
  0.137847E+02
  0.137853E+02
  0.137860E+02
  0.137866E+02
  0.137872E+02
  0.137879E+02
  0.137885E+02
  0.137892E+02
  0.137898E+02
  0.137905E+02
  0.137911E+02
  0.137918E+02
  0.137924E+02
  0.137931E+02
  0.137937E+02
  0.137944E+02
  0.137950E+02
  0.137957E+02
  0.137963E+02
  0.137970E+02
  0.137976E+02
  0.137983E+02
  0.137989E+02
  0.137996E+02
  0.138002E+02
  0.138009E+02
  0.138015E+02
  0.138022E+02
  0.138028E+02
  0.138035E+02
  0.138042E+02
  0.138048E+02
  0.138055E+02
  0.138061E+02
  0.138068E+02
  0.138075E+02
  0.138081E+02
  0.138088E+02
  0.138094E+02
  0.138101E+02
  0.138108E+02
  0.138114E+02
  0.138121E+02
  0.138127E+02
  0.138134E+02
  0.138141E+02
  0.138147E+02
  0.138154E+02
  0.138161E+02
  0.138167E+02
  0.138174E+02
  0.138181E+02
  0.138187E+02
  0.138194E+02
  0.138201E+02
  0.138207E+02
  0.138214E+02
  0.138221E+02
  0.138228E+02
  0.138234E+02
  0.138241E+02
  0.138248E+02
  0.138254E+02
  0.138261E+02
  0.138268E+02
  0.138275E+02
  0.138281E+02
  0.138288E+02
  0.138295E+02
  0.138302E+02
  0.138308E+02
  0.138315E+02
  0.138322E+02
  0.138329E+02
  0.138336E+02
  0.138342E+02
  0.138349E+02
  0.138356E+02
  0.138363E+02
  0.138370E+02
  0.138377E+02
  0.138383E+02
  0.138390E+02
  0.138397E+02
  0.138404E+02
  0.138411E+02
  0.138418E+02
  0.138424E+02
  0.138431E+02
  0.138438E+02
  0.138445E+02
  0.138452E+02
  0.138459E+02
  0.138466E+02
  0.138473E+02
  0.138480E+02
  0.138486E+02
  0.138493E+02
  0.138500E+02
  0.138507E+02
  0.138514E+02
  0.138521E+02
  0.138528E+02
  0.138535E+02
  0.138542E+02
  0.138549E+02
  0.138556E+02
  0.138563E+02
  0.138570E+02
  0.138577E+02
  0.138584E+02
  0.138591E+02
  0.138598E+02
  0.138605E+02
  0.138612E+02
  0.138619E+02
  0.138626E+02
  0.138633E+02
  0.138640E+02
  0.138647E+02
  0.138654E+02
  0.138661E+02
  0.138668E+02
  0.138675E+02
  0.138682E+02
  0.138689E+02
  0.138697E+02
  0.138704E+02
  0.138711E+02
  0.138718E+02
  0.138725E+02
  0.138732E+02
  0.138739E+02
  0.138746E+02
  0.138753E+02
  0.138761E+02
  0.138768E+02
  0.138775E+02
  0.138782E+02
  0.138789E+02
  0.138796E+02
  0.138804E+02
  0.138811E+02
  0.138818E+02
  0.138825E+02
  0.138832E+02
  0.138840E+02
  0.138847E+02
  0.138854E+02
  0.138861E+02
  0.138869E+02
  0.138876E+02
  0.138883E+02
  0.138890E+02
  0.138898E+02
  0.138905E+02
  0.138912E+02
  0.138919E+02
  0.138927E+02
  0.138934E+02
  0.138941E+02
  0.138949E+02
  0.138956E+02
  0.138963E+02
  0.138971E+02
  0.138978E+02
  0.138985E+02
  0.138993E+02
  0.139000E+02
  0.139007E+02
  0.139015E+02
  0.139022E+02
  0.139030E+02
  0.139037E+02
  0.139044E+02
  0.139052E+02
  0.139059E+02
  0.139067E+02
  0.139074E+02
  0.139082E+02
  0.139089E+02
  0.139096E+02
  0.139104E+02
  0.139111E+02
  0.139119E+02
  0.139126E+02
  0.139134E+02
  0.139141E+02
  0.139149E+02
  0.139156E+02
  0.139164E+02
  0.139171E+02
  0.139179E+02
  0.139186E+02
  0.139194E+02
  0.139202E+02
  0.139209E+02
  0.139217E+02
  0.139224E+02
  0.139232E+02
  0.139239E+02
  0.139247E+02
  0.139255E+02
  0.139262E+02
  0.139270E+02
  0.139278E+02
  0.139285E+02
  0.139293E+02
  0.139301E+02
  0.139308E+02
  0.139316E+02
  0.139324E+02
  0.139331E+02
  0.139339E+02
  0.139347E+02
  0.139354E+02
  0.139362E+02
  0.139370E+02
  0.139378E+02
  0.139385E+02
  0.139393E+02
  0.139401E+02
  0.139409E+02
  0.139416E+02
  0.139424E+02
  0.139432E+02
  0.139440E+02
  0.139448E+02
  0.139455E+02
  0.139463E+02
  0.139471E+02
  0.139479E+02
  0.139487E+02
  0.139495E+02
  0.139502E+02
  0.139510E+02
  0.139518E+02
  0.139526E+02
  0.139534E+02
  0.139542E+02
  0.139550E+02
  0.139558E+02
  0.139566E+02
  0.139574E+02
  0.139582E+02
  0.139590E+02
  0.139598E+02
  0.139606E+02
  0.139614E+02
  0.139622E+02
  0.139630E+02
  0.139638E+02
  0.139646E+02
  0.139654E+02
  0.139662E+02
  0.139670E+02
  0.139678E+02
  0.139686E+02
  0.139694E+02
  0.139702E+02
  0.139710E+02
  0.139718E+02
  0.139727E+02
  0.139735E+02
  0.139743E+02
  0.139751E+02
  0.139759E+02
  0.139767E+02
  0.139775E+02
  0.139784E+02
  0.139792E+02
  0.139800E+02
  0.139808E+02
  0.139817E+02
  0.139825E+02
  0.139833E+02
  0.139841E+02
  0.139850E+02
  0.139858E+02
  0.139866E+02
  0.139874E+02
  0.139883E+02
  0.139891E+02
  0.139899E+02
  0.139908E+02
  0.139916E+02
  0.139924E+02
  0.139933E+02
  0.139941E+02
  0.139950E+02
  0.139958E+02
  0.139966E+02
  0.139975E+02
  0.139983E+02
  0.139992E+02
  0.140000E+02
  0.140009E+02
  0.140017E+02
  0.140026E+02
  0.140034E+02
  0.140043E+02
  0.140051E+02
  0.140060E+02
  0.140068E+02
  0.140077E+02
  0.140085E+02
  0.140094E+02
  0.140103E+02
  0.140111E+02
  0.140120E+02
  0.140128E+02
  0.140137E+02
  0.140146E+02
  0.140154E+02
  0.140163E+02
  0.140172E+02
  0.140181E+02
  0.140189E+02
  0.140198E+02
  0.140207E+02
  0.140215E+02
  0.140224E+02
  0.140233E+02
  0.140242E+02
  0.140251E+02
  0.140259E+02
  0.140268E+02
  0.140277E+02
  0.140286E+02
  0.140295E+02
  0.140304E+02
  0.140312E+02
  0.140321E+02
  0.140330E+02
  0.140339E+02
  0.140348E+02
  0.140357E+02
  0.140366E+02
  0.140375E+02
  0.140384E+02
  0.140393E+02
  0.140402E+02
  0.140411E+02
  0.140420E+02
  0.140429E+02
  0.140438E+02
  0.140447E+02
  0.140456E+02
  0.140465E+02
  0.140475E+02
  0.140484E+02
  0.140493E+02
  0.140502E+02
  0.140511E+02
  0.140520E+02
  0.140530E+02
  0.140539E+02
  0.140548E+02
  0.140557E+02
  0.140567E+02
  0.140576E+02
  0.140585E+02
  0.140594E+02
  0.140604E+02
  0.140613E+02
  0.140622E+02
  0.140632E+02
  0.140641E+02
  0.140651E+02
  0.140660E+02
  0.140669E+02
  0.140679E+02
  0.140688E+02
  0.140698E+02
  0.140707E+02
  0.140717E+02
  0.140726E+02
  0.140736E+02
  0.140745E+02
  0.140755E+02
  0.140765E+02
  0.140774E+02
  0.140784E+02
  0.140793E+02
  0.140803E+02
  0.140813E+02
  0.140822E+02
  0.140832E+02
  0.140842E+02
  0.140851E+02
  0.140861E+02
  0.140871E+02
  0.140881E+02
  0.140891E+02
  0.140900E+02
  0.140910E+02
  0.140920E+02
  0.140930E+02
  0.140940E+02
  0.140950E+02
  0.140960E+02
  0.140970E+02
  0.140980E+02
  0.140990E+02
  0.141000E+02
  0.141010E+02
  0.141020E+02
  0.141030E+02
  0.141040E+02
  0.141050E+02
  0.141060E+02
  0.141070E+02
  0.141080E+02
  0.141090E+02
  0.141100E+02
  0.141110E+02
  0.141121E+02
  0.141131E+02
  0.141141E+02
  0.141151E+02
  0.141161E+02
  0.141172E+02
  0.141182E+02
  0.141192E+02
  0.141203E+02
  0.141213E+02
  0.141223E+02
  0.141234E+02
  0.141244E+02
  0.141254E+02
  0.141265E+02
  0.141275E+02
  0.141285E+02
  0.141296E+02
  0.141306E+02
  0.141317E+02
  0.141327E+02
  0.141338E+02
  0.141348E+02
  0.141359E+02
  0.141369E+02
  0.141380E+02
  0.141391E+02
  0.141401E+02
  0.141412E+02
  0.141422E+02
  0.141433E+02
  0.141444E+02
  0.141454E+02
  0.141465E+02
  0.141476E+02
  0.141487E+02
  0.141497E+02
  0.141508E+02
  0.141519E+02
  0.141530E+02
  0.141541E+02
  0.141552E+02
  0.141562E+02
  0.141573E+02
  0.141584E+02
  0.141595E+02
  0.141606E+02
  0.141617E+02
  0.141628E+02
  0.141639E+02
  0.141650E+02
  0.141661E+02
  0.141672E+02
  0.141683E+02
  0.141694E+02
  0.141705E+02
  0.141717E+02
  0.141728E+02
  0.141739E+02
  0.141750E+02
  0.141761E+02
  0.141773E+02
  0.141784E+02
  0.141795E+02
  0.141806E+02
  0.141818E+02
  0.141829E+02
  0.141840E+02
  0.141852E+02
  0.141863E+02
  0.141875E+02
  0.141886E+02
  0.141898E+02
  0.141909E+02
  0.141921E+02
  0.141932E+02
  0.141944E+02
  0.141955E+02
  0.141967E+02
  0.141979E+02
  0.141990E+02
  0.142002E+02
  0.142014E+02
  0.142025E+02
  0.142037E+02
  0.142049E+02
  0.142061E+02
  0.142072E+02
  0.142084E+02
  0.142096E+02
  0.142108E+02
  0.142120E+02
  0.142132E+02
  0.142144E+02
  0.142156E+02
  0.142168E+02
  0.142180E+02
  0.142192E+02
  0.142204E+02
  0.142216E+02
  0.142228E+02
  0.142241E+02
  0.142253E+02
  0.142265E+02
  0.142277E+02
  0.142289E+02
  0.142302E+02
  0.142314E+02
  0.142326E+02
  0.142339E+02
  0.142351E+02
  0.142364E+02
  0.142376E+02
  0.142389E+02
  0.142401E+02
  0.142414E+02
  0.142426E+02
  0.142439E+02
  0.142452E+02
  0.142464E+02
  0.142477E+02
  0.142490E+02
  0.142503E+02
  0.142515E+02
  0.142528E+02
  0.142541E+02
  0.142554E+02
  0.142567E+02
  0.142580E+02
  0.142593E+02
  0.142606E+02
  0.142619E+02
  0.142632E+02
  0.142645E+02
  0.142658E+02
  0.142672E+02
  0.142685E+02
  0.142698E+02
  0.142711E+02
  0.142725E+02
  0.142738E+02
  0.142751E+02
  0.142765E+02
  0.142778E+02
  0.142792E+02
  0.142805E+02
  0.142819E+02
  0.142833E+02
  0.142846E+02
  0.142860E+02
  0.142874E+02
  0.142888E+02
  0.142901E+02
  0.142915E+02
  0.142929E+02
  0.142943E+02
  0.142957E+02
  0.142971E+02
  0.142985E+02
  0.142999E+02
  0.143013E+02
  0.143028E+02
  0.143042E+02
  0.143056E+02
  0.143070E+02
  0.143085E+02
  0.143099E+02
  0.143114E+02
  0.143128E+02
  0.143143E+02
  0.143157E+02
  0.143172E+02
  0.143187E+02
  0.143201E+02
  0.143216E+02
  0.143231E+02
  0.143246E+02
  0.143261E+02
  0.143276E+02
  0.143291E+02
  0.143306E+02
  0.143321E+02
  0.143336E+02
  0.143352E+02
  0.143367E+02
  0.143382E+02
  0.143398E+02
  0.143413E+02
  0.143429E+02
  0.143444E+02
  0.143460E+02
  0.143476E+02
  0.143491E+02
  0.143507E+02
  0.143523E+02
  0.143539E+02
  0.143555E+02
  0.143571E+02
  0.143587E+02
  0.143603E+02
  0.143620E+02
  0.143636E+02
  0.143652E+02
  0.143669E+02
  0.143685E+02
  0.143702E+02
  0.143719E+02
  0.143735E+02
  0.143752E+02
  0.143769E+02
  0.143786E+02
  0.143803E+02
  0.143820E+02
  0.143837E+02
  0.143855E+02
  0.143872E+02
  0.143889E+02
  0.143907E+02
  0.143925E+02
  0.143942E+02
  0.143960E+02
  0.143978E+02
  0.143996E+02
  0.144014E+02
  0.144032E+02
  0.144050E+02
  0.144068E+02
  0.144086E+02
  0.144105E+02
  0.144123E+02
  0.144142E+02
  0.144160E+02
  0.144179E+02
  0.144197E+02
  0.144216E+02
  0.144235E+02
  0.144254E+02
  0.144272E+02
  0.144291E+02
  0.144310E+02
  0.144330E+02
  0.144349E+02
  0.144368E+02
  0.144387E+02
  0.144407E+02
  0.144426E+02
  0.144446E+02
  0.144465E+02
  0.144485E+02
  0.144505E+02
  0.144524E+02
  0.144544E+02
  0.144564E+02
  0.144584E+02
  0.144605E+02
  0.144625E+02
  0.144645E+02
  0.144666E+02
  0.144686E+02
  0.144707E+02
  0.144727E+02
  0.144748E+02
  0.144769E+02
  0.144790E+02
  0.144811E+02
  0.144832E+02
  0.144853E+02
  0.144874E+02
  0.144896E+02
  0.144917E+02
  0.144939E+02
  0.144961E+02
  0.144982E+02
  0.145004E+02
  0.145026E+02
  0.145049E+02
  0.145071E+02
  0.145093E+02
  0.145116E+02
  0.145138E+02
  0.145161E+02
  0.145184E+02
  0.145207E+02
  0.145230E+02
  0.145253E+02
  0.145276E+02
  0.145300E+02
  0.145323E+02
  0.145347E+02
  0.145371E+02
  0.145395E+02
  0.145419E+02
  0.145443E+02
  0.145468E+02
  0.145493E+02
  0.145517E+02
  0.145542E+02
  0.145567E+02
  0.145592E+02
  0.145618E+02
  0.145643E+02
  0.145669E+02
  0.145695E+02
  0.145721E+02
  0.145747E+02
  0.145774E+02
  0.145801E+02
  0.145828E+02
  0.145855E+02
  0.145882E+02
  0.145909E+02
  0.145937E+02
  0.145965E+02
  0.145993E+02
  0.146022E+02
  0.146050E+02
  0.146079E+02
  0.146108E+02
  0.146138E+02
  0.146167E+02
  0.146197E+02
  0.146228E+02
  0.146258E+02
  0.146289E+02
  0.146320E+02
  0.146352E+02
  0.146383E+02
  0.146416E+02
  0.146448E+02
  0.146481E+02
  0.146514E+02
  0.146548E+02
  0.146582E+02
  0.146616E+02
  0.146651E+02
  0.146687E+02
  0.146723E+02
  0.146759E+02
  0.146796E+02
  0.146833E+02
  0.146871E+02
  0.146910E+02
  0.146949E+02
  0.146989E+02
  0.147030E+02
  0.147071E+02
  0.147112E+02
  0.147154E+02
  0.147196E+02
  0.147238E+02
  0.147281E+02
  0.147325E+02
  0.147369E+02
  0.147413E+02
  0.147458E+02
  0.147504E+02
  0.147550E+02
  0.147596E+02
  0.147643E+02
  0.147691E+02
  0.147739E+02
  0.147789E+02
  0.147838E+02
  0.147889E+02
  0.147940E+02
  0.147992E+02
  0.148045E+02
  0.148099E+02
  0.148153E+02
  0.148209E+02
  0.148266E+02
  0.148324E+02
  0.148383E+02
  0.148443E+02
  0.148504E+02
  0.148567E+02
  0.148632E+02
  0.148698E+02
  0.148766E+02
  0.148835E+02
  0.148907E+02
  0.148981E+02
  0.149058E+02
  0.149138E+02
  0.149220E+02
  0.149307E+02
  0.149397E+02
  0.149493E+02
  0.149594E+02
  0.149702E+02
  0.149818E+02
  0.149946E+02
  0.150086E+02
  0.150234E+02
  0.150390E+02
  0.150556E+02
  0.150733E+02
  0.150925E+02
  0.151136E+02
  0.151374E+02
  0.151651E+02
  0.152002E+02
  0.152578E+02
  0.161410E+02
  0.162623E+02
  0.163516E+02
  0.164254E+02
  0.164897E+02
  0.165510E+02
  0.166181E+02
  0.166935E+02
  0.167815E+02
  0.168944E+02
  0.171546E+02
  0.400000E+02
