       18001
  0.000000E+00
  0.960509E+00
  0.121037E+01
  0.138567E+01
  0.152525E+01
  0.164310E+01
  0.174610E+01
  0.183819E+01
  0.192187E+01
  0.199884E+01
  0.207028E+01
  0.213710E+01
  0.219999E+01
  0.225946E+01
  0.231596E+01
  0.236982E+01
  0.242133E+01
  0.247074E+01
  0.251825E+01
  0.256403E+01
  0.260823E+01
  0.265099E+01
  0.269241E+01
  0.273260E+01
  0.277164E+01
  0.280961E+01
  0.284658E+01
  0.288262E+01
  0.291778E+01
  0.295212E+01
  0.298568E+01
  0.301850E+01
  0.305062E+01
  0.308208E+01
  0.311291E+01
  0.314315E+01
  0.317282E+01
  0.320194E+01
  0.323054E+01
  0.325865E+01
  0.328628E+01
  0.331346E+01
  0.334020E+01
  0.336651E+01
  0.339243E+01
  0.341795E+01
  0.344310E+01
  0.346789E+01
  0.349233E+01
  0.351643E+01
  0.354021E+01
  0.356367E+01
  0.358683E+01
  0.360969E+01
  0.363226E+01
  0.365455E+01
  0.367658E+01
  0.369834E+01
  0.371985E+01
  0.374112E+01
  0.376214E+01
  0.378293E+01
  0.380350E+01
  0.382384E+01
  0.384397E+01
  0.386389E+01
  0.388361E+01
  0.390313E+01
  0.392245E+01
  0.394159E+01
  0.396054E+01
  0.397931E+01
  0.399790E+01
  0.401633E+01
  0.403458E+01
  0.405267E+01
  0.407060E+01
  0.408837E+01
  0.410599E+01
  0.412346E+01
  0.414078E+01
  0.415795E+01
  0.417499E+01
  0.419188E+01
  0.420864E+01
  0.422527E+01
  0.424176E+01
  0.425813E+01
  0.427437E+01
  0.429049E+01
  0.430648E+01
  0.432236E+01
  0.433813E+01
  0.435377E+01
  0.436931E+01
  0.438474E+01
  0.440005E+01
  0.441526E+01
  0.443037E+01
  0.444537E+01
  0.446027E+01
  0.447508E+01
  0.448978E+01
  0.450439E+01
  0.451890E+01
  0.453332E+01
  0.454765E+01
  0.456189E+01
  0.457604E+01
  0.459011E+01
  0.460409E+01
  0.461798E+01
  0.463179E+01
  0.464552E+01
  0.465917E+01
  0.467274E+01
  0.468623E+01
  0.469964E+01
  0.471298E+01
  0.472624E+01
  0.473943E+01
  0.475254E+01
  0.476558E+01
  0.477855E+01
  0.479146E+01
  0.480429E+01
  0.481705E+01
  0.482975E+01
  0.484238E+01
  0.485494E+01
  0.486744E+01
  0.487988E+01
  0.489225E+01
  0.490456E+01
  0.491681E+01
  0.492900E+01
  0.494113E+01
  0.495319E+01
  0.496520E+01
  0.497716E+01
  0.498905E+01
  0.500089E+01
  0.501267E+01
  0.502440E+01
  0.503607E+01
  0.504769E+01
  0.505926E+01
  0.507078E+01
  0.508224E+01
  0.509365E+01
  0.510501E+01
  0.511633E+01
  0.512759E+01
  0.513880E+01
  0.514997E+01
  0.516108E+01
  0.517215E+01
  0.518318E+01
  0.519415E+01
  0.520508E+01
  0.521597E+01
  0.522681E+01
  0.523760E+01
  0.524836E+01
  0.525906E+01
  0.526973E+01
  0.528035E+01
  0.529093E+01
  0.530147E+01
  0.531197E+01
  0.532242E+01
  0.533284E+01
  0.534321E+01
  0.535355E+01
  0.536384E+01
  0.537410E+01
  0.538432E+01
  0.539450E+01
  0.540464E+01
  0.541474E+01
  0.542481E+01
  0.543484E+01
  0.544483E+01
  0.545479E+01
  0.546471E+01
  0.547460E+01
  0.548445E+01
  0.549426E+01
  0.550404E+01
  0.551379E+01
  0.552350E+01
  0.553318E+01
  0.554282E+01
  0.555243E+01
  0.556201E+01
  0.557156E+01
  0.558107E+01
  0.559055E+01
  0.560000E+01
  0.560942E+01
  0.561880E+01
  0.562816E+01
  0.563748E+01
  0.564678E+01
  0.565604E+01
  0.566527E+01
  0.567448E+01
  0.568365E+01
  0.569280E+01
  0.570191E+01
  0.571100E+01
  0.572006E+01
  0.572909E+01
  0.573809E+01
  0.574706E+01
  0.575601E+01
  0.576493E+01
  0.577382E+01
  0.578268E+01
  0.579152E+01
  0.580033E+01
  0.580911E+01
  0.581787E+01
  0.582660E+01
  0.583531E+01
  0.584399E+01
  0.585264E+01
  0.586127E+01
  0.586988E+01
  0.587845E+01
  0.588701E+01
  0.589554E+01
  0.590404E+01
  0.591252E+01
  0.592098E+01
  0.592941E+01
  0.593782E+01
  0.594621E+01
  0.595457E+01
  0.596291E+01
  0.597122E+01
  0.597952E+01
  0.598779E+01
  0.599603E+01
  0.600426E+01
  0.601246E+01
  0.602064E+01
  0.602880E+01
  0.603693E+01
  0.604505E+01
  0.605314E+01
  0.606121E+01
  0.606926E+01
  0.607729E+01
  0.608529E+01
  0.609328E+01
  0.610124E+01
  0.610918E+01
  0.611710E+01
  0.612501E+01
  0.613289E+01
  0.614075E+01
  0.614859E+01
  0.615641E+01
  0.616421E+01
  0.617199E+01
  0.617975E+01
  0.618749E+01
  0.619521E+01
  0.620292E+01
  0.621060E+01
  0.621826E+01
  0.622591E+01
  0.623354E+01
  0.624114E+01
  0.624873E+01
  0.625630E+01
  0.626386E+01
  0.627139E+01
  0.627891E+01
  0.628641E+01
  0.629389E+01
  0.630135E+01
  0.630879E+01
  0.631622E+01
  0.632363E+01
  0.633102E+01
  0.633840E+01
  0.634575E+01
  0.635309E+01
  0.636042E+01
  0.636772E+01
  0.637501E+01
  0.638229E+01
  0.638954E+01
  0.639678E+01
  0.640400E+01
  0.641121E+01
  0.641840E+01
  0.642558E+01
  0.643273E+01
  0.643988E+01
  0.644700E+01
  0.645411E+01
  0.646121E+01
  0.646829E+01
  0.647535E+01
  0.648240E+01
  0.648943E+01
  0.649645E+01
  0.650345E+01
  0.651044E+01
  0.651741E+01
  0.652437E+01
  0.653131E+01
  0.653824E+01
  0.654515E+01
  0.655205E+01
  0.655893E+01
  0.656580E+01
  0.657265E+01
  0.657949E+01
  0.658632E+01
  0.659313E+01
  0.659992E+01
  0.660671E+01
  0.661347E+01
  0.662023E+01
  0.662697E+01
  0.663370E+01
  0.664041E+01
  0.664711E+01
  0.665379E+01
  0.666047E+01
  0.666712E+01
  0.667377E+01
  0.668040E+01
  0.668702E+01
  0.669362E+01
  0.670022E+01
  0.670679E+01
  0.671336E+01
  0.671991E+01
  0.672645E+01
  0.673298E+01
  0.673949E+01
  0.674600E+01
  0.675248E+01
  0.675896E+01
  0.676542E+01
  0.677188E+01
  0.677831E+01
  0.678474E+01
  0.679115E+01
  0.679756E+01
  0.680395E+01
  0.681032E+01
  0.681669E+01
  0.682304E+01
  0.682938E+01
  0.683571E+01
  0.684203E+01
  0.684834E+01
  0.685463E+01
  0.686092E+01
  0.686719E+01
  0.687345E+01
  0.687969E+01
  0.688593E+01
  0.689216E+01
  0.689837E+01
  0.690457E+01
  0.691076E+01
  0.691694E+01
  0.692311E+01
  0.692927E+01
  0.693542E+01
  0.694155E+01
  0.694768E+01
  0.695379E+01
  0.695989E+01
  0.696598E+01
  0.697207E+01
  0.697814E+01
  0.698420E+01
  0.699024E+01
  0.699628E+01
  0.700231E+01
  0.700833E+01
  0.701434E+01
  0.702033E+01
  0.702632E+01
  0.703230E+01
  0.703827E+01
  0.704422E+01
  0.705017E+01
  0.705611E+01
  0.706203E+01
  0.706795E+01
  0.707386E+01
  0.707975E+01
  0.708564E+01
  0.709152E+01
  0.709739E+01
  0.710325E+01
  0.710909E+01
  0.711493E+01
  0.712076E+01
  0.712658E+01
  0.713240E+01
  0.713820E+01
  0.714399E+01
  0.714977E+01
  0.715554E+01
  0.716131E+01
  0.716706E+01
  0.717281E+01
  0.717855E+01
  0.718427E+01
  0.718999E+01
  0.719570E+01
  0.720140E+01
  0.720709E+01
  0.721278E+01
  0.721845E+01
  0.722411E+01
  0.722977E+01
  0.723542E+01
  0.724106E+01
  0.724668E+01
  0.725231E+01
  0.725792E+01
  0.726352E+01
  0.726912E+01
  0.727470E+01
  0.728028E+01
  0.728585E+01
  0.729141E+01
  0.729696E+01
  0.730251E+01
  0.730804E+01
  0.731357E+01
  0.731909E+01
  0.732460E+01
  0.733010E+01
  0.733560E+01
  0.734108E+01
  0.734656E+01
  0.735203E+01
  0.735749E+01
  0.736295E+01
  0.736839E+01
  0.737383E+01
  0.737926E+01
  0.738468E+01
  0.739010E+01
  0.739550E+01
  0.740090E+01
  0.740629E+01
  0.741167E+01
  0.741705E+01
  0.742241E+01
  0.742777E+01
  0.743313E+01
  0.743847E+01
  0.744381E+01
  0.744913E+01
  0.745446E+01
  0.745977E+01
  0.746508E+01
  0.747037E+01
  0.747566E+01
  0.748095E+01
  0.748622E+01
  0.749149E+01
  0.749676E+01
  0.750201E+01
  0.750726E+01
  0.751250E+01
  0.751773E+01
  0.752295E+01
  0.752817E+01
  0.753338E+01
  0.753859E+01
  0.754378E+01
  0.754897E+01
  0.755416E+01
  0.755933E+01
  0.756450E+01
  0.756966E+01
  0.757482E+01
  0.757997E+01
  0.758511E+01
  0.759024E+01
  0.759537E+01
  0.760049E+01
  0.760560E+01
  0.761071E+01
  0.761581E+01
  0.762091E+01
  0.762599E+01
  0.763107E+01
  0.763615E+01
  0.764121E+01
  0.764627E+01
  0.765133E+01
  0.765638E+01
  0.766142E+01
  0.766645E+01
  0.767148E+01
  0.767650E+01
  0.768151E+01
  0.768652E+01
  0.769153E+01
  0.769652E+01
  0.770151E+01
  0.770649E+01
  0.771147E+01
  0.771644E+01
  0.772140E+01
  0.772636E+01
  0.773131E+01
  0.773626E+01
  0.774120E+01
  0.774613E+01
  0.775106E+01
  0.775598E+01
  0.776089E+01
  0.776580E+01
  0.777070E+01
  0.777560E+01
  0.778049E+01
  0.778537E+01
  0.779025E+01
  0.779512E+01
  0.779999E+01
  0.780485E+01
  0.780970E+01
  0.781455E+01
  0.781939E+01
  0.782423E+01
  0.782906E+01
  0.783388E+01
  0.783870E+01
  0.784351E+01
  0.784832E+01
  0.785312E+01
  0.785792E+01
  0.786271E+01
  0.786749E+01
  0.787227E+01
  0.787704E+01
  0.788181E+01
  0.788657E+01
  0.789133E+01
  0.789608E+01
  0.790082E+01
  0.790556E+01
  0.791029E+01
  0.791502E+01
  0.791974E+01
  0.792446E+01
  0.792917E+01
  0.793388E+01
  0.793858E+01
  0.794327E+01
  0.794796E+01
  0.795264E+01
  0.795732E+01
  0.796199E+01
  0.796666E+01
  0.797132E+01
  0.797598E+01
  0.798063E+01
  0.798528E+01
  0.798992E+01
  0.799455E+01
  0.799918E+01
  0.800381E+01
  0.800843E+01
  0.801304E+01
  0.801765E+01
  0.802226E+01
  0.802685E+01
  0.803145E+01
  0.803604E+01
  0.804062E+01
  0.804520E+01
  0.804977E+01
  0.805433E+01
  0.805890E+01
  0.806345E+01
  0.806800E+01
  0.807255E+01
  0.807709E+01
  0.808163E+01
  0.808616E+01
  0.809069E+01
  0.809521E+01
  0.809972E+01
  0.810423E+01
  0.810874E+01
  0.811324E+01
  0.811774E+01
  0.812223E+01
  0.812672E+01
  0.813120E+01
  0.813567E+01
  0.814014E+01
  0.814461E+01
  0.814907E+01
  0.815353E+01
  0.815798E+01
  0.816243E+01
  0.816687E+01
  0.817131E+01
  0.817574E+01
  0.818017E+01
  0.818459E+01
  0.818901E+01
  0.819342E+01
  0.819783E+01
  0.820224E+01
  0.820664E+01
  0.821103E+01
  0.821542E+01
  0.821981E+01
  0.822419E+01
  0.822856E+01
  0.823293E+01
  0.823730E+01
  0.824166E+01
  0.824602E+01
  0.825037E+01
  0.825472E+01
  0.825906E+01
  0.826340E+01
  0.826774E+01
  0.827207E+01
  0.827639E+01
  0.828071E+01
  0.828503E+01
  0.828934E+01
  0.829365E+01
  0.829795E+01
  0.830225E+01
  0.830655E+01
  0.831084E+01
  0.831512E+01
  0.831940E+01
  0.832368E+01
  0.832795E+01
  0.833222E+01
  0.833648E+01
  0.834074E+01
  0.834500E+01
  0.834925E+01
  0.835349E+01
  0.835774E+01
  0.836197E+01
  0.836621E+01
  0.837044E+01
  0.837466E+01
  0.837888E+01
  0.838310E+01
  0.838731E+01
  0.839152E+01
  0.839572E+01
  0.839992E+01
  0.840412E+01
  0.840831E+01
  0.841249E+01
  0.841668E+01
  0.842085E+01
  0.842503E+01
  0.842920E+01
  0.843337E+01
  0.843753E+01
  0.844169E+01
  0.844584E+01
  0.844999E+01
  0.845414E+01
  0.845828E+01
  0.846241E+01
  0.846655E+01
  0.847068E+01
  0.847480E+01
  0.847893E+01
  0.848304E+01
  0.848716E+01
  0.849127E+01
  0.849537E+01
  0.849947E+01
  0.850357E+01
  0.850767E+01
  0.851175E+01
  0.851584E+01
  0.851992E+01
  0.852400E+01
  0.852807E+01
  0.853214E+01
  0.853621E+01
  0.854027E+01
  0.854433E+01
  0.854838E+01
  0.855243E+01
  0.855648E+01
  0.856052E+01
  0.856456E+01
  0.856860E+01
  0.857263E+01
  0.857666E+01
  0.858068E+01
  0.858470E+01
  0.858871E+01
  0.859273E+01
  0.859673E+01
  0.860074E+01
  0.860474E+01
  0.860873E+01
  0.861273E+01
  0.861672E+01
  0.862070E+01
  0.862468E+01
  0.862866E+01
  0.863264E+01
  0.863661E+01
  0.864057E+01
  0.864454E+01
  0.864850E+01
  0.865245E+01
  0.865640E+01
  0.866035E+01
  0.866430E+01
  0.866824E+01
  0.867218E+01
  0.867611E+01
  0.868004E+01
  0.868397E+01
  0.868789E+01
  0.869181E+01
  0.869572E+01
  0.869964E+01
  0.870354E+01
  0.870745E+01
  0.871135E+01
  0.871525E+01
  0.871914E+01
  0.872303E+01
  0.872692E+01
  0.873081E+01
  0.873469E+01
  0.873856E+01
  0.874244E+01
  0.874631E+01
  0.875017E+01
  0.875404E+01
  0.875790E+01
  0.876175E+01
  0.876560E+01
  0.876945E+01
  0.877330E+01
  0.877714E+01
  0.878098E+01
  0.878482E+01
  0.878865E+01
  0.879248E+01
  0.879630E+01
  0.880012E+01
  0.880394E+01
  0.880776E+01
  0.881157E+01
  0.881538E+01
  0.881918E+01
  0.882299E+01
  0.882678E+01
  0.883058E+01
  0.883437E+01
  0.883816E+01
  0.884194E+01
  0.884573E+01
  0.884951E+01
  0.885328E+01
  0.885705E+01
  0.886082E+01
  0.886459E+01
  0.886835E+01
  0.887211E+01
  0.887586E+01
  0.887962E+01
  0.888337E+01
  0.888711E+01
  0.889086E+01
  0.889460E+01
  0.889833E+01
  0.890207E+01
  0.890580E+01
  0.890952E+01
  0.891325E+01
  0.891697E+01
  0.892069E+01
  0.892440E+01
  0.892811E+01
  0.893182E+01
  0.893553E+01
  0.893923E+01
  0.894293E+01
  0.894662E+01
  0.895031E+01
  0.895400E+01
  0.895769E+01
  0.896137E+01
  0.896505E+01
  0.896873E+01
  0.897241E+01
  0.897608E+01
  0.897975E+01
  0.898341E+01
  0.898707E+01
  0.899073E+01
  0.899439E+01
  0.899804E+01
  0.900169E+01
  0.900534E+01
  0.900898E+01
  0.901262E+01
  0.901626E+01
  0.901990E+01
  0.902353E+01
  0.902716E+01
  0.903078E+01
  0.903441E+01
  0.903803E+01
  0.904164E+01
  0.904526E+01
  0.904887E+01
  0.905248E+01
  0.905609E+01
  0.905969E+01
  0.906329E+01
  0.906689E+01
  0.907048E+01
  0.907407E+01
  0.907766E+01
  0.908125E+01
  0.908483E+01
  0.908841E+01
  0.909199E+01
  0.909556E+01
  0.909913E+01
  0.910270E+01
  0.910627E+01
  0.910983E+01
  0.911339E+01
  0.911695E+01
  0.912050E+01
  0.912405E+01
  0.912760E+01
  0.913115E+01
  0.913469E+01
  0.913823E+01
  0.914177E+01
  0.914531E+01
  0.914884E+01
  0.915237E+01
  0.915590E+01
  0.915942E+01
  0.916294E+01
  0.916646E+01
  0.916998E+01
  0.917349E+01
  0.917700E+01
  0.918051E+01
  0.918402E+01
  0.918752E+01
  0.919102E+01
  0.919452E+01
  0.919801E+01
  0.920150E+01
  0.920499E+01
  0.920848E+01
  0.921196E+01
  0.921544E+01
  0.921892E+01
  0.922240E+01
  0.922587E+01
  0.922934E+01
  0.923281E+01
  0.923628E+01
  0.923974E+01
  0.924320E+01
  0.924666E+01
  0.925011E+01
  0.925357E+01
  0.925702E+01
  0.926046E+01
  0.926391E+01
  0.926735E+01
  0.927079E+01
  0.927423E+01
  0.927766E+01
  0.928109E+01
  0.928452E+01
  0.928795E+01
  0.929137E+01
  0.929479E+01
  0.929821E+01
  0.930163E+01
  0.930504E+01
  0.930846E+01
  0.931186E+01
  0.931527E+01
  0.931868E+01
  0.932208E+01
  0.932548E+01
  0.932887E+01
  0.933227E+01
  0.933566E+01
  0.933905E+01
  0.934243E+01
  0.934582E+01
  0.934920E+01
  0.935258E+01
  0.935596E+01
  0.935933E+01
  0.936270E+01
  0.936607E+01
  0.936944E+01
  0.937280E+01
  0.937616E+01
  0.937952E+01
  0.938288E+01
  0.938624E+01
  0.938959E+01
  0.939294E+01
  0.939629E+01
  0.939963E+01
  0.940297E+01
  0.940631E+01
  0.940965E+01
  0.941299E+01
  0.941632E+01
  0.941965E+01
  0.942298E+01
  0.942631E+01
  0.942963E+01
  0.943295E+01
  0.943627E+01
  0.943959E+01
  0.944290E+01
  0.944621E+01
  0.944952E+01
  0.945283E+01
  0.945614E+01
  0.945944E+01
  0.946274E+01
  0.946604E+01
  0.946933E+01
  0.947263E+01
  0.947592E+01
  0.947921E+01
  0.948249E+01
  0.948578E+01
  0.948906E+01
  0.949234E+01
  0.949562E+01
  0.949889E+01
  0.950216E+01
  0.950544E+01
  0.950870E+01
  0.951197E+01
  0.951523E+01
  0.951850E+01
  0.952176E+01
  0.952501E+01
  0.952827E+01
  0.953152E+01
  0.953477E+01
  0.953802E+01
  0.954127E+01
  0.954451E+01
  0.954775E+01
  0.955099E+01
  0.955423E+01
  0.955746E+01
  0.956070E+01
  0.956393E+01
  0.956716E+01
  0.957038E+01
  0.957361E+01
  0.957683E+01
  0.958005E+01
  0.958327E+01
  0.958648E+01
  0.958970E+01
  0.959291E+01
  0.959612E+01
  0.959932E+01
  0.960253E+01
  0.960573E+01
  0.960893E+01
  0.961213E+01
  0.961533E+01
  0.961852E+01
  0.962171E+01
  0.962490E+01
  0.962809E+01
  0.963128E+01
  0.963446E+01
  0.963764E+01
  0.964082E+01
  0.964400E+01
  0.964718E+01
  0.965035E+01
  0.965352E+01
  0.965669E+01
  0.965986E+01
  0.966302E+01
  0.966619E+01
  0.966935E+01
  0.967251E+01
  0.967566E+01
  0.967882E+01
  0.968197E+01
  0.968512E+01
  0.968827E+01
  0.969142E+01
  0.969456E+01
  0.969770E+01
  0.970084E+01
  0.970398E+01
  0.970712E+01
  0.971025E+01
  0.971339E+01
  0.971652E+01
  0.971965E+01
  0.972277E+01
  0.972590E+01
  0.972902E+01
  0.973214E+01
  0.973526E+01
  0.973838E+01
  0.974149E+01
  0.974460E+01
  0.974771E+01
  0.975082E+01
  0.975393E+01
  0.975703E+01
  0.976014E+01
  0.976324E+01
  0.976634E+01
  0.976943E+01
  0.977253E+01
  0.977562E+01
  0.977871E+01
  0.978180E+01
  0.978489E+01
  0.978797E+01
  0.979106E+01
  0.979414E+01
  0.979722E+01
  0.980029E+01
  0.980337E+01
  0.980644E+01
  0.980951E+01
  0.981258E+01
  0.981565E+01
  0.981872E+01
  0.982178E+01
  0.982484E+01
  0.982790E+01
  0.983096E+01
  0.983402E+01
  0.983707E+01
  0.984013E+01
  0.984318E+01
  0.984622E+01
  0.984927E+01
  0.985232E+01
  0.985536E+01
  0.985840E+01
  0.986144E+01
  0.986448E+01
  0.986751E+01
  0.987055E+01
  0.987358E+01
  0.987661E+01
  0.987964E+01
  0.988267E+01
  0.988569E+01
  0.988871E+01
  0.989173E+01
  0.989475E+01
  0.989777E+01
  0.990079E+01
  0.990380E+01
  0.990681E+01
  0.990982E+01
  0.991283E+01
  0.991584E+01
  0.991884E+01
  0.992184E+01
  0.992484E+01
  0.992784E+01
  0.993084E+01
  0.993384E+01
  0.993683E+01
  0.993982E+01
  0.994281E+01
  0.994580E+01
  0.994879E+01
  0.995177E+01
  0.995475E+01
  0.995774E+01
  0.996072E+01
  0.996369E+01
  0.996667E+01
  0.996964E+01
  0.997262E+01
  0.997559E+01
  0.997855E+01
  0.998152E+01
  0.998449E+01
  0.998745E+01
  0.999041E+01
  0.999337E+01
  0.999633E+01
  0.999929E+01
  0.100022E+02
  0.100052E+02
  0.100081E+02
  0.100111E+02
  0.100140E+02
  0.100170E+02
  0.100199E+02
  0.100229E+02
  0.100258E+02
  0.100288E+02
  0.100317E+02
  0.100346E+02
  0.100376E+02
  0.100405E+02
  0.100434E+02
  0.100464E+02
  0.100493E+02
  0.100522E+02
  0.100551E+02
  0.100581E+02
  0.100610E+02
  0.100639E+02
  0.100668E+02
  0.100697E+02
  0.100726E+02
  0.100756E+02
  0.100785E+02
  0.100814E+02
  0.100843E+02
  0.100872E+02
  0.100901E+02
  0.100930E+02
  0.100959E+02
  0.100988E+02
  0.101017E+02
  0.101046E+02
  0.101075E+02
  0.101104E+02
  0.101133E+02
  0.101161E+02
  0.101190E+02
  0.101219E+02
  0.101248E+02
  0.101277E+02
  0.101306E+02
  0.101334E+02
  0.101363E+02
  0.101392E+02
  0.101421E+02
  0.101449E+02
  0.101478E+02
  0.101507E+02
  0.101535E+02
  0.101564E+02
  0.101593E+02
  0.101621E+02
  0.101650E+02
  0.101679E+02
  0.101707E+02
  0.101736E+02
  0.101764E+02
  0.101793E+02
  0.101821E+02
  0.101850E+02
  0.101878E+02
  0.101907E+02
  0.101935E+02
  0.101964E+02
  0.101992E+02
  0.102020E+02
  0.102049E+02
  0.102077E+02
  0.102106E+02
  0.102134E+02
  0.102162E+02
  0.102191E+02
  0.102219E+02
  0.102247E+02
  0.102275E+02
  0.102304E+02
  0.102332E+02
  0.102360E+02
  0.102388E+02
  0.102416E+02
  0.102445E+02
  0.102473E+02
  0.102501E+02
  0.102529E+02
  0.102557E+02
  0.102585E+02
  0.102613E+02
  0.102641E+02
  0.102669E+02
  0.102697E+02
  0.102725E+02
  0.102753E+02
  0.102781E+02
  0.102809E+02
  0.102837E+02
  0.102865E+02
  0.102893E+02
  0.102921E+02
  0.102949E+02
  0.102977E+02
  0.103005E+02
  0.103033E+02
  0.103060E+02
  0.103088E+02
  0.103116E+02
  0.103144E+02
  0.103172E+02
  0.103199E+02
  0.103227E+02
  0.103255E+02
  0.103282E+02
  0.103310E+02
  0.103338E+02
  0.103366E+02
  0.103393E+02
  0.103421E+02
  0.103448E+02
  0.103476E+02
  0.103504E+02
  0.103531E+02
  0.103559E+02
  0.103586E+02
  0.103614E+02
  0.103641E+02
  0.103669E+02
  0.103696E+02
  0.103724E+02
  0.103751E+02
  0.103779E+02
  0.103806E+02
  0.103834E+02
  0.103861E+02
  0.103888E+02
  0.103916E+02
  0.103943E+02
  0.103970E+02
  0.103998E+02
  0.104025E+02
  0.104052E+02
  0.104080E+02
  0.104107E+02
  0.104134E+02
  0.104161E+02
  0.104189E+02
  0.104216E+02
  0.104243E+02
  0.104270E+02
  0.104297E+02
  0.104325E+02
  0.104352E+02
  0.104379E+02
  0.104406E+02
  0.104433E+02
  0.104460E+02
  0.104487E+02
  0.104514E+02
  0.104541E+02
  0.104568E+02
  0.104595E+02
  0.104622E+02
  0.104649E+02
  0.104676E+02
  0.104703E+02
  0.104730E+02
  0.104757E+02
  0.104784E+02
  0.104811E+02
  0.104838E+02
  0.104865E+02
  0.104892E+02
  0.104919E+02
  0.104945E+02
  0.104972E+02
  0.104999E+02
  0.105026E+02
  0.105053E+02
  0.105079E+02
  0.105106E+02
  0.105133E+02
  0.105160E+02
  0.105186E+02
  0.105213E+02
  0.105240E+02
  0.105266E+02
  0.105293E+02
  0.105320E+02
  0.105346E+02
  0.105373E+02
  0.105400E+02
  0.105426E+02
  0.105453E+02
  0.105479E+02
  0.105506E+02
  0.105532E+02
  0.105559E+02
  0.105586E+02
  0.105612E+02
  0.105639E+02
  0.105665E+02
  0.105691E+02
  0.105718E+02
  0.105744E+02
  0.105771E+02
  0.105797E+02
  0.105824E+02
  0.105850E+02
  0.105876E+02
  0.105903E+02
  0.105929E+02
  0.105955E+02
  0.105982E+02
  0.106008E+02
  0.106034E+02
  0.106061E+02
  0.106087E+02
  0.106113E+02
  0.106139E+02
  0.106166E+02
  0.106192E+02
  0.106218E+02
  0.106244E+02
  0.106270E+02
  0.106297E+02
  0.106323E+02
  0.106349E+02
  0.106375E+02
  0.106401E+02
  0.106427E+02
  0.106453E+02
  0.106479E+02
  0.106505E+02
  0.106531E+02
  0.106558E+02
  0.106584E+02
  0.106610E+02
  0.106636E+02
  0.106662E+02
  0.106688E+02
  0.106713E+02
  0.106739E+02
  0.106765E+02
  0.106791E+02
  0.106817E+02
  0.106843E+02
  0.106869E+02
  0.106895E+02
  0.106921E+02
  0.106947E+02
  0.106972E+02
  0.106998E+02
  0.107024E+02
  0.107050E+02
  0.107076E+02
  0.107101E+02
  0.107127E+02
  0.107153E+02
  0.107179E+02
  0.107204E+02
  0.107230E+02
  0.107256E+02
  0.107282E+02
  0.107307E+02
  0.107333E+02
  0.107359E+02
  0.107384E+02
  0.107410E+02
  0.107435E+02
  0.107461E+02
  0.107487E+02
  0.107512E+02
  0.107538E+02
  0.107563E+02
  0.107589E+02
  0.107614E+02
  0.107640E+02
  0.107665E+02
  0.107691E+02
  0.107716E+02
  0.107742E+02
  0.107767E+02
  0.107793E+02
  0.107818E+02
  0.107844E+02
  0.107869E+02
  0.107894E+02
  0.107920E+02
  0.107945E+02
  0.107971E+02
  0.107996E+02
  0.108021E+02
  0.108047E+02
  0.108072E+02
  0.108097E+02
  0.108123E+02
  0.108148E+02
  0.108173E+02
  0.108198E+02
  0.108224E+02
  0.108249E+02
  0.108274E+02
  0.108299E+02
  0.108325E+02
  0.108350E+02
  0.108375E+02
  0.108400E+02
  0.108425E+02
  0.108450E+02
  0.108476E+02
  0.108501E+02
  0.108526E+02
  0.108551E+02
  0.108576E+02
  0.108601E+02
  0.108626E+02
  0.108651E+02
  0.108676E+02
  0.108701E+02
  0.108726E+02
  0.108751E+02
  0.108776E+02
  0.108801E+02
  0.108826E+02
  0.108851E+02
  0.108876E+02
  0.108901E+02
  0.108926E+02
  0.108951E+02
  0.108976E+02
  0.109001E+02
  0.109026E+02
  0.109050E+02
  0.109075E+02
  0.109100E+02
  0.109125E+02
  0.109150E+02
  0.109175E+02
  0.109199E+02
  0.109224E+02
  0.109249E+02
  0.109274E+02
  0.109299E+02
  0.109323E+02
  0.109348E+02
  0.109373E+02
  0.109397E+02
  0.109422E+02
  0.109447E+02
  0.109472E+02
  0.109496E+02
  0.109521E+02
  0.109545E+02
  0.109570E+02
  0.109595E+02
  0.109619E+02
  0.109644E+02
  0.109669E+02
  0.109693E+02
  0.109718E+02
  0.109742E+02
  0.109767E+02
  0.109791E+02
  0.109816E+02
  0.109840E+02
  0.109865E+02
  0.109889E+02
  0.109914E+02
  0.109938E+02
  0.109963E+02
  0.109987E+02
  0.110012E+02
  0.110036E+02
  0.110061E+02
  0.110085E+02
  0.110109E+02
  0.110134E+02
  0.110158E+02
  0.110183E+02
  0.110207E+02
  0.110231E+02
  0.110256E+02
  0.110280E+02
  0.110304E+02
  0.110329E+02
  0.110353E+02
  0.110377E+02
  0.110401E+02
  0.110426E+02
  0.110450E+02
  0.110474E+02
  0.110498E+02
  0.110523E+02
  0.110547E+02
  0.110571E+02
  0.110595E+02
  0.110619E+02
  0.110644E+02
  0.110668E+02
  0.110692E+02
  0.110716E+02
  0.110740E+02
  0.110764E+02
  0.110788E+02
  0.110812E+02
  0.110837E+02
  0.110861E+02
  0.110885E+02
  0.110909E+02
  0.110933E+02
  0.110957E+02
  0.110981E+02
  0.111005E+02
  0.111029E+02
  0.111053E+02
  0.111077E+02
  0.111101E+02
  0.111125E+02
  0.111149E+02
  0.111173E+02
  0.111197E+02
  0.111221E+02
  0.111244E+02
  0.111268E+02
  0.111292E+02
  0.111316E+02
  0.111340E+02
  0.111364E+02
  0.111388E+02
  0.111412E+02
  0.111435E+02
  0.111459E+02
  0.111483E+02
  0.111507E+02
  0.111531E+02
  0.111554E+02
  0.111578E+02
  0.111602E+02
  0.111626E+02
  0.111650E+02
  0.111673E+02
  0.111697E+02
  0.111721E+02
  0.111744E+02
  0.111768E+02
  0.111792E+02
  0.111815E+02
  0.111839E+02
  0.111863E+02
  0.111886E+02
  0.111910E+02
  0.111934E+02
  0.111957E+02
  0.111981E+02
  0.112005E+02
  0.112028E+02
  0.112052E+02
  0.112075E+02
  0.112099E+02
  0.112122E+02
  0.112146E+02
  0.112169E+02
  0.112193E+02
  0.112217E+02
  0.112240E+02
  0.112264E+02
  0.112287E+02
  0.112310E+02
  0.112334E+02
  0.112357E+02
  0.112381E+02
  0.112404E+02
  0.112428E+02
  0.112451E+02
  0.112475E+02
  0.112498E+02
  0.112521E+02
  0.112545E+02
  0.112568E+02
  0.112591E+02
  0.112615E+02
  0.112638E+02
  0.112661E+02
  0.112685E+02
  0.112708E+02
  0.112731E+02
  0.112755E+02
  0.112778E+02
  0.112801E+02
  0.112825E+02
  0.112848E+02
  0.112871E+02
  0.112894E+02
  0.112917E+02
  0.112941E+02
  0.112964E+02
  0.112987E+02
  0.113010E+02
  0.113034E+02
  0.113057E+02
  0.113080E+02
  0.113103E+02
  0.113126E+02
  0.113149E+02
  0.113172E+02
  0.113196E+02
  0.113219E+02
  0.113242E+02
  0.113265E+02
  0.113288E+02
  0.113311E+02
  0.113334E+02
  0.113357E+02
  0.113380E+02
  0.113403E+02
  0.113426E+02
  0.113449E+02
  0.113472E+02
  0.113495E+02
  0.113518E+02
  0.113541E+02
  0.113564E+02
  0.113587E+02
  0.113610E+02
  0.113633E+02
  0.113656E+02
  0.113679E+02
  0.113702E+02
  0.113725E+02
  0.113748E+02
  0.113771E+02
  0.113793E+02
  0.113816E+02
  0.113839E+02
  0.113862E+02
  0.113885E+02
  0.113908E+02
  0.113931E+02
  0.113953E+02
  0.113976E+02
  0.113999E+02
  0.114022E+02
  0.114045E+02
  0.114067E+02
  0.114090E+02
  0.114113E+02
  0.114136E+02
  0.114158E+02
  0.114181E+02
  0.114204E+02
  0.114226E+02
  0.114249E+02
  0.114272E+02
  0.114295E+02
  0.114317E+02
  0.114340E+02
  0.114363E+02
  0.114385E+02
  0.114408E+02
  0.114431E+02
  0.114453E+02
  0.114476E+02
  0.114498E+02
  0.114521E+02
  0.114544E+02
  0.114566E+02
  0.114589E+02
  0.114611E+02
  0.114634E+02
  0.114656E+02
  0.114679E+02
  0.114701E+02
  0.114724E+02
  0.114746E+02
  0.114769E+02
  0.114791E+02
  0.114814E+02
  0.114836E+02
  0.114859E+02
  0.114881E+02
  0.114904E+02
  0.114926E+02
  0.114949E+02
  0.114971E+02
  0.114994E+02
  0.115016E+02
  0.115038E+02
  0.115061E+02
  0.115083E+02
  0.115106E+02
  0.115128E+02
  0.115150E+02
  0.115173E+02
  0.115195E+02
  0.115217E+02
  0.115240E+02
  0.115262E+02
  0.115284E+02
  0.115307E+02
  0.115329E+02
  0.115351E+02
  0.115373E+02
  0.115396E+02
  0.115418E+02
  0.115440E+02
  0.115462E+02
  0.115485E+02
  0.115507E+02
  0.115529E+02
  0.115551E+02
  0.115573E+02
  0.115596E+02
  0.115618E+02
  0.115640E+02
  0.115662E+02
  0.115684E+02
  0.115706E+02
  0.115729E+02
  0.115751E+02
  0.115773E+02
  0.115795E+02
  0.115817E+02
  0.115839E+02
  0.115861E+02
  0.115883E+02
  0.115905E+02
  0.115927E+02
  0.115949E+02
  0.115971E+02
  0.115993E+02
  0.116016E+02
  0.116038E+02
  0.116060E+02
  0.116082E+02
  0.116104E+02
  0.116126E+02
  0.116147E+02
  0.116169E+02
  0.116191E+02
  0.116213E+02
  0.116235E+02
  0.116257E+02
  0.116279E+02
  0.116301E+02
  0.116323E+02
  0.116345E+02
  0.116367E+02
  0.116389E+02
  0.116411E+02
  0.116432E+02
  0.116454E+02
  0.116476E+02
  0.116498E+02
  0.116520E+02
  0.116542E+02
  0.116563E+02
  0.116585E+02
  0.116607E+02
  0.116629E+02
  0.116651E+02
  0.116672E+02
  0.116694E+02
  0.116716E+02
  0.116738E+02
  0.116759E+02
  0.116781E+02
  0.116803E+02
  0.116825E+02
  0.116846E+02
  0.116868E+02
  0.116890E+02
  0.116911E+02
  0.116933E+02
  0.116955E+02
  0.116976E+02
  0.116998E+02
  0.117020E+02
  0.117041E+02
  0.117063E+02
  0.117085E+02
  0.117106E+02
  0.117128E+02
  0.117149E+02
  0.117171E+02
  0.117193E+02
  0.117214E+02
  0.117236E+02
  0.117257E+02
  0.117279E+02
  0.117300E+02
  0.117322E+02
  0.117343E+02
  0.117365E+02
  0.117386E+02
  0.117408E+02
  0.117429E+02
  0.117451E+02
  0.117472E+02
  0.117494E+02
  0.117515E+02
  0.117537E+02
  0.117558E+02
  0.117580E+02
  0.117601E+02
  0.117623E+02
  0.117644E+02
  0.117665E+02
  0.117687E+02
  0.117708E+02
  0.117730E+02
  0.117751E+02
  0.117772E+02
  0.117794E+02
  0.117815E+02
  0.117836E+02
  0.117858E+02
  0.117879E+02
  0.117900E+02
  0.117922E+02
  0.117943E+02
  0.117964E+02
  0.117986E+02
  0.118007E+02
  0.118028E+02
  0.118049E+02
  0.118071E+02
  0.118092E+02
  0.118113E+02
  0.118134E+02
  0.118156E+02
  0.118177E+02
  0.118198E+02
  0.118219E+02
  0.118240E+02
  0.118262E+02
  0.118283E+02
  0.118304E+02
  0.118325E+02
  0.118346E+02
  0.118367E+02
  0.118389E+02
  0.118410E+02
  0.118431E+02
  0.118452E+02
  0.118473E+02
  0.118494E+02
  0.118515E+02
  0.118536E+02
  0.118558E+02
  0.118579E+02
  0.118600E+02
  0.118621E+02
  0.118642E+02
  0.118663E+02
  0.118684E+02
  0.118705E+02
  0.118726E+02
  0.118747E+02
  0.118768E+02
  0.118789E+02
  0.118810E+02
  0.118831E+02
  0.118852E+02
  0.118873E+02
  0.118894E+02
  0.118915E+02
  0.118936E+02
  0.118957E+02
  0.118978E+02
  0.118999E+02
  0.119019E+02
  0.119040E+02
  0.119061E+02
  0.119082E+02
  0.119103E+02
  0.119124E+02
  0.119145E+02
  0.119166E+02
  0.119187E+02
  0.119207E+02
  0.119228E+02
  0.119249E+02
  0.119270E+02
  0.119291E+02
  0.119312E+02
  0.119332E+02
  0.119353E+02
  0.119374E+02
  0.119395E+02
  0.119416E+02
  0.119436E+02
  0.119457E+02
  0.119478E+02
  0.119499E+02
  0.119519E+02
  0.119540E+02
  0.119561E+02
  0.119582E+02
  0.119602E+02
  0.119623E+02
  0.119644E+02
  0.119664E+02
  0.119685E+02
  0.119706E+02
  0.119726E+02
  0.119747E+02
  0.119768E+02
  0.119788E+02
  0.119809E+02
  0.119830E+02
  0.119850E+02
  0.119871E+02
  0.119892E+02
  0.119912E+02
  0.119933E+02
  0.119953E+02
  0.119974E+02
  0.119995E+02
  0.120015E+02
  0.120036E+02
  0.120056E+02
  0.120077E+02
  0.120097E+02
  0.120118E+02
  0.120138E+02
  0.120159E+02
  0.120179E+02
  0.120200E+02
  0.120220E+02
  0.120241E+02
  0.120261E+02
  0.120282E+02
  0.120302E+02
  0.120323E+02
  0.120343E+02
  0.120364E+02
  0.120384E+02
  0.120405E+02
  0.120425E+02
  0.120445E+02
  0.120466E+02
  0.120486E+02
  0.120507E+02
  0.120527E+02
  0.120547E+02
  0.120568E+02
  0.120588E+02
  0.120609E+02
  0.120629E+02
  0.120649E+02
  0.120670E+02
  0.120690E+02
  0.120710E+02
  0.120731E+02
  0.120751E+02
  0.120771E+02
  0.120791E+02
  0.120812E+02
  0.120832E+02
  0.120852E+02
  0.120873E+02
  0.120893E+02
  0.120913E+02
  0.120933E+02
  0.120953E+02
  0.120974E+02
  0.120994E+02
  0.121014E+02
  0.121034E+02
  0.121055E+02
  0.121075E+02
  0.121095E+02
  0.121115E+02
  0.121135E+02
  0.121155E+02
  0.121176E+02
  0.121196E+02
  0.121216E+02
  0.121236E+02
  0.121256E+02
  0.121276E+02
  0.121296E+02
  0.121317E+02
  0.121337E+02
  0.121357E+02
  0.121377E+02
  0.121397E+02
  0.121417E+02
  0.121437E+02
  0.121457E+02
  0.121477E+02
  0.121497E+02
  0.121517E+02
  0.121537E+02
  0.121557E+02
  0.121577E+02
  0.121597E+02
  0.121617E+02
  0.121637E+02
  0.121657E+02
  0.121677E+02
  0.121697E+02
  0.121717E+02
  0.121737E+02
  0.121757E+02
  0.121777E+02
  0.121797E+02
  0.121817E+02
  0.121837E+02
  0.121857E+02
  0.121877E+02
  0.121897E+02
  0.121916E+02
  0.121936E+02
  0.121956E+02
  0.121976E+02
  0.121996E+02
  0.122016E+02
  0.122036E+02
  0.122056E+02
  0.122075E+02
  0.122095E+02
  0.122115E+02
  0.122135E+02
  0.122155E+02
  0.122174E+02
  0.122194E+02
  0.122214E+02
  0.122234E+02
  0.122254E+02
  0.122273E+02
  0.122293E+02
  0.122313E+02
  0.122333E+02
  0.122352E+02
  0.122372E+02
  0.122392E+02
  0.122412E+02
  0.122431E+02
  0.122451E+02
  0.122471E+02
  0.122490E+02
  0.122510E+02
  0.122530E+02
  0.122549E+02
  0.122569E+02
  0.122589E+02
  0.122608E+02
  0.122628E+02
  0.122648E+02
  0.122667E+02
  0.122687E+02
  0.122707E+02
  0.122726E+02
  0.122746E+02
  0.122766E+02
  0.122785E+02
  0.122805E+02
  0.122824E+02
  0.122844E+02
  0.122863E+02
  0.122883E+02
  0.122903E+02
  0.122922E+02
  0.122942E+02
  0.122961E+02
  0.122981E+02
  0.123000E+02
  0.123020E+02
  0.123039E+02
  0.123059E+02
  0.123078E+02
  0.123098E+02
  0.123117E+02
  0.123137E+02
  0.123156E+02
  0.123176E+02
  0.123195E+02
  0.123215E+02
  0.123234E+02
  0.123253E+02
  0.123273E+02
  0.123292E+02
  0.123312E+02
  0.123331E+02
  0.123351E+02
  0.123370E+02
  0.123389E+02
  0.123409E+02
  0.123428E+02
  0.123448E+02
  0.123467E+02
  0.123486E+02
  0.123506E+02
  0.123525E+02
  0.123544E+02
  0.123564E+02
  0.123583E+02
  0.123602E+02
  0.123622E+02
  0.123641E+02
  0.123660E+02
  0.123679E+02
  0.123699E+02
  0.123718E+02
  0.123737E+02
  0.123757E+02
  0.123776E+02
  0.123795E+02
  0.123814E+02
  0.123834E+02
  0.123853E+02
  0.123872E+02
  0.123891E+02
  0.123911E+02
  0.123930E+02
  0.123949E+02
  0.123968E+02
  0.123987E+02
  0.124007E+02
  0.124026E+02
  0.124045E+02
  0.124064E+02
  0.124083E+02
  0.124102E+02
  0.124122E+02
  0.124141E+02
  0.124160E+02
  0.124179E+02
  0.124198E+02
  0.124217E+02
  0.124236E+02
  0.124255E+02
  0.124275E+02
  0.124294E+02
  0.124313E+02
  0.124332E+02
  0.124351E+02
  0.124370E+02
  0.124389E+02
  0.124408E+02
  0.124427E+02
  0.124446E+02
  0.124465E+02
  0.124484E+02
  0.124503E+02
  0.124522E+02
  0.124541E+02
  0.124560E+02
  0.124579E+02
  0.124598E+02
  0.124617E+02
  0.124636E+02
  0.124655E+02
  0.124674E+02
  0.124693E+02
  0.124712E+02
  0.124731E+02
  0.124750E+02
  0.124769E+02
  0.124788E+02
  0.124807E+02
  0.124826E+02
  0.124845E+02
  0.124864E+02
  0.124882E+02
  0.124901E+02
  0.124920E+02
  0.124939E+02
  0.124958E+02
  0.124977E+02
  0.124996E+02
  0.125015E+02
  0.125033E+02
  0.125052E+02
  0.125071E+02
  0.125090E+02
  0.125109E+02
  0.125128E+02
  0.125147E+02
  0.125165E+02
  0.125184E+02
  0.125203E+02
  0.125222E+02
  0.125241E+02
  0.125259E+02
  0.125278E+02
  0.125297E+02
  0.125316E+02
  0.125334E+02
  0.125353E+02
  0.125372E+02
  0.125391E+02
  0.125409E+02
  0.125428E+02
  0.125447E+02
  0.125466E+02
  0.125484E+02
  0.125503E+02
  0.125522E+02
  0.125540E+02
  0.125559E+02
  0.125578E+02
  0.125596E+02
  0.125615E+02
  0.125634E+02
  0.125652E+02
  0.125671E+02
  0.125690E+02
  0.125708E+02
  0.125727E+02
  0.125746E+02
  0.125764E+02
  0.125783E+02
  0.125802E+02
  0.125820E+02
  0.125839E+02
  0.125857E+02
  0.125876E+02
  0.125895E+02
  0.125913E+02
  0.125932E+02
  0.125950E+02
  0.125969E+02
  0.125988E+02
  0.126006E+02
  0.126025E+02
  0.126043E+02
  0.126062E+02
  0.126080E+02
  0.126099E+02
  0.126117E+02
  0.126136E+02
  0.126154E+02
  0.126173E+02
  0.126191E+02
  0.126210E+02
  0.126228E+02
  0.126247E+02
  0.126265E+02
  0.126284E+02
  0.126302E+02
  0.126321E+02
  0.126339E+02
  0.126358E+02
  0.126376E+02
  0.126395E+02
  0.126413E+02
  0.126431E+02
  0.126450E+02
  0.126468E+02
  0.126487E+02
  0.126505E+02
  0.126524E+02
  0.126542E+02
  0.126560E+02
  0.126579E+02
  0.126597E+02
  0.126615E+02
  0.126634E+02
  0.126652E+02
  0.126671E+02
  0.126689E+02
  0.126707E+02
  0.126726E+02
  0.126744E+02
  0.126762E+02
  0.126781E+02
  0.126799E+02
  0.126817E+02
  0.126836E+02
  0.126854E+02
  0.126872E+02
  0.126890E+02
  0.126909E+02
  0.126927E+02
  0.126945E+02
  0.126964E+02
  0.126982E+02
  0.127000E+02
  0.127018E+02
  0.127037E+02
  0.127055E+02
  0.127073E+02
  0.127091E+02
  0.127110E+02
  0.127128E+02
  0.127146E+02
  0.127164E+02
  0.127183E+02
  0.127201E+02
  0.127219E+02
  0.127237E+02
  0.127255E+02
  0.127274E+02
  0.127292E+02
  0.127310E+02
  0.127328E+02
  0.127346E+02
  0.127364E+02
  0.127383E+02
  0.127401E+02
  0.127419E+02
  0.127437E+02
  0.127455E+02
  0.127473E+02
  0.127491E+02
  0.127509E+02
  0.127528E+02
  0.127546E+02
  0.127564E+02
  0.127582E+02
  0.127600E+02
  0.127618E+02
  0.127636E+02
  0.127654E+02
  0.127672E+02
  0.127690E+02
  0.127708E+02
  0.127726E+02
  0.127745E+02
  0.127763E+02
  0.127781E+02
  0.127799E+02
  0.127817E+02
  0.127835E+02
  0.127853E+02
  0.127871E+02
  0.127889E+02
  0.127907E+02
  0.127925E+02
  0.127943E+02
  0.127961E+02
  0.127979E+02
  0.127997E+02
  0.128015E+02
  0.128033E+02
  0.128051E+02
  0.128069E+02
  0.128086E+02
  0.128104E+02
  0.128122E+02
  0.128140E+02
  0.128158E+02
  0.128176E+02
  0.128194E+02
  0.128212E+02
  0.128230E+02
  0.128248E+02
  0.128266E+02
  0.128284E+02
  0.128302E+02
  0.128319E+02
  0.128337E+02
  0.128355E+02
  0.128373E+02
  0.128391E+02
  0.128409E+02
  0.128427E+02
  0.128444E+02
  0.128462E+02
  0.128480E+02
  0.128498E+02
  0.128516E+02
  0.128534E+02
  0.128551E+02
  0.128569E+02
  0.128587E+02
  0.128605E+02
  0.128623E+02
  0.128640E+02
  0.128658E+02
  0.128676E+02
  0.128694E+02
  0.128712E+02
  0.128729E+02
  0.128747E+02
  0.128765E+02
  0.128783E+02
  0.128800E+02
  0.128818E+02
  0.128836E+02
  0.128854E+02
  0.128871E+02
  0.128889E+02
  0.128907E+02
  0.128925E+02
  0.128942E+02
  0.128960E+02
  0.128978E+02
  0.128995E+02
  0.129013E+02
  0.129031E+02
  0.129048E+02
  0.129066E+02
  0.129084E+02
  0.129101E+02
  0.129119E+02
  0.129137E+02
  0.129154E+02
  0.129172E+02
  0.129190E+02
  0.129207E+02
  0.129225E+02
  0.129243E+02
  0.129260E+02
  0.129278E+02
  0.129295E+02
  0.129313E+02
  0.129331E+02
  0.129348E+02
  0.129366E+02
  0.129383E+02
  0.129401E+02
  0.129419E+02
  0.129436E+02
  0.129454E+02
  0.129471E+02
  0.129489E+02
  0.129506E+02
  0.129524E+02
  0.129541E+02
  0.129559E+02
  0.129577E+02
  0.129594E+02
  0.129612E+02
  0.129629E+02
  0.129647E+02
  0.129664E+02
  0.129682E+02
  0.129699E+02
  0.129717E+02
  0.129734E+02
  0.129752E+02
  0.129769E+02
  0.129787E+02
  0.129804E+02
  0.129822E+02
  0.129839E+02
  0.129856E+02
  0.129874E+02
  0.129891E+02
  0.129909E+02
  0.129926E+02
  0.129944E+02
  0.129961E+02
  0.129979E+02
  0.129996E+02
  0.130013E+02
  0.130031E+02
  0.130048E+02
  0.130066E+02
  0.130083E+02
  0.130100E+02
  0.130118E+02
  0.130135E+02
  0.130153E+02
  0.130170E+02
  0.130187E+02
  0.130205E+02
  0.130222E+02
  0.130239E+02
  0.130257E+02
  0.130274E+02
  0.130291E+02
  0.130309E+02
  0.130326E+02
  0.130343E+02
  0.130361E+02
  0.130378E+02
  0.130395E+02
  0.130413E+02
  0.130430E+02
  0.130447E+02
  0.130465E+02
  0.130482E+02
  0.130499E+02
  0.130517E+02
  0.130534E+02
  0.130551E+02
  0.130568E+02
  0.130586E+02
  0.130603E+02
  0.130620E+02
  0.130638E+02
  0.130655E+02
  0.130672E+02
  0.130689E+02
  0.130707E+02
  0.130724E+02
  0.130741E+02
  0.130758E+02
  0.130776E+02
  0.130793E+02
  0.130810E+02
  0.130827E+02
  0.130844E+02
  0.130862E+02
  0.130879E+02
  0.130896E+02
  0.130913E+02
  0.130930E+02
  0.130948E+02
  0.130965E+02
  0.130982E+02
  0.130999E+02
  0.131016E+02
  0.131034E+02
  0.131051E+02
  0.131068E+02
  0.131085E+02
  0.131102E+02
  0.131119E+02
  0.131136E+02
  0.131154E+02
  0.131171E+02
  0.131188E+02
  0.131205E+02
  0.131222E+02
  0.131239E+02
  0.131256E+02
  0.131274E+02
  0.131291E+02
  0.131308E+02
  0.131325E+02
  0.131342E+02
  0.131359E+02
  0.131376E+02
  0.131393E+02
  0.131410E+02
  0.131427E+02
  0.131444E+02
  0.131462E+02
  0.131479E+02
  0.131496E+02
  0.131513E+02
  0.131530E+02
  0.131547E+02
  0.131564E+02
  0.131581E+02
  0.131598E+02
  0.131615E+02
  0.131632E+02
  0.131649E+02
  0.131666E+02
  0.131683E+02
  0.131700E+02
  0.131717E+02
  0.131734E+02
  0.131751E+02
  0.131768E+02
  0.131785E+02
  0.131802E+02
  0.131819E+02
  0.131836E+02
  0.131853E+02
  0.131870E+02
  0.131887E+02
  0.131904E+02
  0.131921E+02
  0.131938E+02
  0.131955E+02
  0.131972E+02
  0.131989E+02
  0.132006E+02
  0.132023E+02
  0.132040E+02
  0.132057E+02
  0.132073E+02
  0.132090E+02
  0.132107E+02
  0.132124E+02
  0.132141E+02
  0.132158E+02
  0.132175E+02
  0.132192E+02
  0.132209E+02
  0.132226E+02
  0.132243E+02
  0.132259E+02
  0.132276E+02
  0.132293E+02
  0.132310E+02
  0.132327E+02
  0.132344E+02
  0.132361E+02
  0.132378E+02
  0.132394E+02
  0.132411E+02
  0.132428E+02
  0.132445E+02
  0.132462E+02
  0.132479E+02
  0.132495E+02
  0.132512E+02
  0.132529E+02
  0.132546E+02
  0.132563E+02
  0.132580E+02
  0.132596E+02
  0.132613E+02
  0.132630E+02
  0.132647E+02
  0.132664E+02
  0.132680E+02
  0.132697E+02
  0.132714E+02
  0.132731E+02
  0.132747E+02
  0.132764E+02
  0.132781E+02
  0.132798E+02
  0.132814E+02
  0.132831E+02
  0.132848E+02
  0.132865E+02
  0.132881E+02
  0.132898E+02
  0.132915E+02
  0.132932E+02
  0.132948E+02
  0.132965E+02
  0.132982E+02
  0.132999E+02
  0.133015E+02
  0.133032E+02
  0.133049E+02
  0.133065E+02
  0.133082E+02
  0.133099E+02
  0.133116E+02
  0.133132E+02
  0.133149E+02
  0.133166E+02
  0.133182E+02
  0.133199E+02
  0.133216E+02
  0.133232E+02
  0.133249E+02
  0.133266E+02
  0.133282E+02
  0.133299E+02
  0.133316E+02
  0.133332E+02
  0.133349E+02
  0.133365E+02
  0.133382E+02
  0.133399E+02
  0.133415E+02
  0.133432E+02
  0.133449E+02
  0.133465E+02
  0.133482E+02
  0.133498E+02
  0.133515E+02
  0.133532E+02
  0.133548E+02
  0.133565E+02
  0.133581E+02
  0.133598E+02
  0.133615E+02
  0.133631E+02
  0.133648E+02
  0.133664E+02
  0.133681E+02
  0.133697E+02
  0.133714E+02
  0.133730E+02
  0.133747E+02
  0.133764E+02
  0.133780E+02
  0.133797E+02
  0.133813E+02
  0.133830E+02
  0.133846E+02
  0.133863E+02
  0.133879E+02
  0.133896E+02
  0.133912E+02
  0.133929E+02
  0.133945E+02
  0.133962E+02
  0.133978E+02
  0.133995E+02
  0.134011E+02
  0.134028E+02
  0.134044E+02
  0.134061E+02
  0.134077E+02
  0.134094E+02
  0.134110E+02
  0.134127E+02
  0.134143E+02
  0.134160E+02
  0.134176E+02
  0.134192E+02
  0.134209E+02
  0.134225E+02
  0.134242E+02
  0.134258E+02
  0.134275E+02
  0.134291E+02
  0.134308E+02
  0.134324E+02
  0.134340E+02
  0.134357E+02
  0.134373E+02
  0.134390E+02
  0.134406E+02
  0.134422E+02
  0.134439E+02
  0.134455E+02
  0.134472E+02
  0.134488E+02
  0.134504E+02
  0.134521E+02
  0.134537E+02
  0.134554E+02
  0.134570E+02
  0.134586E+02
  0.134603E+02
  0.134619E+02
  0.134635E+02
  0.134652E+02
  0.134668E+02
  0.134684E+02
  0.134701E+02
  0.134717E+02
  0.134733E+02
  0.134750E+02
  0.134766E+02
  0.134782E+02
  0.134799E+02
  0.134815E+02
  0.134831E+02
  0.134848E+02
  0.134864E+02
  0.134880E+02
  0.134897E+02
  0.134913E+02
  0.134929E+02
  0.134945E+02
  0.134962E+02
  0.134978E+02
  0.134994E+02
  0.135011E+02
  0.135027E+02
  0.135043E+02
  0.135059E+02
  0.135076E+02
  0.135092E+02
  0.135108E+02
  0.135124E+02
  0.135141E+02
  0.135157E+02
  0.135173E+02
  0.135189E+02
  0.135205E+02
  0.135222E+02
  0.135238E+02
  0.135254E+02
  0.135270E+02
  0.135287E+02
  0.135303E+02
  0.135319E+02
  0.135335E+02
  0.135351E+02
  0.135368E+02
  0.135384E+02
  0.135400E+02
  0.135416E+02
  0.135432E+02
  0.135449E+02
  0.135465E+02
  0.135481E+02
  0.135497E+02
  0.135513E+02
  0.135529E+02
  0.135545E+02
  0.135562E+02
  0.135578E+02
  0.135594E+02
  0.135610E+02
  0.135626E+02
  0.135642E+02
  0.135658E+02
  0.135675E+02
  0.135691E+02
  0.135707E+02
  0.135723E+02
  0.135739E+02
  0.135755E+02
  0.135771E+02
  0.135787E+02
  0.135803E+02
  0.135820E+02
  0.135836E+02
  0.135852E+02
  0.135868E+02
  0.135884E+02
  0.135900E+02
  0.135916E+02
  0.135932E+02
  0.135948E+02
  0.135964E+02
  0.135980E+02
  0.135996E+02
  0.136012E+02
  0.136028E+02
  0.136045E+02
  0.136061E+02
  0.136077E+02
  0.136093E+02
  0.136109E+02
  0.136125E+02
  0.136141E+02
  0.136157E+02
  0.136173E+02
  0.136189E+02
  0.136205E+02
  0.136221E+02
  0.136237E+02
  0.136253E+02
  0.136269E+02
  0.136285E+02
  0.136301E+02
  0.136317E+02
  0.136333E+02
  0.136349E+02
  0.136365E+02
  0.136381E+02
  0.136397E+02
  0.136413E+02
  0.136429E+02
  0.136444E+02
  0.136460E+02
  0.136476E+02
  0.136492E+02
  0.136508E+02
  0.136524E+02
  0.136540E+02
  0.136556E+02
  0.136572E+02
  0.136588E+02
  0.136604E+02
  0.136620E+02
  0.136636E+02
  0.136652E+02
  0.136668E+02
  0.136683E+02
  0.136699E+02
  0.136715E+02
  0.136731E+02
  0.136747E+02
  0.136763E+02
  0.136779E+02
  0.136795E+02
  0.136811E+02
  0.136826E+02
  0.136842E+02
  0.136858E+02
  0.136874E+02
  0.136890E+02
  0.136906E+02
  0.136922E+02
  0.136937E+02
  0.136953E+02
  0.136969E+02
  0.136985E+02
  0.137001E+02
  0.137017E+02
  0.137033E+02
  0.137048E+02
  0.137064E+02
  0.137080E+02
  0.137096E+02
  0.137112E+02
  0.137127E+02
  0.137143E+02
  0.137159E+02
  0.137175E+02
  0.137191E+02
  0.137206E+02
  0.137222E+02
  0.137238E+02
  0.137254E+02
  0.137270E+02
  0.137285E+02
  0.137301E+02
  0.137317E+02
  0.137333E+02
  0.137348E+02
  0.137364E+02
  0.137380E+02
  0.137396E+02
  0.137411E+02
  0.137427E+02
  0.137443E+02
  0.137459E+02
  0.137474E+02
  0.137490E+02
  0.137506E+02
  0.137522E+02
  0.137537E+02
  0.137553E+02
  0.137569E+02
  0.137584E+02
  0.137600E+02
  0.137616E+02
  0.137632E+02
  0.137647E+02
  0.137663E+02
  0.137679E+02
  0.137694E+02
  0.137710E+02
  0.137726E+02
  0.137741E+02
  0.137757E+02
  0.137773E+02
  0.137788E+02
  0.137804E+02
  0.137820E+02
  0.137835E+02
  0.137851E+02
  0.137867E+02
  0.137882E+02
  0.137898E+02
  0.137914E+02
  0.137929E+02
  0.137945E+02
  0.137961E+02
  0.137976E+02
  0.137992E+02
  0.138008E+02
  0.138023E+02
  0.138039E+02
  0.138054E+02
  0.138070E+02
  0.138086E+02
  0.138101E+02
  0.138117E+02
  0.138132E+02
  0.138148E+02
  0.138164E+02
  0.138179E+02
  0.138195E+02
  0.138210E+02
  0.138226E+02
  0.138242E+02
  0.138257E+02
  0.138273E+02
  0.138288E+02
  0.138304E+02
  0.138319E+02
  0.138335E+02
  0.138350E+02
  0.138366E+02
  0.138382E+02
  0.138397E+02
  0.138413E+02
  0.138428E+02
  0.138444E+02
  0.138459E+02
  0.138475E+02
  0.138490E+02
  0.138506E+02
  0.138521E+02
  0.138537E+02
  0.138552E+02
  0.138568E+02
  0.138583E+02
  0.138599E+02
  0.138614E+02
  0.138630E+02
  0.138645E+02
  0.138661E+02
  0.138676E+02
  0.138692E+02
  0.138707E+02
  0.138723E+02
  0.138738E+02
  0.138754E+02
  0.138769E+02
  0.138785E+02
  0.138800E+02
  0.138816E+02
  0.138831E+02
  0.138846E+02
  0.138862E+02
  0.138877E+02
  0.138893E+02
  0.138908E+02
  0.138924E+02
  0.138939E+02
  0.138955E+02
  0.138970E+02
  0.138985E+02
  0.139001E+02
  0.139016E+02
  0.139032E+02
  0.139047E+02
  0.139062E+02
  0.139078E+02
  0.139093E+02
  0.139109E+02
  0.139124E+02
  0.139139E+02
  0.139155E+02
  0.139170E+02
  0.139186E+02
  0.139201E+02
  0.139216E+02
  0.139232E+02
  0.139247E+02
  0.139262E+02
  0.139278E+02
  0.139293E+02
  0.139309E+02
  0.139324E+02
  0.139339E+02
  0.139355E+02
  0.139370E+02
  0.139385E+02
  0.139401E+02
  0.139416E+02
  0.139431E+02
  0.139447E+02
  0.139462E+02
  0.139477E+02
  0.139493E+02
  0.139508E+02
  0.139523E+02
  0.139538E+02
  0.139554E+02
  0.139569E+02
  0.139584E+02
  0.139600E+02
  0.139615E+02
  0.139630E+02
  0.139646E+02
  0.139661E+02
  0.139676E+02
  0.139691E+02
  0.139707E+02
  0.139722E+02
  0.139737E+02
  0.139752E+02
  0.139768E+02
  0.139783E+02
  0.139798E+02
  0.139814E+02
  0.139829E+02
  0.139844E+02
  0.139859E+02
  0.139875E+02
  0.139890E+02
  0.139905E+02
  0.139920E+02
  0.139935E+02
  0.139951E+02
  0.139966E+02
  0.139981E+02
  0.139996E+02
  0.140012E+02
  0.140027E+02
  0.140042E+02
  0.140057E+02
  0.140072E+02
  0.140088E+02
  0.140103E+02
  0.140118E+02
  0.140133E+02
  0.140148E+02
  0.140163E+02
  0.140179E+02
  0.140194E+02
  0.140209E+02
  0.140224E+02
  0.140239E+02
  0.140254E+02
  0.140270E+02
  0.140285E+02
  0.140300E+02
  0.140315E+02
  0.140330E+02
  0.140345E+02
  0.140360E+02
  0.140376E+02
  0.140391E+02
  0.140406E+02
  0.140421E+02
  0.140436E+02
  0.140451E+02
  0.140466E+02
  0.140481E+02
  0.140497E+02
  0.140512E+02
  0.140527E+02
  0.140542E+02
  0.140557E+02
  0.140572E+02
  0.140587E+02
  0.140602E+02
  0.140617E+02
  0.140632E+02
  0.140647E+02
  0.140662E+02
  0.140677E+02
  0.140692E+02
  0.140708E+02
  0.140723E+02
  0.140738E+02
  0.140753E+02
  0.140768E+02
  0.140783E+02
  0.140798E+02
  0.140813E+02
  0.140828E+02
  0.140843E+02
  0.140858E+02
  0.140873E+02
  0.140888E+02
  0.140903E+02
  0.140918E+02
  0.140933E+02
  0.140948E+02
  0.140963E+02
  0.140978E+02
  0.140993E+02
  0.141008E+02
  0.141023E+02
  0.141038E+02
  0.141053E+02
  0.141068E+02
  0.141083E+02
  0.141098E+02
  0.141113E+02
  0.141127E+02
  0.141142E+02
  0.141157E+02
  0.141172E+02
  0.141187E+02
  0.141202E+02
  0.141217E+02
  0.141232E+02
  0.141247E+02
  0.141262E+02
  0.141277E+02
  0.141292E+02
  0.141307E+02
  0.141322E+02
  0.141336E+02
  0.141351E+02
  0.141366E+02
  0.141381E+02
  0.141396E+02
  0.141411E+02
  0.141426E+02
  0.141441E+02
  0.141456E+02
  0.141470E+02
  0.141485E+02
  0.141500E+02
  0.141515E+02
  0.141530E+02
  0.141545E+02
  0.141560E+02
  0.141574E+02
  0.141589E+02
  0.141604E+02
  0.141619E+02
  0.141634E+02
  0.141649E+02
  0.141663E+02
  0.141678E+02
  0.141693E+02
  0.141708E+02
  0.141723E+02
  0.141738E+02
  0.141752E+02
  0.141767E+02
  0.141782E+02
  0.141797E+02
  0.141812E+02
  0.141826E+02
  0.141841E+02
  0.141856E+02
  0.141871E+02
  0.141885E+02
  0.141900E+02
  0.141915E+02
  0.141930E+02
  0.141945E+02
  0.141959E+02
  0.141974E+02
  0.141989E+02
  0.142004E+02
  0.142018E+02
  0.142033E+02
  0.142048E+02
  0.142063E+02
  0.142077E+02
  0.142092E+02
  0.142107E+02
  0.142121E+02
  0.142136E+02
  0.142151E+02
  0.142166E+02
  0.142180E+02
  0.142195E+02
  0.142210E+02
  0.142224E+02
  0.142239E+02
  0.142254E+02
  0.142268E+02
  0.142283E+02
  0.142298E+02
  0.142313E+02
  0.142327E+02
  0.142342E+02
  0.142357E+02
  0.142371E+02
  0.142386E+02
  0.142401E+02
  0.142415E+02
  0.142430E+02
  0.142444E+02
  0.142459E+02
  0.142474E+02
  0.142488E+02
  0.142503E+02
  0.142518E+02
  0.142532E+02
  0.142547E+02
  0.142562E+02
  0.142576E+02
  0.142591E+02
  0.142605E+02
  0.142620E+02
  0.142635E+02
  0.142649E+02
  0.142664E+02
  0.142678E+02
  0.142693E+02
  0.142708E+02
  0.142722E+02
  0.142737E+02
  0.142751E+02
  0.142766E+02
  0.142781E+02
  0.142795E+02
  0.142810E+02
  0.142824E+02
  0.142839E+02
  0.142853E+02
  0.142868E+02
  0.142882E+02
  0.142897E+02
  0.142912E+02
  0.142926E+02
  0.142941E+02
  0.142955E+02
  0.142970E+02
  0.142984E+02
  0.142999E+02
  0.143013E+02
  0.143028E+02
  0.143042E+02
  0.143057E+02
  0.143071E+02
  0.143086E+02
  0.143100E+02
  0.143115E+02
  0.143129E+02
  0.143144E+02
  0.143158E+02
  0.143173E+02
  0.143187E+02
  0.143202E+02
  0.143216E+02
  0.143231E+02
  0.143245E+02
  0.143260E+02
  0.143274E+02
  0.143289E+02
  0.143303E+02
  0.143317E+02
  0.143332E+02
  0.143346E+02
  0.143361E+02
  0.143375E+02
  0.143390E+02
  0.143404E+02
  0.143419E+02
  0.143433E+02
  0.143447E+02
  0.143462E+02
  0.143476E+02
  0.143491E+02
  0.143505E+02
  0.143520E+02
  0.143534E+02
  0.143548E+02
  0.143563E+02
  0.143577E+02
  0.143592E+02
  0.143606E+02
  0.143620E+02
  0.143635E+02
  0.143649E+02
  0.143663E+02
  0.143678E+02
  0.143692E+02
  0.143707E+02
  0.143721E+02
  0.143735E+02
  0.143750E+02
  0.143764E+02
  0.143778E+02
  0.143793E+02
  0.143807E+02
  0.143821E+02
  0.143836E+02
  0.143850E+02
  0.143864E+02
  0.143879E+02
  0.143893E+02
  0.143907E+02
  0.143922E+02
  0.143936E+02
  0.143950E+02
  0.143965E+02
  0.143979E+02
  0.143993E+02
  0.144008E+02
  0.144022E+02
  0.144036E+02
  0.144050E+02
  0.144065E+02
  0.144079E+02
  0.144093E+02
  0.144108E+02
  0.144122E+02
  0.144136E+02
  0.144150E+02
  0.144165E+02
  0.144179E+02
  0.144193E+02
  0.144208E+02
  0.144222E+02
  0.144236E+02
  0.144250E+02
  0.144265E+02
  0.144279E+02
  0.144293E+02
  0.144307E+02
  0.144321E+02
  0.144336E+02
  0.144350E+02
  0.144364E+02
  0.144378E+02
  0.144393E+02
  0.144407E+02
  0.144421E+02
  0.144435E+02
  0.144449E+02
  0.144464E+02
  0.144478E+02
  0.144492E+02
  0.144506E+02
  0.144520E+02
  0.144535E+02
  0.144549E+02
  0.144563E+02
  0.144577E+02
  0.144591E+02
  0.144606E+02
  0.144620E+02
  0.144634E+02
  0.144648E+02
  0.144662E+02
  0.144676E+02
  0.144691E+02
  0.144705E+02
  0.144719E+02
  0.144733E+02
  0.144747E+02
  0.144761E+02
  0.144775E+02
  0.144790E+02
  0.144804E+02
  0.144818E+02
  0.144832E+02
  0.144846E+02
  0.144860E+02
  0.144874E+02
  0.144888E+02
  0.144902E+02
  0.144917E+02
  0.144931E+02
  0.144945E+02
  0.144959E+02
  0.144973E+02
  0.144987E+02
  0.145001E+02
  0.145015E+02
  0.145029E+02
  0.145043E+02
  0.145057E+02
  0.145072E+02
  0.145086E+02
  0.145100E+02
  0.145114E+02
  0.145128E+02
  0.145142E+02
  0.145156E+02
  0.145170E+02
  0.145184E+02
  0.145198E+02
  0.145212E+02
  0.145226E+02
  0.145240E+02
  0.145254E+02
  0.145268E+02
  0.145282E+02
  0.145296E+02
  0.145310E+02
  0.145324E+02
  0.145338E+02
  0.145352E+02
  0.145366E+02
  0.145380E+02
  0.145394E+02
  0.145408E+02
  0.145422E+02
  0.145436E+02
  0.145450E+02
  0.145464E+02
  0.145478E+02
  0.145492E+02
  0.145506E+02
  0.145520E+02
  0.145534E+02
  0.145548E+02
  0.145562E+02
  0.145576E+02
  0.145590E+02
  0.145604E+02
  0.145618E+02
  0.145632E+02
  0.145646E+02
  0.145660E+02
  0.145674E+02
  0.145688E+02
  0.145702E+02
  0.145716E+02
  0.145730E+02
  0.145743E+02
  0.145757E+02
  0.145771E+02
  0.145785E+02
  0.145799E+02
  0.145813E+02
  0.145827E+02
  0.145841E+02
  0.145855E+02
  0.145869E+02
  0.145883E+02
  0.145896E+02
  0.145910E+02
  0.145924E+02
  0.145938E+02
  0.145952E+02
  0.145966E+02
  0.145980E+02
  0.145994E+02
  0.146007E+02
  0.146021E+02
  0.146035E+02
  0.146049E+02
  0.146063E+02
  0.146077E+02
  0.146091E+02
  0.146104E+02
  0.146118E+02
  0.146132E+02
  0.146146E+02
  0.146160E+02
  0.146174E+02
  0.146188E+02
  0.146201E+02
  0.146215E+02
  0.146229E+02
  0.146243E+02
  0.146257E+02
  0.146270E+02
  0.146284E+02
  0.146298E+02
  0.146312E+02
  0.146326E+02
  0.146339E+02
  0.146353E+02
  0.146367E+02
  0.146381E+02
  0.146395E+02
  0.146408E+02
  0.146422E+02
  0.146436E+02
  0.146450E+02
  0.146464E+02
  0.146477E+02
  0.146491E+02
  0.146505E+02
  0.146519E+02
  0.146532E+02
  0.146546E+02
  0.146560E+02
  0.146574E+02
  0.146587E+02
  0.146601E+02
  0.146615E+02
  0.146629E+02
  0.146642E+02
  0.146656E+02
  0.146670E+02
  0.146683E+02
  0.146697E+02
  0.146711E+02
  0.146725E+02
  0.146738E+02
  0.146752E+02
  0.146766E+02
  0.146779E+02
  0.146793E+02
  0.146807E+02
  0.146821E+02
  0.146834E+02
  0.146848E+02
  0.146862E+02
  0.146875E+02
  0.146889E+02
  0.146903E+02
  0.146916E+02
  0.146930E+02
  0.146944E+02
  0.146957E+02
  0.146971E+02
  0.146985E+02
  0.146998E+02
  0.147012E+02
  0.147026E+02
  0.147039E+02
  0.147053E+02
  0.147067E+02
  0.147080E+02
  0.147094E+02
  0.147108E+02
  0.147121E+02
  0.147135E+02
  0.147148E+02
  0.147162E+02
  0.147176E+02
  0.147189E+02
  0.147203E+02
  0.147216E+02
  0.147230E+02
  0.147244E+02
  0.147257E+02
  0.147271E+02
  0.147285E+02
  0.147298E+02
  0.147312E+02
  0.147325E+02
  0.147339E+02
  0.147352E+02
  0.147366E+02
  0.147380E+02
  0.147393E+02
  0.147407E+02
  0.147420E+02
  0.147434E+02
  0.147447E+02
  0.147461E+02
  0.147475E+02
  0.147488E+02
  0.147502E+02
  0.147515E+02
  0.147529E+02
  0.147542E+02
  0.147556E+02
  0.147569E+02
  0.147583E+02
  0.147596E+02
  0.147610E+02
  0.147624E+02
  0.147637E+02
  0.147651E+02
  0.147664E+02
  0.147678E+02
  0.147691E+02
  0.147705E+02
  0.147718E+02
  0.147732E+02
  0.147745E+02
  0.147759E+02
  0.147772E+02
  0.147786E+02
  0.147799E+02
  0.147813E+02
  0.147826E+02
  0.147840E+02
  0.147853E+02
  0.147867E+02
  0.147880E+02
  0.147894E+02
  0.147907E+02
  0.147920E+02
  0.147934E+02
  0.147947E+02
  0.147961E+02
  0.147974E+02
  0.147988E+02
  0.148001E+02
  0.148015E+02
  0.148028E+02
  0.148042E+02
  0.148055E+02
  0.148068E+02
  0.148082E+02
  0.148095E+02
  0.148109E+02
  0.148122E+02
  0.148136E+02
  0.148149E+02
  0.148162E+02
  0.148176E+02
  0.148189E+02
  0.148203E+02
  0.148216E+02
  0.148229E+02
  0.148243E+02
  0.148256E+02
  0.148270E+02
  0.148283E+02
  0.148296E+02
  0.148310E+02
  0.148323E+02
  0.148337E+02
  0.148350E+02
  0.148363E+02
  0.148377E+02
  0.148390E+02
  0.148403E+02
  0.148417E+02
  0.148430E+02
  0.148443E+02
  0.148457E+02
  0.148470E+02
  0.148484E+02
  0.148497E+02
  0.148510E+02
  0.148524E+02
  0.148537E+02
  0.148550E+02
  0.148564E+02
  0.148577E+02
  0.148590E+02
  0.148604E+02
  0.148617E+02
  0.148630E+02
  0.148644E+02
  0.148657E+02
  0.148670E+02
  0.148683E+02
  0.148697E+02
  0.148710E+02
  0.148723E+02
  0.148737E+02
  0.148750E+02
  0.148763E+02
  0.148777E+02
  0.148790E+02
  0.148803E+02
  0.148816E+02
  0.148830E+02
  0.148843E+02
  0.148856E+02
  0.148869E+02
  0.148883E+02
  0.148896E+02
  0.148909E+02
  0.148923E+02
  0.148936E+02
  0.148949E+02
  0.148962E+02
  0.148976E+02
  0.148989E+02
  0.149002E+02
  0.149015E+02
  0.149029E+02
  0.149042E+02
  0.149055E+02
  0.149068E+02
  0.149081E+02
  0.149095E+02
  0.149108E+02
  0.149121E+02
  0.149134E+02
  0.149148E+02
  0.149161E+02
  0.149174E+02
  0.149187E+02
  0.149200E+02
  0.149214E+02
  0.149227E+02
  0.149240E+02
  0.149253E+02
  0.149266E+02
  0.149280E+02
  0.149293E+02
  0.149306E+02
  0.149319E+02
  0.149332E+02
  0.149346E+02
  0.149359E+02
  0.149372E+02
  0.149385E+02
  0.149398E+02
  0.149411E+02
  0.149425E+02
  0.149438E+02
  0.149451E+02
  0.149464E+02
  0.149477E+02
  0.149490E+02
  0.149503E+02
  0.149517E+02
  0.149530E+02
  0.149543E+02
  0.149556E+02
  0.149569E+02
  0.149582E+02
  0.149595E+02
  0.149608E+02
  0.149622E+02
  0.149635E+02
  0.149648E+02
  0.149661E+02
  0.149674E+02
  0.149687E+02
  0.149700E+02
  0.149713E+02
  0.149726E+02
  0.149740E+02
  0.149753E+02
  0.149766E+02
  0.149779E+02
  0.149792E+02
  0.149805E+02
  0.149818E+02
  0.149831E+02
  0.149844E+02
  0.149857E+02
  0.149870E+02
  0.149883E+02
  0.149897E+02
  0.149910E+02
  0.149923E+02
  0.149936E+02
  0.149949E+02
  0.149962E+02
  0.149975E+02
  0.149988E+02
  0.150001E+02
  0.150014E+02
  0.150027E+02
  0.150040E+02
  0.150053E+02
  0.150066E+02
  0.150079E+02
  0.150092E+02
  0.150105E+02
  0.150118E+02
  0.150131E+02
  0.150144E+02
  0.150157E+02
  0.150170E+02
  0.150183E+02
  0.150196E+02
  0.150209E+02
  0.150222E+02
  0.150235E+02
  0.150248E+02
  0.150261E+02
  0.150274E+02
  0.150287E+02
  0.150300E+02
  0.150313E+02
  0.150326E+02
  0.150339E+02
  0.150352E+02
  0.150365E+02
  0.150378E+02
  0.150391E+02
  0.150404E+02
  0.150417E+02
  0.150430E+02
  0.150443E+02
  0.150456E+02
  0.150469E+02
  0.150482E+02
  0.150495E+02
  0.150508E+02
  0.150521E+02
  0.150534E+02
  0.150547E+02
  0.150560E+02
  0.150573E+02
  0.150586E+02
  0.150599E+02
  0.150612E+02
  0.150625E+02
  0.150637E+02
  0.150650E+02
  0.150663E+02
  0.150676E+02
  0.150689E+02
  0.150702E+02
  0.150715E+02
  0.150728E+02
  0.150741E+02
  0.150754E+02
  0.150767E+02
  0.150780E+02
  0.150793E+02
  0.150805E+02
  0.150818E+02
  0.150831E+02
  0.150844E+02
  0.150857E+02
  0.150870E+02
  0.150883E+02
  0.150896E+02
  0.150909E+02
  0.150922E+02
  0.150934E+02
  0.150947E+02
  0.150960E+02
  0.150973E+02
  0.150986E+02
  0.150999E+02
  0.151012E+02
  0.151025E+02
  0.151037E+02
  0.151050E+02
  0.151063E+02
  0.151076E+02
  0.151089E+02
  0.151102E+02
  0.151115E+02
  0.151128E+02
  0.151140E+02
  0.151153E+02
  0.151166E+02
  0.151179E+02
  0.151192E+02
  0.151205E+02
  0.151217E+02
  0.151230E+02
  0.151243E+02
  0.151256E+02
  0.151269E+02
  0.151282E+02
  0.151294E+02
  0.151307E+02
  0.151320E+02
  0.151333E+02
  0.151346E+02
  0.151359E+02
  0.151371E+02
  0.151384E+02
  0.151397E+02
  0.151410E+02
  0.151423E+02
  0.151435E+02
  0.151448E+02
  0.151461E+02
  0.151474E+02
  0.151487E+02
  0.151499E+02
  0.151512E+02
  0.151525E+02
  0.151538E+02
  0.151551E+02
  0.151563E+02
  0.151576E+02
  0.151589E+02
  0.151602E+02
  0.151614E+02
  0.151627E+02
  0.151640E+02
  0.151653E+02
  0.151666E+02
  0.151678E+02
  0.151691E+02
  0.151704E+02
  0.151717E+02
  0.151729E+02
  0.151742E+02
  0.151755E+02
  0.151768E+02
  0.151780E+02
  0.151793E+02
  0.151806E+02
  0.151819E+02
  0.151831E+02
  0.151844E+02
  0.151857E+02
  0.151869E+02
  0.151882E+02
  0.151895E+02
  0.151908E+02
  0.151920E+02
  0.151933E+02
  0.151946E+02
  0.151959E+02
  0.151971E+02
  0.151984E+02
  0.151997E+02
  0.152009E+02
  0.152022E+02
  0.152035E+02
  0.152048E+02
  0.152060E+02
  0.152073E+02
  0.152086E+02
  0.152098E+02
  0.152111E+02
  0.152124E+02
  0.152136E+02
  0.152149E+02
  0.152162E+02
  0.152174E+02
  0.152187E+02
  0.152200E+02
  0.152212E+02
  0.152225E+02
  0.152238E+02
  0.152250E+02
  0.152263E+02
  0.152276E+02
  0.152288E+02
  0.152301E+02
  0.152314E+02
  0.152326E+02
  0.152339E+02
  0.152352E+02
  0.152364E+02
  0.152377E+02
  0.152390E+02
  0.152402E+02
  0.152415E+02
  0.152428E+02
  0.152440E+02
  0.152453E+02
  0.152466E+02
  0.152478E+02
  0.152491E+02
  0.152503E+02
  0.152516E+02
  0.152529E+02
  0.152541E+02
  0.152554E+02
  0.152567E+02
  0.152579E+02
  0.152592E+02
  0.152604E+02
  0.152617E+02
  0.152630E+02
  0.152642E+02
  0.152655E+02
  0.152667E+02
  0.152680E+02
  0.152693E+02
  0.152705E+02
  0.152718E+02
  0.152730E+02
  0.152743E+02
  0.152756E+02
  0.152768E+02
  0.152781E+02
  0.152793E+02
  0.152806E+02
  0.152819E+02
  0.152831E+02
  0.152844E+02
  0.152856E+02
  0.152869E+02
  0.152881E+02
  0.152894E+02
  0.152906E+02
  0.152919E+02
  0.152932E+02
  0.152944E+02
  0.152957E+02
  0.152969E+02
  0.152982E+02
  0.152994E+02
  0.153007E+02
  0.153019E+02
  0.153032E+02
  0.153045E+02
  0.153057E+02
  0.153070E+02
  0.153082E+02
  0.153095E+02
  0.153107E+02
  0.153120E+02
  0.153132E+02
  0.153145E+02
  0.153157E+02
  0.153170E+02
  0.153182E+02
  0.153195E+02
  0.153207E+02
  0.153220E+02
  0.153232E+02
  0.153245E+02
  0.153257E+02
  0.153270E+02
  0.153282E+02
  0.153295E+02
  0.153307E+02
  0.153320E+02
  0.153332E+02
  0.153345E+02
  0.153357E+02
  0.153370E+02
  0.153382E+02
  0.153395E+02
  0.153407E+02
  0.153420E+02
  0.153432E+02
  0.153445E+02
  0.153457E+02
  0.153470E+02
  0.153482E+02
  0.153495E+02
  0.153507E+02
  0.153520E+02
  0.153532E+02
  0.153545E+02
  0.153557E+02
  0.153569E+02
  0.153582E+02
  0.153594E+02
  0.153607E+02
  0.153619E+02
  0.153632E+02
  0.153644E+02
  0.153657E+02
  0.153669E+02
  0.153682E+02
  0.153694E+02
  0.153706E+02
  0.153719E+02
  0.153731E+02
  0.153744E+02
  0.153756E+02
  0.153769E+02
  0.153781E+02
  0.153793E+02
  0.153806E+02
  0.153818E+02
  0.153831E+02
  0.153843E+02
  0.153855E+02
  0.153868E+02
  0.153880E+02
  0.153893E+02
  0.153905E+02
  0.153917E+02
  0.153930E+02
  0.153942E+02
  0.153955E+02
  0.153967E+02
  0.153979E+02
  0.153992E+02
  0.154004E+02
  0.154017E+02
  0.154029E+02
  0.154041E+02
  0.154054E+02
  0.154066E+02
  0.154079E+02
  0.154091E+02
  0.154103E+02
  0.154116E+02
  0.154128E+02
  0.154140E+02
  0.154153E+02
  0.154165E+02
  0.154177E+02
  0.154190E+02
  0.154202E+02
  0.154215E+02
  0.154227E+02
  0.154239E+02
  0.154252E+02
  0.154264E+02
  0.154276E+02
  0.154289E+02
  0.154301E+02
  0.154313E+02
  0.154326E+02
  0.154338E+02
  0.154350E+02
  0.154363E+02
  0.154375E+02
  0.154387E+02
  0.154400E+02
  0.154412E+02
  0.154424E+02
  0.154437E+02
  0.154449E+02
  0.154461E+02
  0.154474E+02
  0.154486E+02
  0.154498E+02
  0.154511E+02
  0.154523E+02
  0.154535E+02
  0.154547E+02
  0.154560E+02
  0.154572E+02
  0.154584E+02
  0.154597E+02
  0.154609E+02
  0.154621E+02
  0.154634E+02
  0.154646E+02
  0.154658E+02
  0.154670E+02
  0.154683E+02
  0.154695E+02
  0.154707E+02
  0.154719E+02
  0.154732E+02
  0.154744E+02
  0.154756E+02
  0.154769E+02
  0.154781E+02
  0.154793E+02
  0.154805E+02
  0.154818E+02
  0.154830E+02
  0.154842E+02
  0.154854E+02
  0.154867E+02
  0.154879E+02
  0.154891E+02
  0.154903E+02
  0.154916E+02
  0.154928E+02
  0.154940E+02
  0.154952E+02
  0.154965E+02
  0.154977E+02
  0.154989E+02
  0.155001E+02
  0.155014E+02
  0.155026E+02
  0.155038E+02
  0.155050E+02
  0.155062E+02
  0.155075E+02
  0.155087E+02
  0.155099E+02
  0.155111E+02
  0.155124E+02
  0.155136E+02
  0.155148E+02
  0.155160E+02
  0.155172E+02
  0.155185E+02
  0.155197E+02
  0.155209E+02
  0.155221E+02
  0.155233E+02
  0.155246E+02
  0.155258E+02
  0.155270E+02
  0.155282E+02
  0.155294E+02
  0.155307E+02
  0.155319E+02
  0.155331E+02
  0.155343E+02
  0.155355E+02
  0.155368E+02
  0.155380E+02
  0.155392E+02
  0.155404E+02
  0.155416E+02
  0.155428E+02
  0.155441E+02
  0.155453E+02
  0.155465E+02
  0.155477E+02
  0.155489E+02
  0.155501E+02
  0.155514E+02
  0.155526E+02
  0.155538E+02
  0.155550E+02
  0.155562E+02
  0.155574E+02
  0.155586E+02
  0.155599E+02
  0.155611E+02
  0.155623E+02
  0.155635E+02
  0.155647E+02
  0.155659E+02
  0.155672E+02
  0.155684E+02
  0.155696E+02
  0.155708E+02
  0.155720E+02
  0.155732E+02
  0.155744E+02
  0.155756E+02
  0.155769E+02
  0.155781E+02
  0.155793E+02
  0.155805E+02
  0.155817E+02
  0.155829E+02
  0.155841E+02
  0.155853E+02
  0.155866E+02
  0.155878E+02
  0.155890E+02
  0.155902E+02
  0.155914E+02
  0.155926E+02
  0.155938E+02
  0.155950E+02
  0.155962E+02
  0.155974E+02
  0.155987E+02
  0.155999E+02
  0.156011E+02
  0.156023E+02
  0.156035E+02
  0.156047E+02
  0.156059E+02
  0.156071E+02
  0.156083E+02
  0.156095E+02
  0.156107E+02
  0.156119E+02
  0.156132E+02
  0.156144E+02
  0.156156E+02
  0.156168E+02
  0.156180E+02
  0.156192E+02
  0.156204E+02
  0.156216E+02
  0.156228E+02
  0.156240E+02
  0.156252E+02
  0.156264E+02
  0.156276E+02
  0.156288E+02
  0.156300E+02
  0.156313E+02
  0.156325E+02
  0.156337E+02
  0.156349E+02
  0.156361E+02
  0.156373E+02
  0.156385E+02
  0.156397E+02
  0.156409E+02
  0.156421E+02
  0.156433E+02
  0.156445E+02
  0.156457E+02
  0.156469E+02
  0.156481E+02
  0.156493E+02
  0.156505E+02
  0.156517E+02
  0.156529E+02
  0.156541E+02
  0.156553E+02
  0.156565E+02
  0.156577E+02
  0.156589E+02
  0.156601E+02
  0.156613E+02
  0.156625E+02
  0.156637E+02
  0.156649E+02
  0.156661E+02
  0.156673E+02
  0.156685E+02
  0.156697E+02
  0.156709E+02
  0.156721E+02
  0.156733E+02
  0.156745E+02
  0.156757E+02
  0.156769E+02
  0.156781E+02
  0.156793E+02
  0.156805E+02
  0.156817E+02
  0.156829E+02
  0.156841E+02
  0.156853E+02
  0.156865E+02
  0.156877E+02
  0.156889E+02
  0.156901E+02
  0.156913E+02
  0.156925E+02
  0.156937E+02
  0.156949E+02
  0.156961E+02
  0.156973E+02
  0.156985E+02
  0.156997E+02
  0.157009E+02
  0.157021E+02
  0.157033E+02
  0.157045E+02
  0.157056E+02
  0.157068E+02
  0.157080E+02
  0.157092E+02
  0.157104E+02
  0.157116E+02
  0.157128E+02
  0.157140E+02
  0.157152E+02
  0.157164E+02
  0.157176E+02
  0.157188E+02
  0.157200E+02
  0.157212E+02
  0.157224E+02
  0.157236E+02
  0.157247E+02
  0.157259E+02
  0.157271E+02
  0.157283E+02
  0.157295E+02
  0.157307E+02
  0.157319E+02
  0.157331E+02
  0.157343E+02
  0.157355E+02
  0.157367E+02
  0.157379E+02
  0.157390E+02
  0.157402E+02
  0.157414E+02
  0.157426E+02
  0.157438E+02
  0.157450E+02
  0.157462E+02
  0.157474E+02
  0.157486E+02
  0.157497E+02
  0.157509E+02
  0.157521E+02
  0.157533E+02
  0.157545E+02
  0.157557E+02
  0.157569E+02
  0.157581E+02
  0.157593E+02
  0.157604E+02
  0.157616E+02
  0.157628E+02
  0.157640E+02
  0.157652E+02
  0.157664E+02
  0.157676E+02
  0.157688E+02
  0.157699E+02
  0.157711E+02
  0.157723E+02
  0.157735E+02
  0.157747E+02
  0.157759E+02
  0.157771E+02
  0.157782E+02
  0.157794E+02
  0.157806E+02
  0.157818E+02
  0.157830E+02
  0.157842E+02
  0.157853E+02
  0.157865E+02
  0.157877E+02
  0.157889E+02
  0.157901E+02
  0.157913E+02
  0.157924E+02
  0.157936E+02
  0.157948E+02
  0.157960E+02
  0.157972E+02
  0.157984E+02
  0.157995E+02
  0.158007E+02
  0.158019E+02
  0.158031E+02
  0.158043E+02
  0.158055E+02
  0.158066E+02
  0.158078E+02
  0.158090E+02
  0.158102E+02
  0.158114E+02
  0.158125E+02
  0.158137E+02
  0.158149E+02
  0.158161E+02
  0.158173E+02
  0.158184E+02
  0.158196E+02
  0.158208E+02
  0.158220E+02
  0.158232E+02
  0.158243E+02
  0.158255E+02
  0.158267E+02
  0.158279E+02
  0.158291E+02
  0.158302E+02
  0.158314E+02
  0.158326E+02
  0.158338E+02
  0.158349E+02
  0.158361E+02
  0.158373E+02
  0.158385E+02
  0.158397E+02
  0.158408E+02
  0.158420E+02
  0.158432E+02
  0.158444E+02
  0.158455E+02
  0.158467E+02
  0.158479E+02
  0.158491E+02
  0.158502E+02
  0.158514E+02
  0.158526E+02
  0.158538E+02
  0.158549E+02
  0.158561E+02
  0.158573E+02
  0.158585E+02
  0.158596E+02
  0.158608E+02
  0.158620E+02
  0.158632E+02
  0.158643E+02
  0.158655E+02
  0.158667E+02
  0.158679E+02
  0.158690E+02
  0.158702E+02
  0.158714E+02
  0.158726E+02
  0.158737E+02
  0.158749E+02
  0.158761E+02
  0.158772E+02
  0.158784E+02
  0.158796E+02
  0.158808E+02
  0.158819E+02
  0.158831E+02
  0.158843E+02
  0.158854E+02
  0.158866E+02
  0.158878E+02
  0.158890E+02
  0.158901E+02
  0.158913E+02
  0.158925E+02
  0.158936E+02
  0.158948E+02
  0.158960E+02
  0.158971E+02
  0.158983E+02
  0.158995E+02
  0.159007E+02
  0.159018E+02
  0.159030E+02
  0.159042E+02
  0.159053E+02
  0.159065E+02
  0.159077E+02
  0.159088E+02
  0.159100E+02
  0.159112E+02
  0.159123E+02
  0.159135E+02
  0.159147E+02
  0.159158E+02
  0.159170E+02
  0.159182E+02
  0.159193E+02
  0.159205E+02
  0.159217E+02
  0.159228E+02
  0.159240E+02
  0.159252E+02
  0.159263E+02
  0.159275E+02
  0.159287E+02
  0.159298E+02
  0.159310E+02
  0.159322E+02
  0.159333E+02
  0.159345E+02
  0.159357E+02
  0.159368E+02
  0.159380E+02
  0.159392E+02
  0.159403E+02
  0.159415E+02
  0.159426E+02
  0.159438E+02
  0.159450E+02
  0.159461E+02
  0.159473E+02
  0.159485E+02
  0.159496E+02
  0.159508E+02
  0.159519E+02
  0.159531E+02
  0.159543E+02
  0.159554E+02
  0.159566E+02
  0.159578E+02
  0.159589E+02
  0.159601E+02
  0.159612E+02
  0.159624E+02
  0.159636E+02
  0.159647E+02
  0.159659E+02
  0.159670E+02
  0.159682E+02
  0.159694E+02
  0.159705E+02
  0.159717E+02
  0.159728E+02
  0.159740E+02
  0.159752E+02
  0.159763E+02
  0.159775E+02
  0.159786E+02
  0.159798E+02
  0.159810E+02
  0.159821E+02
  0.159833E+02
  0.159844E+02
  0.159856E+02
  0.159868E+02
  0.159879E+02
  0.159891E+02
  0.159902E+02
  0.159914E+02
  0.159925E+02
  0.159937E+02
  0.159949E+02
  0.159960E+02
  0.159972E+02
  0.159983E+02
  0.159995E+02
  0.160006E+02
  0.160018E+02
  0.160029E+02
  0.160041E+02
  0.160053E+02
  0.160064E+02
  0.160076E+02
  0.160087E+02
  0.160099E+02
  0.160110E+02
  0.160122E+02
  0.160133E+02
  0.160145E+02
  0.160157E+02
  0.160168E+02
  0.160180E+02
  0.160191E+02
  0.160203E+02
  0.160214E+02
  0.160226E+02
  0.160237E+02
  0.160249E+02
  0.160260E+02
  0.160272E+02
  0.160283E+02
  0.160295E+02
  0.160306E+02
  0.160318E+02
  0.160329E+02
  0.160341E+02
  0.160353E+02
  0.160364E+02
  0.160376E+02
  0.160387E+02
  0.160399E+02
  0.160410E+02
  0.160422E+02
  0.160433E+02
  0.160445E+02
  0.160456E+02
  0.160468E+02
  0.160479E+02
  0.160491E+02
  0.160502E+02
  0.160514E+02
  0.160525E+02
  0.160537E+02
  0.160548E+02
  0.160560E+02
  0.160571E+02
  0.160583E+02
  0.160594E+02
  0.160605E+02
  0.160617E+02
  0.160628E+02
  0.160640E+02
  0.160651E+02
  0.160663E+02
  0.160674E+02
  0.160686E+02
  0.160697E+02
  0.160709E+02
  0.160720E+02
  0.160732E+02
  0.160743E+02
  0.160755E+02
  0.160766E+02
  0.160778E+02
  0.160789E+02
  0.160800E+02
  0.160812E+02
  0.160823E+02
  0.160835E+02
  0.160846E+02
  0.160858E+02
  0.160869E+02
  0.160881E+02
  0.160892E+02
  0.160903E+02
  0.160915E+02
  0.160926E+02
  0.160938E+02
  0.160949E+02
  0.160961E+02
  0.160972E+02
  0.160984E+02
  0.160995E+02
  0.161006E+02
  0.161018E+02
  0.161029E+02
  0.161041E+02
  0.161052E+02
  0.161064E+02
  0.161075E+02
  0.161086E+02
  0.161098E+02
  0.161109E+02
  0.161121E+02
  0.161132E+02
  0.161143E+02
  0.161155E+02
  0.161166E+02
  0.161178E+02
  0.161189E+02
  0.161200E+02
  0.161212E+02
  0.161223E+02
  0.161235E+02
  0.161246E+02
  0.161257E+02
  0.161269E+02
  0.161280E+02
  0.161292E+02
  0.161303E+02
  0.161314E+02
  0.161326E+02
  0.161337E+02
  0.161349E+02
  0.161360E+02
  0.161371E+02
  0.161383E+02
  0.161394E+02
  0.161406E+02
  0.161417E+02
  0.161428E+02
  0.161440E+02
  0.161451E+02
  0.161462E+02
  0.161474E+02
  0.161485E+02
  0.161496E+02
  0.161508E+02
  0.161519E+02
  0.161531E+02
  0.161542E+02
  0.161553E+02
  0.161565E+02
  0.161576E+02
  0.161587E+02
  0.161599E+02
  0.161610E+02
  0.161621E+02
  0.161633E+02
  0.161644E+02
  0.161655E+02
  0.161667E+02
  0.161678E+02
  0.161689E+02
  0.161701E+02
  0.161712E+02
  0.161723E+02
  0.161735E+02
  0.161746E+02
  0.161757E+02
  0.161769E+02
  0.161780E+02
  0.161791E+02
  0.161803E+02
  0.161814E+02
  0.161825E+02
  0.161837E+02
  0.161848E+02
  0.161859E+02
  0.161871E+02
  0.161882E+02
  0.161893E+02
  0.161905E+02
  0.161916E+02
  0.161927E+02
  0.161939E+02
  0.161950E+02
  0.161961E+02
  0.161973E+02
  0.161984E+02
  0.161995E+02
  0.162006E+02
  0.162018E+02
  0.162029E+02
  0.162040E+02
  0.162052E+02
  0.162063E+02
  0.162074E+02
  0.162085E+02
  0.162097E+02
  0.162108E+02
  0.162119E+02
  0.162131E+02
  0.162142E+02
  0.162153E+02
  0.162164E+02
  0.162176E+02
  0.162187E+02
  0.162198E+02
  0.162210E+02
  0.162221E+02
  0.162232E+02
  0.162243E+02
  0.162255E+02
  0.162266E+02
  0.162277E+02
  0.162288E+02
  0.162300E+02
  0.162311E+02
  0.162322E+02
  0.162334E+02
  0.162345E+02
  0.162356E+02
  0.162367E+02
  0.162379E+02
  0.162390E+02
  0.162401E+02
  0.162412E+02
  0.162424E+02
  0.162435E+02
  0.162446E+02
  0.162457E+02
  0.162468E+02
  0.162480E+02
  0.162491E+02
  0.162502E+02
  0.162513E+02
  0.162525E+02
  0.162536E+02
  0.162547E+02
  0.162558E+02
  0.162570E+02
  0.162581E+02
  0.162592E+02
  0.162603E+02
  0.162614E+02
  0.162626E+02
  0.162637E+02
  0.162648E+02
  0.162659E+02
  0.162671E+02
  0.162682E+02
  0.162693E+02
  0.162704E+02
  0.162715E+02
  0.162727E+02
  0.162738E+02
  0.162749E+02
  0.162760E+02
  0.162771E+02
  0.162783E+02
  0.162794E+02
  0.162805E+02
  0.162816E+02
  0.162827E+02
  0.162839E+02
  0.162850E+02
  0.162861E+02
  0.162872E+02
  0.162883E+02
  0.162895E+02
  0.162906E+02
  0.162917E+02
  0.162928E+02
  0.162939E+02
  0.162950E+02
  0.162962E+02
  0.162973E+02
  0.162984E+02
  0.162995E+02
  0.163006E+02
  0.163018E+02
  0.163029E+02
  0.163040E+02
  0.163051E+02
  0.163062E+02
  0.163073E+02
  0.163085E+02
  0.163096E+02
  0.163107E+02
  0.163118E+02
  0.163129E+02
  0.163140E+02
  0.163151E+02
  0.163163E+02
  0.163174E+02
  0.163185E+02
  0.163196E+02
  0.163207E+02
  0.163218E+02
  0.163230E+02
  0.163241E+02
  0.163252E+02
  0.163263E+02
  0.163274E+02
  0.163285E+02
  0.163296E+02
  0.163307E+02
  0.163319E+02
  0.163330E+02
  0.163341E+02
  0.163352E+02
  0.163363E+02
  0.163374E+02
  0.163385E+02
  0.163397E+02
  0.163408E+02
  0.163419E+02
  0.163430E+02
  0.163441E+02
  0.163452E+02
  0.163463E+02
  0.163474E+02
  0.163485E+02
  0.163497E+02
  0.163508E+02
  0.163519E+02
  0.163530E+02
  0.163541E+02
  0.163552E+02
  0.163563E+02
  0.163574E+02
  0.163585E+02
  0.163596E+02
  0.163608E+02
  0.163619E+02
  0.163630E+02
  0.163641E+02
  0.163652E+02
  0.163663E+02
  0.163674E+02
  0.163685E+02
  0.163696E+02
  0.163707E+02
  0.163718E+02
  0.163730E+02
  0.163741E+02
  0.163752E+02
  0.163763E+02
  0.163774E+02
  0.163785E+02
  0.163796E+02
  0.163807E+02
  0.163818E+02
  0.163829E+02
  0.163840E+02
  0.163851E+02
  0.163862E+02
  0.163873E+02
  0.163885E+02
  0.163896E+02
  0.163907E+02
  0.163918E+02
  0.163929E+02
  0.163940E+02
  0.163951E+02
  0.163962E+02
  0.163973E+02
  0.163984E+02
  0.163995E+02
  0.164006E+02
  0.164017E+02
  0.164028E+02
  0.164039E+02
  0.164050E+02
  0.164061E+02
  0.164072E+02
  0.164083E+02
  0.164094E+02
  0.164106E+02
  0.164117E+02
  0.164128E+02
  0.164139E+02
  0.164150E+02
  0.164161E+02
  0.164172E+02
  0.164183E+02
  0.164194E+02
  0.164205E+02
  0.164216E+02
  0.164227E+02
  0.164238E+02
  0.164249E+02
  0.164260E+02
  0.164271E+02
  0.164282E+02
  0.164293E+02
  0.164304E+02
  0.164315E+02
  0.164326E+02
  0.164337E+02
  0.164348E+02
  0.164359E+02
  0.164370E+02
  0.164381E+02
  0.164392E+02
  0.164403E+02
  0.164414E+02
  0.164425E+02
  0.164436E+02
  0.164447E+02
  0.164458E+02
  0.164469E+02
  0.164480E+02
  0.164491E+02
  0.164502E+02
  0.164513E+02
  0.164524E+02
  0.164535E+02
  0.164546E+02
  0.164557E+02
  0.164568E+02
  0.164579E+02
  0.164590E+02
  0.164601E+02
  0.164612E+02
  0.164623E+02
  0.164634E+02
  0.164645E+02
  0.164656E+02
  0.164666E+02
  0.164677E+02
  0.164688E+02
  0.164699E+02
  0.164710E+02
  0.164721E+02
  0.164732E+02
  0.164743E+02
  0.164754E+02
  0.164765E+02
  0.164776E+02
  0.164787E+02
  0.164798E+02
  0.164809E+02
  0.164820E+02
  0.164831E+02
  0.164842E+02
  0.164853E+02
  0.164864E+02
  0.164875E+02
  0.164886E+02
  0.164896E+02
  0.164907E+02
  0.164918E+02
  0.164929E+02
  0.164940E+02
  0.164951E+02
  0.164962E+02
  0.164973E+02
  0.164984E+02
  0.164995E+02
  0.165006E+02
  0.165017E+02
  0.165028E+02
  0.165039E+02
  0.165049E+02
  0.165060E+02
  0.165071E+02
  0.165082E+02
  0.165093E+02
  0.165104E+02
  0.165115E+02
  0.165126E+02
  0.165137E+02
  0.165148E+02
  0.165159E+02
  0.165169E+02
  0.165180E+02
  0.165191E+02
  0.165202E+02
  0.165213E+02
  0.165224E+02
  0.165235E+02
  0.165246E+02
  0.165257E+02
  0.165267E+02
  0.165278E+02
  0.165289E+02
  0.165300E+02
  0.165311E+02
  0.165322E+02
  0.165333E+02
  0.165344E+02
  0.165355E+02
  0.165365E+02
  0.165376E+02
  0.165387E+02
  0.165398E+02
  0.165409E+02
  0.165420E+02
  0.165431E+02
  0.165441E+02
  0.165452E+02
  0.165463E+02
  0.165474E+02
  0.165485E+02
  0.165496E+02
  0.165507E+02
  0.165518E+02
  0.165528E+02
  0.165539E+02
  0.165550E+02
  0.165561E+02
  0.165572E+02
  0.165583E+02
  0.165593E+02
  0.165604E+02
  0.165615E+02
  0.165626E+02
  0.165637E+02
  0.165648E+02
  0.165658E+02
  0.165669E+02
  0.165680E+02
  0.165691E+02
  0.165702E+02
  0.165713E+02
  0.165723E+02
  0.165734E+02
  0.165745E+02
  0.165756E+02
  0.165767E+02
  0.165778E+02
  0.165788E+02
  0.165799E+02
  0.165810E+02
  0.165821E+02
  0.165832E+02
  0.165842E+02
  0.165853E+02
  0.165864E+02
  0.165875E+02
  0.165886E+02
  0.165896E+02
  0.165907E+02
  0.165918E+02
  0.165929E+02
  0.165940E+02
  0.165950E+02
  0.165961E+02
  0.165972E+02
  0.165983E+02
  0.165994E+02
  0.166004E+02
  0.166015E+02
  0.166026E+02
  0.166037E+02
  0.166048E+02
  0.166058E+02
  0.166069E+02
  0.166080E+02
  0.166091E+02
  0.166101E+02
  0.166112E+02
  0.166123E+02
  0.166134E+02
  0.166145E+02
  0.166155E+02
  0.166166E+02
  0.166177E+02
  0.166188E+02
  0.166198E+02
  0.166209E+02
  0.166220E+02
  0.166231E+02
  0.166241E+02
  0.166252E+02
  0.166263E+02
  0.166274E+02
  0.166284E+02
  0.166295E+02
  0.166306E+02
  0.166317E+02
  0.166327E+02
  0.166338E+02
  0.166349E+02
  0.166360E+02
  0.166370E+02
  0.166381E+02
  0.166392E+02
  0.166403E+02
  0.166413E+02
  0.166424E+02
  0.166435E+02
  0.166446E+02
  0.166456E+02
  0.166467E+02
  0.166478E+02
  0.166488E+02
  0.166499E+02
  0.166510E+02
  0.166521E+02
  0.166531E+02
  0.166542E+02
  0.166553E+02
  0.166563E+02
  0.166574E+02
  0.166585E+02
  0.166596E+02
  0.166606E+02
  0.166617E+02
  0.166628E+02
  0.166638E+02
  0.166649E+02
  0.166660E+02
  0.166671E+02
  0.166681E+02
  0.166692E+02
  0.166703E+02
  0.166713E+02
  0.166724E+02
  0.166735E+02
  0.166745E+02
  0.166756E+02
  0.166767E+02
  0.166777E+02
  0.166788E+02
  0.166799E+02
  0.166810E+02
  0.166820E+02
  0.166831E+02
  0.166842E+02
  0.166852E+02
  0.166863E+02
  0.166874E+02
  0.166884E+02
  0.166895E+02
  0.166906E+02
  0.166916E+02
  0.166927E+02
  0.166938E+02
  0.166948E+02
  0.166959E+02
  0.166970E+02
  0.166980E+02
  0.166991E+02
  0.167002E+02
  0.167012E+02
  0.167023E+02
  0.167034E+02
  0.167044E+02
  0.167055E+02
  0.167065E+02
  0.167076E+02
  0.167087E+02
  0.167097E+02
  0.167108E+02
  0.167119E+02
  0.167129E+02
  0.167140E+02
  0.167151E+02
  0.167161E+02
  0.167172E+02
  0.167183E+02
  0.167193E+02
  0.167204E+02
  0.167214E+02
  0.167225E+02
  0.167236E+02
  0.167246E+02
  0.167257E+02
  0.167268E+02
  0.167278E+02
  0.167289E+02
  0.167299E+02
  0.167310E+02
  0.167321E+02
  0.167331E+02
  0.167342E+02
  0.167352E+02
  0.167363E+02
  0.167374E+02
  0.167384E+02
  0.167395E+02
  0.167405E+02
  0.167416E+02
  0.167427E+02
  0.167437E+02
  0.167448E+02
  0.167458E+02
  0.167469E+02
  0.167480E+02
  0.167490E+02
  0.167501E+02
  0.167511E+02
  0.167522E+02
  0.167533E+02
  0.167543E+02
  0.167554E+02
  0.167564E+02
  0.167575E+02
  0.167586E+02
  0.167596E+02
  0.167607E+02
  0.167617E+02
  0.167628E+02
  0.167638E+02
  0.167649E+02
  0.167660E+02
  0.167670E+02
  0.167681E+02
  0.167691E+02
  0.167702E+02
  0.167712E+02
  0.167723E+02
  0.167734E+02
  0.167744E+02
  0.167755E+02
  0.167765E+02
  0.167776E+02
  0.167786E+02
  0.167797E+02
  0.167807E+02
  0.167818E+02
  0.167829E+02
  0.167839E+02
  0.167850E+02
  0.167860E+02
  0.167871E+02
  0.167881E+02
  0.167892E+02
  0.167902E+02
  0.167913E+02
  0.167923E+02
  0.167934E+02
  0.167944E+02
  0.167955E+02
  0.167966E+02
  0.167976E+02
  0.167987E+02
  0.167997E+02
  0.168008E+02
  0.168018E+02
  0.168029E+02
  0.168039E+02
  0.168050E+02
  0.168060E+02
  0.168071E+02
  0.168081E+02
  0.168092E+02
  0.168102E+02
  0.168113E+02
  0.168123E+02
  0.168134E+02
  0.168144E+02
  0.168155E+02
  0.168165E+02
  0.168176E+02
  0.168186E+02
  0.168197E+02
  0.168207E+02
  0.168218E+02
  0.168228E+02
  0.168239E+02
  0.168249E+02
  0.168260E+02
  0.168270E+02
  0.168281E+02
  0.168291E+02
  0.168302E+02
  0.168312E+02
  0.168323E+02
  0.168333E+02
  0.168344E+02
  0.168354E+02
  0.168365E+02
  0.168375E+02
  0.168386E+02
  0.168396E+02
  0.168407E+02
  0.168417E+02
  0.168428E+02
  0.168438E+02
  0.168448E+02
  0.168459E+02
  0.168469E+02
  0.168480E+02
  0.168490E+02
  0.168501E+02
  0.168511E+02
  0.168522E+02
  0.168532E+02
  0.168543E+02
  0.168553E+02
  0.168564E+02
  0.168574E+02
  0.168584E+02
  0.168595E+02
  0.168605E+02
  0.168616E+02
  0.168626E+02
  0.168637E+02
  0.168647E+02
  0.168658E+02
  0.168668E+02
  0.168678E+02
  0.168689E+02
  0.168699E+02
  0.168710E+02
  0.168720E+02
  0.168731E+02
  0.168741E+02
  0.168751E+02
  0.168762E+02
  0.168772E+02
  0.168783E+02
  0.168793E+02
  0.168804E+02
  0.168814E+02
  0.168824E+02
  0.168835E+02
  0.168845E+02
  0.168856E+02
  0.168866E+02
  0.168877E+02
  0.168887E+02
  0.168897E+02
  0.168908E+02
  0.168918E+02
  0.168929E+02
  0.168939E+02
  0.168949E+02
  0.168960E+02
  0.168970E+02
  0.168981E+02
  0.168991E+02
  0.169001E+02
  0.169012E+02
  0.169022E+02
  0.169033E+02
  0.169043E+02
  0.169053E+02
  0.169064E+02
  0.169074E+02
  0.169085E+02
  0.169095E+02
  0.169105E+02
  0.169116E+02
  0.169126E+02
  0.169136E+02
  0.169147E+02
  0.169157E+02
  0.169168E+02
  0.169178E+02
  0.169188E+02
  0.169199E+02
  0.169209E+02
  0.169219E+02
  0.169230E+02
  0.169240E+02
  0.169251E+02
  0.169261E+02
  0.169271E+02
  0.169282E+02
  0.169292E+02
  0.169302E+02
  0.169313E+02
  0.169323E+02
  0.169333E+02
  0.169344E+02
  0.169354E+02
  0.169365E+02
  0.169375E+02
  0.169385E+02
  0.169396E+02
  0.169406E+02
  0.169416E+02
  0.169427E+02
  0.169437E+02
  0.169447E+02
  0.169458E+02
  0.169468E+02
  0.169478E+02
  0.169489E+02
  0.169499E+02
  0.169509E+02
  0.169520E+02
  0.169530E+02
  0.169540E+02
  0.169551E+02
  0.169561E+02
  0.169571E+02
  0.169582E+02
  0.169592E+02
  0.169602E+02
  0.169613E+02
  0.169623E+02
  0.169633E+02
  0.169644E+02
  0.169654E+02
  0.169664E+02
  0.169674E+02
  0.169685E+02
  0.169695E+02
  0.169705E+02
  0.169716E+02
  0.169726E+02
  0.169736E+02
  0.169747E+02
  0.169757E+02
  0.169767E+02
  0.169778E+02
  0.169788E+02
  0.169798E+02
  0.169808E+02
  0.169819E+02
  0.169829E+02
  0.169839E+02
  0.169850E+02
  0.169860E+02
  0.169870E+02
  0.169880E+02
  0.169891E+02
  0.169901E+02
  0.169911E+02
  0.169922E+02
  0.169932E+02
  0.169942E+02
  0.169952E+02
  0.169963E+02
  0.169973E+02
  0.169983E+02
  0.169994E+02
  0.170004E+02
  0.170014E+02
  0.170024E+02
  0.170035E+02
  0.170045E+02
  0.170055E+02
  0.170065E+02
  0.170076E+02
  0.170086E+02
  0.170096E+02
  0.170106E+02
  0.170117E+02
  0.170127E+02
  0.170137E+02
  0.170147E+02
  0.170158E+02
  0.170168E+02
  0.170178E+02
  0.170188E+02
  0.170199E+02
  0.170209E+02
  0.170219E+02
  0.170229E+02
  0.170240E+02
  0.170250E+02
  0.170260E+02
  0.170270E+02
  0.170281E+02
  0.170291E+02
  0.170301E+02
  0.170311E+02
  0.170322E+02
  0.170332E+02
  0.170342E+02
  0.170352E+02
  0.170362E+02
  0.170373E+02
  0.170383E+02
  0.170393E+02
  0.170403E+02
  0.170414E+02
  0.170424E+02
  0.170434E+02
  0.170444E+02
  0.170454E+02
  0.170465E+02
  0.170475E+02
  0.170485E+02
  0.170495E+02
  0.170505E+02
  0.170516E+02
  0.170526E+02
  0.170536E+02
  0.170546E+02
  0.170556E+02
  0.170567E+02
  0.170577E+02
  0.170587E+02
  0.170597E+02
  0.170607E+02
  0.170618E+02
  0.170628E+02
  0.170638E+02
  0.170648E+02
  0.170658E+02
  0.170669E+02
  0.170679E+02
  0.170689E+02
  0.170699E+02
  0.170709E+02
  0.170719E+02
  0.170730E+02
  0.170740E+02
  0.170750E+02
  0.170760E+02
  0.170770E+02
  0.170780E+02
  0.170791E+02
  0.170801E+02
  0.170811E+02
  0.170821E+02
  0.170831E+02
  0.170841E+02
  0.170852E+02
  0.170862E+02
  0.170872E+02
  0.170882E+02
  0.170892E+02
  0.170902E+02
  0.170913E+02
  0.170923E+02
  0.170933E+02
  0.170943E+02
  0.170953E+02
  0.170963E+02
  0.170973E+02
  0.170984E+02
  0.170994E+02
  0.171004E+02
  0.171014E+02
  0.171024E+02
  0.171034E+02
  0.171044E+02
  0.171055E+02
  0.171065E+02
  0.171075E+02
  0.171085E+02
  0.171095E+02
  0.171105E+02
  0.171115E+02
  0.171125E+02
  0.171136E+02
  0.171146E+02
  0.171156E+02
  0.171166E+02
  0.171176E+02
  0.171186E+02
  0.171196E+02
  0.171206E+02
  0.171216E+02
  0.171227E+02
  0.171237E+02
  0.171247E+02
  0.171257E+02
  0.171267E+02
  0.171277E+02
  0.171287E+02
  0.171297E+02
  0.171307E+02
  0.171318E+02
  0.171328E+02
  0.171338E+02
  0.171348E+02
  0.171358E+02
  0.171368E+02
  0.171378E+02
  0.171388E+02
  0.171398E+02
  0.171408E+02
  0.171418E+02
  0.171429E+02
  0.171439E+02
  0.171449E+02
  0.171459E+02
  0.171469E+02
  0.171479E+02
  0.171489E+02
  0.171499E+02
  0.171509E+02
  0.171519E+02
  0.171529E+02
  0.171539E+02
  0.171549E+02
  0.171559E+02
  0.171570E+02
  0.171580E+02
  0.171590E+02
  0.171600E+02
  0.171610E+02
  0.171620E+02
  0.171630E+02
  0.171640E+02
  0.171650E+02
  0.171660E+02
  0.171670E+02
  0.171680E+02
  0.171690E+02
  0.171700E+02
  0.171710E+02
  0.171720E+02
  0.171730E+02
  0.171740E+02
  0.171750E+02
  0.171761E+02
  0.171771E+02
  0.171781E+02
  0.171791E+02
  0.171801E+02
  0.171811E+02
  0.171821E+02
  0.171831E+02
  0.171841E+02
  0.171851E+02
  0.171861E+02
  0.171871E+02
  0.171881E+02
  0.171891E+02
  0.171901E+02
  0.171911E+02
  0.171921E+02
  0.171931E+02
  0.171941E+02
  0.171951E+02
  0.171961E+02
  0.171971E+02
  0.171981E+02
  0.171991E+02
  0.172001E+02
  0.172011E+02
  0.172021E+02
  0.172031E+02
  0.172041E+02
  0.172051E+02
  0.172061E+02
  0.172071E+02
  0.172081E+02
  0.172091E+02
  0.172101E+02
  0.172111E+02
  0.172121E+02
  0.172131E+02
  0.172141E+02
  0.172151E+02
  0.172161E+02
  0.172171E+02
  0.172181E+02
  0.172191E+02
  0.172201E+02
  0.172211E+02
  0.172221E+02
  0.172231E+02
  0.172241E+02
  0.172251E+02
  0.172261E+02
  0.172271E+02
  0.172281E+02
  0.172291E+02
  0.172301E+02
  0.172311E+02
  0.172321E+02
  0.172331E+02
  0.172341E+02
  0.172351E+02
  0.172361E+02
  0.172371E+02
  0.172380E+02
  0.172390E+02
  0.172400E+02
  0.172410E+02
  0.172420E+02
  0.172430E+02
  0.172440E+02
  0.172450E+02
  0.172460E+02
  0.172470E+02
  0.172480E+02
  0.172490E+02
  0.172500E+02
  0.172510E+02
  0.172520E+02
  0.172530E+02
  0.172540E+02
  0.172550E+02
  0.172560E+02
  0.172569E+02
  0.172579E+02
  0.172589E+02
  0.172599E+02
  0.172609E+02
  0.172619E+02
  0.172629E+02
  0.172639E+02
  0.172649E+02
  0.172659E+02
  0.172669E+02
  0.172679E+02
  0.172689E+02
  0.172698E+02
  0.172708E+02
  0.172718E+02
  0.172728E+02
  0.172738E+02
  0.172748E+02
  0.172758E+02
  0.172768E+02
  0.172778E+02
  0.172788E+02
  0.172798E+02
  0.172808E+02
  0.172817E+02
  0.172827E+02
  0.172837E+02
  0.172847E+02
  0.172857E+02
  0.172867E+02
  0.172877E+02
  0.172887E+02
  0.172897E+02
  0.172907E+02
  0.172916E+02
  0.172926E+02
  0.172936E+02
  0.172946E+02
  0.172956E+02
  0.172966E+02
  0.172976E+02
  0.172986E+02
  0.172995E+02
  0.173005E+02
  0.173015E+02
  0.173025E+02
  0.173035E+02
  0.173045E+02
  0.173055E+02
  0.173065E+02
  0.173074E+02
  0.173084E+02
  0.173094E+02
  0.173104E+02
  0.173114E+02
  0.173124E+02
  0.173134E+02
  0.173144E+02
  0.173153E+02
  0.173163E+02
  0.173173E+02
  0.173183E+02
  0.173193E+02
  0.173203E+02
  0.173213E+02
  0.173222E+02
  0.173232E+02
  0.173242E+02
  0.173252E+02
  0.173262E+02
  0.173272E+02
  0.173281E+02
  0.173291E+02
  0.173301E+02
  0.173311E+02
  0.173321E+02
  0.173331E+02
  0.173341E+02
  0.173350E+02
  0.173360E+02
  0.173370E+02
  0.173380E+02
  0.173390E+02
  0.173400E+02
  0.173409E+02
  0.173419E+02
  0.173429E+02
  0.173439E+02
  0.173449E+02
  0.173458E+02
  0.173468E+02
  0.173478E+02
  0.173488E+02
  0.173498E+02
  0.173508E+02
  0.173517E+02
  0.173527E+02
  0.173537E+02
  0.173547E+02
  0.173557E+02
  0.173566E+02
  0.173576E+02
  0.173586E+02
  0.173596E+02
  0.173606E+02
  0.173615E+02
  0.173625E+02
  0.173635E+02
  0.173645E+02
  0.173655E+02
  0.173664E+02
  0.173674E+02
  0.173684E+02
  0.173694E+02
  0.173704E+02
  0.173713E+02
  0.173723E+02
  0.173733E+02
  0.173743E+02
  0.173753E+02
  0.173762E+02
  0.173772E+02
  0.173782E+02
  0.173792E+02
  0.173801E+02
  0.173811E+02
  0.173821E+02
  0.173831E+02
  0.173841E+02
  0.173850E+02
  0.173860E+02
  0.173870E+02
  0.173880E+02
  0.173889E+02
  0.173899E+02
  0.173909E+02
  0.173919E+02
  0.173929E+02
  0.173938E+02
  0.173948E+02
  0.173958E+02
  0.173968E+02
  0.173977E+02
  0.173987E+02
  0.173997E+02
  0.174007E+02
  0.174016E+02
  0.174026E+02
  0.174036E+02
  0.174046E+02
  0.174055E+02
  0.174065E+02
  0.174075E+02
  0.174085E+02
  0.174094E+02
  0.174104E+02
  0.174114E+02
  0.174124E+02
  0.174133E+02
  0.174143E+02
  0.174153E+02
  0.174162E+02
  0.174172E+02
  0.174182E+02
  0.174192E+02
  0.174201E+02
  0.174211E+02
  0.174221E+02
  0.174231E+02
  0.174240E+02
  0.174250E+02
  0.174260E+02
  0.174269E+02
  0.174279E+02
  0.174289E+02
  0.174299E+02
  0.174308E+02
  0.174318E+02
  0.174328E+02
  0.174337E+02
  0.174347E+02
  0.174357E+02
  0.174367E+02
  0.174376E+02
  0.174386E+02
  0.174396E+02
  0.174405E+02
  0.174415E+02
  0.174425E+02
  0.174435E+02
  0.174444E+02
  0.174454E+02
  0.174464E+02
  0.174473E+02
  0.174483E+02
  0.174493E+02
  0.174502E+02
  0.174512E+02
  0.174522E+02
  0.174531E+02
  0.174541E+02
  0.174551E+02
  0.174561E+02
  0.174570E+02
  0.174580E+02
  0.174590E+02
  0.174599E+02
  0.174609E+02
  0.174619E+02
  0.174628E+02
  0.174638E+02
  0.174648E+02
  0.174657E+02
  0.174667E+02
  0.174677E+02
  0.174686E+02
  0.174696E+02
  0.174706E+02
  0.174715E+02
  0.174725E+02
  0.174735E+02
  0.174744E+02
  0.174754E+02
  0.174764E+02
  0.174773E+02
  0.174783E+02
  0.174793E+02
  0.174802E+02
  0.174812E+02
  0.174822E+02
  0.174831E+02
  0.174841E+02
  0.174851E+02
  0.174860E+02
  0.174870E+02
  0.174879E+02
  0.174889E+02
  0.174899E+02
  0.174908E+02
  0.174918E+02
  0.174928E+02
  0.174937E+02
  0.174947E+02
  0.174957E+02
  0.174966E+02
  0.174976E+02
  0.174986E+02
  0.174995E+02
  0.175005E+02
  0.175014E+02
  0.175024E+02
  0.175034E+02
  0.175043E+02
  0.175053E+02
  0.175063E+02
  0.175072E+02
  0.175082E+02
  0.175091E+02
  0.175101E+02
  0.175111E+02
  0.175120E+02
  0.175130E+02
  0.175139E+02
  0.175149E+02
  0.175159E+02
  0.175168E+02
  0.175178E+02
  0.175188E+02
  0.175197E+02
  0.175207E+02
  0.175216E+02
  0.175226E+02
  0.175236E+02
  0.175245E+02
  0.175255E+02
  0.175264E+02
  0.175274E+02
  0.175284E+02
  0.175293E+02
  0.175303E+02
  0.175312E+02
  0.175322E+02
  0.175332E+02
  0.175341E+02
  0.175351E+02
  0.175360E+02
  0.175370E+02
  0.175379E+02
  0.175389E+02
  0.175399E+02
  0.175408E+02
  0.175418E+02
  0.175427E+02
  0.175437E+02
  0.175447E+02
  0.175456E+02
  0.175466E+02
  0.175475E+02
  0.175485E+02
  0.175494E+02
  0.175504E+02
  0.175514E+02
  0.175523E+02
  0.175533E+02
  0.175542E+02
  0.175552E+02
  0.175561E+02
  0.175571E+02
  0.175580E+02
  0.175590E+02
  0.175600E+02
  0.175609E+02
  0.175619E+02
  0.175628E+02
  0.175638E+02
  0.175647E+02
  0.175657E+02
  0.175667E+02
  0.175676E+02
  0.175686E+02
  0.175695E+02
  0.175705E+02
  0.175714E+02
  0.175724E+02
  0.175733E+02
  0.175743E+02
  0.175752E+02
  0.175762E+02
  0.175772E+02
  0.175781E+02
  0.175791E+02
  0.175800E+02
  0.175810E+02
  0.175819E+02
  0.175829E+02
  0.175838E+02
  0.175848E+02
  0.175857E+02
  0.175867E+02
  0.175876E+02
  0.175886E+02
  0.175895E+02
  0.175905E+02
  0.175914E+02
  0.175924E+02
  0.175934E+02
  0.175943E+02
  0.175953E+02
  0.175962E+02
  0.175972E+02
  0.175981E+02
  0.175991E+02
  0.176000E+02
  0.176010E+02
  0.176019E+02
  0.176029E+02
  0.176038E+02
  0.176048E+02
  0.176057E+02
  0.176067E+02
  0.176076E+02
  0.176086E+02
  0.176095E+02
  0.176105E+02
  0.176114E+02
  0.176124E+02
  0.176133E+02
  0.176143E+02
  0.176152E+02
  0.176162E+02
  0.176171E+02
  0.176181E+02
  0.176190E+02
  0.176200E+02
  0.176209E+02
  0.176219E+02
  0.176228E+02
  0.176238E+02
  0.176247E+02
  0.176257E+02
  0.176266E+02
  0.176276E+02
  0.176285E+02
  0.176294E+02
  0.176304E+02
  0.176313E+02
  0.176323E+02
  0.176332E+02
  0.176342E+02
  0.176351E+02
  0.176361E+02
  0.176370E+02
  0.176380E+02
  0.176389E+02
  0.176399E+02
  0.176408E+02
  0.176418E+02
  0.176427E+02
  0.176437E+02
  0.176446E+02
  0.176455E+02
  0.176465E+02
  0.176474E+02
  0.176484E+02
  0.176493E+02
  0.176503E+02
  0.176512E+02
  0.176522E+02
  0.176531E+02
  0.176541E+02
  0.176550E+02
  0.176559E+02
  0.176569E+02
  0.176578E+02
  0.176588E+02
  0.176597E+02
  0.176607E+02
  0.176616E+02
  0.176626E+02
  0.176635E+02
  0.176644E+02
  0.176654E+02
  0.176663E+02
  0.176673E+02
  0.176682E+02
  0.176692E+02
  0.176701E+02
  0.176710E+02
  0.176720E+02
  0.176729E+02
  0.176739E+02
  0.176748E+02
  0.176758E+02
  0.176767E+02
  0.176776E+02
  0.176786E+02
  0.176795E+02
  0.176805E+02
  0.176814E+02
  0.176824E+02
  0.176833E+02
  0.176842E+02
  0.176852E+02
  0.176861E+02
  0.176871E+02
  0.176880E+02
  0.176889E+02
  0.176899E+02
  0.176908E+02
  0.176918E+02
  0.176927E+02
  0.176936E+02
  0.176946E+02
  0.176955E+02
  0.176965E+02
  0.176974E+02
  0.176983E+02
  0.176993E+02
  0.177002E+02
  0.177012E+02
  0.177021E+02
  0.177030E+02
  0.177040E+02
  0.177049E+02
  0.177059E+02
  0.177068E+02
  0.177077E+02
  0.177087E+02
  0.177096E+02
  0.177106E+02
  0.177115E+02
  0.177124E+02
  0.177134E+02
  0.177143E+02
  0.177152E+02
  0.177162E+02
  0.177171E+02
  0.177181E+02
  0.177190E+02
  0.177199E+02
  0.177209E+02
  0.177218E+02
  0.177227E+02
  0.177237E+02
  0.177246E+02
  0.177256E+02
  0.177265E+02
  0.177274E+02
  0.177284E+02
  0.177293E+02
  0.177302E+02
  0.177312E+02
  0.177321E+02
  0.177330E+02
  0.177340E+02
  0.177349E+02
  0.177359E+02
  0.177368E+02
  0.177377E+02
  0.177387E+02
  0.177396E+02
  0.177405E+02
  0.177415E+02
  0.177424E+02
  0.177433E+02
  0.177443E+02
  0.177452E+02
  0.177461E+02
  0.177471E+02
  0.177480E+02
  0.177489E+02
  0.177499E+02
  0.177508E+02
  0.177517E+02
  0.177527E+02
  0.177536E+02
  0.177545E+02
  0.177555E+02
  0.177564E+02
  0.177573E+02
  0.177583E+02
  0.177592E+02
  0.177601E+02
  0.177611E+02
  0.177620E+02
  0.177629E+02
  0.177639E+02
  0.177648E+02
  0.177657E+02
  0.177667E+02
  0.177676E+02
  0.177685E+02
  0.177695E+02
  0.177704E+02
  0.177713E+02
  0.177723E+02
  0.177732E+02
  0.177741E+02
  0.177751E+02
  0.177760E+02
  0.177769E+02
  0.177778E+02
  0.177788E+02
  0.177797E+02
  0.177806E+02
  0.177816E+02
  0.177825E+02
  0.177834E+02
  0.177844E+02
  0.177853E+02
  0.177862E+02
  0.177871E+02
  0.177881E+02
  0.177890E+02
  0.177899E+02
  0.177909E+02
  0.177918E+02
  0.177927E+02
  0.177937E+02
  0.177946E+02
  0.177955E+02
  0.177964E+02
  0.177974E+02
  0.177983E+02
  0.177992E+02
  0.178002E+02
  0.178011E+02
  0.178020E+02
  0.178029E+02
  0.178039E+02
  0.178048E+02
  0.178057E+02
  0.178066E+02
  0.178076E+02
  0.178085E+02
  0.178094E+02
  0.178104E+02
  0.178113E+02
  0.178122E+02
  0.178131E+02
  0.178141E+02
  0.178150E+02
  0.178159E+02
  0.178168E+02
  0.178178E+02
  0.178187E+02
  0.178196E+02
  0.178206E+02
  0.178215E+02
  0.178224E+02
  0.178233E+02
  0.178243E+02
  0.178252E+02
  0.178261E+02
  0.178270E+02
  0.178280E+02
  0.178289E+02
  0.178298E+02
  0.178307E+02
  0.178317E+02
  0.178326E+02
  0.178335E+02
  0.178344E+02
  0.178354E+02
  0.178363E+02
  0.178372E+02
  0.178381E+02
  0.178390E+02
  0.178400E+02
  0.178409E+02
  0.178418E+02
  0.178427E+02
  0.178437E+02
  0.178446E+02
  0.178455E+02
  0.178464E+02
  0.178474E+02
  0.178483E+02
  0.178492E+02
  0.178501E+02
  0.178511E+02
  0.178520E+02
  0.178529E+02
  0.178538E+02
  0.178547E+02
  0.178557E+02
  0.178566E+02
  0.178575E+02
  0.178584E+02
  0.178593E+02
  0.178603E+02
  0.178612E+02
  0.178621E+02
  0.178630E+02
  0.178640E+02
  0.178649E+02
  0.178658E+02
  0.178667E+02
  0.178676E+02
  0.178686E+02
  0.178695E+02
  0.178704E+02
  0.178713E+02
  0.178722E+02
  0.178732E+02
  0.178741E+02
  0.178750E+02
  0.178759E+02
  0.178768E+02
  0.178778E+02
  0.178787E+02
  0.178796E+02
  0.178805E+02
  0.178814E+02
  0.178824E+02
  0.178833E+02
  0.178842E+02
  0.178851E+02
  0.178860E+02
  0.178870E+02
  0.178879E+02
  0.178888E+02
  0.178897E+02
  0.178906E+02
  0.178915E+02
  0.178925E+02
  0.178934E+02
  0.178943E+02
  0.178952E+02
  0.178961E+02
  0.178970E+02
  0.178980E+02
  0.178989E+02
  0.178998E+02
  0.179007E+02
  0.179016E+02
  0.179026E+02
  0.179035E+02
  0.179044E+02
  0.179053E+02
  0.179062E+02
  0.179071E+02
  0.179081E+02
  0.179090E+02
  0.179099E+02
  0.179108E+02
  0.179117E+02
  0.179126E+02
  0.179135E+02
  0.179145E+02
  0.179154E+02
  0.179163E+02
  0.179172E+02
  0.179181E+02
  0.179190E+02
  0.179200E+02
  0.179209E+02
  0.179218E+02
  0.179227E+02
  0.179236E+02
  0.179245E+02
  0.179254E+02
  0.179264E+02
  0.179273E+02
  0.179282E+02
  0.179291E+02
  0.179300E+02
  0.179309E+02
  0.179318E+02
  0.179328E+02
  0.179337E+02
  0.179346E+02
  0.179355E+02
  0.179364E+02
  0.179373E+02
  0.179382E+02
  0.179391E+02
  0.179401E+02
  0.179410E+02
  0.179419E+02
  0.179428E+02
  0.179437E+02
  0.179446E+02
  0.179455E+02
  0.179464E+02
  0.179474E+02
  0.179483E+02
  0.179492E+02
  0.179501E+02
  0.179510E+02
  0.179519E+02
  0.179528E+02
  0.179537E+02
  0.179546E+02
  0.179556E+02
  0.179565E+02
  0.179574E+02
  0.179583E+02
  0.179592E+02
  0.179601E+02
  0.179610E+02
  0.179619E+02
  0.179628E+02
  0.179638E+02
  0.179647E+02
  0.179656E+02
  0.179665E+02
  0.179674E+02
  0.179683E+02
  0.179692E+02
  0.179701E+02
  0.179710E+02
  0.179719E+02
  0.179728E+02
  0.179738E+02
  0.179747E+02
  0.179756E+02
  0.179765E+02
  0.179774E+02
  0.179783E+02
  0.179792E+02
  0.179801E+02
  0.179810E+02
  0.179819E+02
  0.179828E+02
  0.179837E+02
  0.179847E+02
  0.179856E+02
  0.179865E+02
  0.179874E+02
  0.179883E+02
  0.179892E+02
  0.179901E+02
  0.179910E+02
  0.179919E+02
  0.179928E+02
  0.179937E+02
  0.179946E+02
  0.179955E+02
  0.179965E+02
  0.179974E+02
  0.179983E+02
  0.179992E+02
  0.180001E+02
  0.180010E+02
  0.180019E+02
  0.180028E+02
  0.180037E+02
  0.180046E+02
  0.180055E+02
  0.180064E+02
  0.180073E+02
  0.180082E+02
  0.180091E+02
  0.180100E+02
  0.180109E+02
  0.180118E+02
  0.180128E+02
  0.180137E+02
  0.180146E+02
  0.180155E+02
  0.180164E+02
  0.180173E+02
  0.180182E+02
  0.180191E+02
  0.180200E+02
  0.180209E+02
  0.180218E+02
  0.180227E+02
  0.180236E+02
  0.180245E+02
  0.180254E+02
  0.180263E+02
  0.180272E+02
  0.180281E+02
  0.180290E+02
  0.180299E+02
  0.180308E+02
  0.180317E+02
  0.180326E+02
  0.180335E+02
  0.180344E+02
  0.180354E+02
  0.180363E+02
  0.180372E+02
  0.180381E+02
  0.180390E+02
  0.180399E+02
  0.180408E+02
  0.180417E+02
  0.180426E+02
  0.180435E+02
  0.180444E+02
  0.180453E+02
  0.180462E+02
  0.180471E+02
  0.180480E+02
  0.180489E+02
  0.180498E+02
  0.180507E+02
  0.180516E+02
  0.180525E+02
  0.180534E+02
  0.180543E+02
  0.180552E+02
  0.180561E+02
  0.180570E+02
  0.180579E+02
  0.180588E+02
  0.180597E+02
  0.180606E+02
  0.180615E+02
  0.180624E+02
  0.180633E+02
  0.180642E+02
  0.180651E+02
  0.180660E+02
  0.180669E+02
  0.180678E+02
  0.180687E+02
  0.180696E+02
  0.180705E+02
  0.180714E+02
  0.180723E+02
  0.180732E+02
  0.180741E+02
  0.180750E+02
  0.180759E+02
  0.180768E+02
  0.180777E+02
  0.180786E+02
  0.180795E+02
  0.180804E+02
  0.180813E+02
  0.180822E+02
  0.180831E+02
  0.180840E+02
  0.180849E+02
  0.180858E+02
  0.180867E+02
  0.180876E+02
  0.180885E+02
  0.180894E+02
  0.180903E+02
  0.180912E+02
  0.180921E+02
  0.180930E+02
  0.180939E+02
  0.180948E+02
  0.180957E+02
  0.180966E+02
  0.180975E+02
  0.180984E+02
  0.180993E+02
  0.181002E+02
  0.181011E+02
  0.181020E+02
  0.181029E+02
  0.181037E+02
  0.181046E+02
  0.181055E+02
  0.181064E+02
  0.181073E+02
  0.181082E+02
  0.181091E+02
  0.181100E+02
  0.181109E+02
  0.181118E+02
  0.181127E+02
  0.181136E+02
  0.181145E+02
  0.181154E+02
  0.181163E+02
  0.181172E+02
  0.181181E+02
  0.181190E+02
  0.181199E+02
  0.181208E+02
  0.181217E+02
  0.181226E+02
  0.181235E+02
  0.181244E+02
  0.181253E+02
  0.181261E+02
  0.181270E+02
  0.181279E+02
  0.181288E+02
  0.181297E+02
  0.181306E+02
  0.181315E+02
  0.181324E+02
  0.181333E+02
  0.181342E+02
  0.181351E+02
  0.181360E+02
  0.181369E+02
  0.181378E+02
  0.181387E+02
  0.181396E+02
  0.181405E+02
  0.181413E+02
  0.181422E+02
  0.181431E+02
  0.181440E+02
  0.181449E+02
  0.181458E+02
  0.181467E+02
  0.181476E+02
  0.181485E+02
  0.181494E+02
  0.181503E+02
  0.181512E+02
  0.181521E+02
  0.181530E+02
  0.181539E+02
  0.181547E+02
  0.181556E+02
  0.181565E+02
  0.181574E+02
  0.181583E+02
  0.181592E+02
  0.181601E+02
  0.181610E+02
  0.181619E+02
  0.181628E+02
  0.181637E+02
  0.181646E+02
  0.181654E+02
  0.181663E+02
  0.181672E+02
  0.181681E+02
  0.181690E+02
  0.181699E+02
  0.181708E+02
  0.181717E+02
  0.181726E+02
  0.181735E+02
  0.181744E+02
  0.181753E+02
  0.181761E+02
  0.181770E+02
  0.181779E+02
  0.181788E+02
  0.181797E+02
  0.181806E+02
  0.181815E+02
  0.181824E+02
  0.181833E+02
  0.181842E+02
  0.181850E+02
  0.181859E+02
  0.181868E+02
  0.181877E+02
  0.181886E+02
  0.181895E+02
  0.181904E+02
  0.181913E+02
  0.181922E+02
  0.181931E+02
  0.181939E+02
  0.181948E+02
  0.181957E+02
  0.181966E+02
  0.181975E+02
  0.181984E+02
  0.181993E+02
  0.182002E+02
  0.182010E+02
  0.182019E+02
  0.182028E+02
  0.182037E+02
  0.182046E+02
  0.182055E+02
  0.182064E+02
  0.182073E+02
  0.182082E+02
  0.182090E+02
  0.182099E+02
  0.182108E+02
  0.182117E+02
  0.182126E+02
  0.182135E+02
  0.182144E+02
  0.182153E+02
  0.182161E+02
  0.182170E+02
  0.182179E+02
  0.182188E+02
  0.182197E+02
  0.182206E+02
  0.182215E+02
  0.182224E+02
  0.182232E+02
  0.182241E+02
  0.182250E+02
  0.182259E+02
  0.182268E+02
  0.182277E+02
  0.182286E+02
  0.182294E+02
  0.182303E+02
  0.182312E+02
  0.182321E+02
  0.182330E+02
  0.182339E+02
  0.182348E+02
  0.182356E+02
  0.182365E+02
  0.182374E+02
  0.182383E+02
  0.182392E+02
  0.182401E+02
  0.182410E+02
  0.182418E+02
  0.182427E+02
  0.182436E+02
  0.182445E+02
  0.182454E+02
  0.182463E+02
  0.182471E+02
  0.182480E+02
  0.182489E+02
  0.182498E+02
  0.182507E+02
  0.182516E+02
  0.182525E+02
  0.182533E+02
  0.182542E+02
  0.182551E+02
  0.182560E+02
  0.182569E+02
  0.182578E+02
  0.182586E+02
  0.182595E+02
  0.182604E+02
  0.182613E+02
  0.182622E+02
  0.182631E+02
  0.182639E+02
  0.182648E+02
  0.182657E+02
  0.182666E+02
  0.182675E+02
  0.182684E+02
  0.182692E+02
  0.182701E+02
  0.182710E+02
  0.182719E+02
  0.182728E+02
  0.182736E+02
  0.182745E+02
  0.182754E+02
  0.182763E+02
  0.182772E+02
  0.182781E+02
  0.182789E+02
  0.182798E+02
  0.182807E+02
  0.182816E+02
  0.182825E+02
  0.182833E+02
  0.182842E+02
  0.182851E+02
  0.182860E+02
  0.182869E+02
  0.182878E+02
  0.182886E+02
  0.182895E+02
  0.182904E+02
  0.182913E+02
  0.182922E+02
  0.182930E+02
  0.182939E+02
  0.182948E+02
  0.182957E+02
  0.182966E+02
  0.182974E+02
  0.182983E+02
  0.182992E+02
  0.183001E+02
  0.183010E+02
  0.183018E+02
  0.183027E+02
  0.183036E+02
  0.183045E+02
  0.183054E+02
  0.183062E+02
  0.183071E+02
  0.183080E+02
  0.183089E+02
  0.183098E+02
  0.183106E+02
  0.183115E+02
  0.183124E+02
  0.183133E+02
  0.183142E+02
  0.183150E+02
  0.183159E+02
  0.183168E+02
  0.183177E+02
  0.183185E+02
  0.183194E+02
  0.183203E+02
  0.183212E+02
  0.183221E+02
  0.183229E+02
  0.183238E+02
  0.183247E+02
  0.183256E+02
  0.183264E+02
  0.183273E+02
  0.183282E+02
  0.183291E+02
  0.183300E+02
  0.183308E+02
  0.183317E+02
  0.183326E+02
  0.183335E+02
  0.183343E+02
  0.183352E+02
  0.183361E+02
  0.183370E+02
  0.183379E+02
  0.183387E+02
  0.183396E+02
  0.183405E+02
  0.183414E+02
  0.183422E+02
  0.183431E+02
  0.183440E+02
  0.183449E+02
  0.183457E+02
  0.183466E+02
  0.183475E+02
  0.183484E+02
  0.183492E+02
  0.183501E+02
  0.183510E+02
  0.183519E+02
  0.183527E+02
  0.183536E+02
  0.183545E+02
  0.183554E+02
  0.183562E+02
  0.183571E+02
  0.183580E+02
  0.183589E+02
  0.183597E+02
  0.183606E+02
  0.183615E+02
  0.183624E+02
  0.183632E+02
  0.183641E+02
  0.183650E+02
  0.183659E+02
  0.183667E+02
  0.183676E+02
  0.183685E+02
  0.183694E+02
  0.183702E+02
  0.183711E+02
  0.183720E+02
  0.183729E+02
  0.183737E+02
  0.183746E+02
  0.183755E+02
  0.183764E+02
  0.183772E+02
  0.183781E+02
  0.183790E+02
  0.183799E+02
  0.183807E+02
  0.183816E+02
  0.183825E+02
  0.183833E+02
  0.183842E+02
  0.183851E+02
  0.183860E+02
  0.183868E+02
  0.183877E+02
  0.183886E+02
  0.183895E+02
  0.183903E+02
  0.183912E+02
  0.183921E+02
  0.183929E+02
  0.183938E+02
  0.183947E+02
  0.183956E+02
  0.183964E+02
  0.183973E+02
  0.183982E+02
  0.183990E+02
  0.183999E+02
  0.184008E+02
  0.184017E+02
  0.184025E+02
  0.184034E+02
  0.184043E+02
  0.184051E+02
  0.184060E+02
  0.184069E+02
  0.184078E+02
  0.184086E+02
  0.184095E+02
  0.184104E+02
  0.184112E+02
  0.184121E+02
  0.184130E+02
  0.184139E+02
  0.184147E+02
  0.184156E+02
  0.184165E+02
  0.184173E+02
  0.184182E+02
  0.184191E+02
  0.184199E+02
  0.184208E+02
  0.184217E+02
  0.184226E+02
  0.184234E+02
  0.184243E+02
  0.184252E+02
  0.184260E+02
  0.184269E+02
  0.184278E+02
  0.184286E+02
  0.184295E+02
  0.184304E+02
  0.184312E+02
  0.184321E+02
  0.184330E+02
  0.184339E+02
  0.184347E+02
  0.184356E+02
  0.184365E+02
  0.184373E+02
  0.184382E+02
  0.184391E+02
  0.184399E+02
  0.184408E+02
  0.184417E+02
  0.184425E+02
  0.184434E+02
  0.184443E+02
  0.184451E+02
  0.184460E+02
  0.184469E+02
  0.184477E+02
  0.184486E+02
  0.184495E+02
  0.184503E+02
  0.184512E+02
  0.184521E+02
  0.184530E+02
  0.184538E+02
  0.184547E+02
  0.184556E+02
  0.184564E+02
  0.184573E+02
  0.184582E+02
  0.184590E+02
  0.184599E+02
  0.184608E+02
  0.184616E+02
  0.184625E+02
  0.184634E+02
  0.184642E+02
  0.184651E+02
  0.184660E+02
  0.184668E+02
  0.184677E+02
  0.184685E+02
  0.184694E+02
  0.184703E+02
  0.184711E+02
  0.184720E+02
  0.184729E+02
  0.184737E+02
  0.184746E+02
  0.184755E+02
  0.184763E+02
  0.184772E+02
  0.184781E+02
  0.184789E+02
  0.184798E+02
  0.184807E+02
  0.184815E+02
  0.184824E+02
  0.184833E+02
  0.184841E+02
  0.184850E+02
  0.184859E+02
  0.184867E+02
  0.184876E+02
  0.184884E+02
  0.184893E+02
  0.184902E+02
  0.184910E+02
  0.184919E+02
  0.184928E+02
  0.184936E+02
  0.184945E+02
  0.184954E+02
  0.184962E+02
  0.184971E+02
  0.184979E+02
  0.184988E+02
  0.184997E+02
  0.185005E+02
  0.185014E+02
  0.185023E+02
  0.185031E+02
  0.185040E+02
  0.185049E+02
  0.185057E+02
  0.185066E+02
  0.185074E+02
  0.185083E+02
  0.185092E+02
  0.185100E+02
  0.185109E+02
  0.185118E+02
  0.185126E+02
  0.185135E+02
  0.185143E+02
  0.185152E+02
  0.185161E+02
  0.185169E+02
  0.185178E+02
  0.185187E+02
  0.185195E+02
  0.185204E+02
  0.185212E+02
  0.185221E+02
  0.185230E+02
  0.185238E+02
  0.185247E+02
  0.185255E+02
  0.185264E+02
  0.185273E+02
  0.185281E+02
  0.185290E+02
  0.185299E+02
  0.185307E+02
  0.185316E+02
  0.185324E+02
  0.185333E+02
  0.185342E+02
  0.185350E+02
  0.185359E+02
  0.185367E+02
  0.185376E+02
  0.185385E+02
  0.185393E+02
  0.185402E+02
  0.185410E+02
  0.185419E+02
  0.185428E+02
  0.185436E+02
  0.185445E+02
  0.185453E+02
  0.185462E+02
  0.185471E+02
  0.185479E+02
  0.185488E+02
  0.185496E+02
  0.185505E+02
  0.185514E+02
  0.185522E+02
  0.185531E+02
  0.185539E+02
  0.185548E+02
  0.185557E+02
  0.185565E+02
  0.185574E+02
  0.185582E+02
  0.185591E+02
  0.185599E+02
  0.185608E+02
  0.185617E+02
  0.185625E+02
  0.185634E+02
  0.185642E+02
  0.185651E+02
  0.185660E+02
  0.185668E+02
  0.185677E+02
  0.185685E+02
  0.185694E+02
  0.185702E+02
  0.185711E+02
  0.185720E+02
  0.185728E+02
  0.185737E+02
  0.185745E+02
  0.185754E+02
  0.185763E+02
  0.185771E+02
  0.185780E+02
  0.185788E+02
  0.185797E+02
  0.185805E+02
  0.185814E+02
  0.185823E+02
  0.185831E+02
  0.185840E+02
  0.185848E+02
  0.185857E+02
  0.185865E+02
  0.185874E+02
  0.185883E+02
  0.185891E+02
  0.185900E+02
  0.185908E+02
  0.185917E+02
  0.185925E+02
  0.185934E+02
  0.185943E+02
  0.185951E+02
  0.185960E+02
  0.185968E+02
  0.185977E+02
  0.185985E+02
  0.185994E+02
  0.186002E+02
  0.186011E+02
  0.186020E+02
  0.186028E+02
  0.186037E+02
  0.186045E+02
  0.186054E+02
  0.186062E+02
  0.186071E+02
  0.186079E+02
  0.186088E+02
  0.186097E+02
  0.186105E+02
  0.186114E+02
  0.186122E+02
  0.186131E+02
  0.186139E+02
  0.186148E+02
  0.186156E+02
  0.186165E+02
  0.186173E+02
  0.186182E+02
  0.186191E+02
  0.186199E+02
  0.186208E+02
  0.186216E+02
  0.186225E+02
  0.186233E+02
  0.186242E+02
  0.186250E+02
  0.186259E+02
  0.186267E+02
  0.186276E+02
  0.186285E+02
  0.186293E+02
  0.186302E+02
  0.186310E+02
  0.186319E+02
  0.186327E+02
  0.186336E+02
  0.186344E+02
  0.186353E+02
  0.186361E+02
  0.186370E+02
  0.186378E+02
  0.186387E+02
  0.186395E+02
  0.186404E+02
  0.186413E+02
  0.186421E+02
  0.186430E+02
  0.186438E+02
  0.186447E+02
  0.186455E+02
  0.186464E+02
  0.186472E+02
  0.186481E+02
  0.186489E+02
  0.186498E+02
  0.186506E+02
  0.186515E+02
  0.186523E+02
  0.186532E+02
  0.186540E+02
  0.186549E+02
  0.186557E+02
  0.186566E+02
  0.186574E+02
  0.186583E+02
  0.186592E+02
  0.186600E+02
  0.186609E+02
  0.186617E+02
  0.186626E+02
  0.186634E+02
  0.186643E+02
  0.186651E+02
  0.186660E+02
  0.186668E+02
  0.186677E+02
  0.186685E+02
  0.186694E+02
  0.186702E+02
  0.186711E+02
  0.186719E+02
  0.186728E+02
  0.186736E+02
  0.186745E+02
  0.186753E+02
  0.186762E+02
  0.186770E+02
  0.186779E+02
  0.186787E+02
  0.186796E+02
  0.186804E+02
  0.186813E+02
  0.186821E+02
  0.186830E+02
  0.186838E+02
  0.186847E+02
  0.186855E+02
  0.186864E+02
  0.186872E+02
  0.186881E+02
  0.186889E+02
  0.186898E+02
  0.186906E+02
  0.186915E+02
  0.186923E+02
  0.186932E+02
  0.186940E+02
  0.186949E+02
  0.186957E+02
  0.186966E+02
  0.186974E+02
  0.186983E+02
  0.186991E+02
  0.187000E+02
  0.187008E+02
  0.187017E+02
  0.187025E+02
  0.187033E+02
  0.187042E+02
  0.187050E+02
  0.187059E+02
  0.187067E+02
  0.187076E+02
  0.187084E+02
  0.187093E+02
  0.187101E+02
  0.187110E+02
  0.187118E+02
  0.187127E+02
  0.187135E+02
  0.187144E+02
  0.187152E+02
  0.187161E+02
  0.187169E+02
  0.187178E+02
  0.187186E+02
  0.187195E+02
  0.187203E+02
  0.187212E+02
  0.187220E+02
  0.187228E+02
  0.187237E+02
  0.187245E+02
  0.187254E+02
  0.187262E+02
  0.187271E+02
  0.187279E+02
  0.187288E+02
  0.187296E+02
  0.187305E+02
  0.187313E+02
  0.187322E+02
  0.187330E+02
  0.187338E+02
  0.187347E+02
  0.187355E+02
  0.187364E+02
  0.187372E+02
  0.187381E+02
  0.187389E+02
  0.187398E+02
  0.187406E+02
  0.187415E+02
  0.187423E+02
  0.187432E+02
  0.187440E+02
  0.187448E+02
  0.187457E+02
  0.187465E+02
  0.187474E+02
  0.187482E+02
  0.187491E+02
  0.187499E+02
  0.187508E+02
  0.187516E+02
  0.187525E+02
  0.187533E+02
  0.187541E+02
  0.187550E+02
  0.187558E+02
  0.187567E+02
  0.187575E+02
  0.187584E+02
  0.187592E+02
  0.187601E+02
  0.187609E+02
  0.187617E+02
  0.187626E+02
  0.187634E+02
  0.187643E+02
  0.187651E+02
  0.187660E+02
  0.187668E+02
  0.187676E+02
  0.187685E+02
  0.187693E+02
  0.187702E+02
  0.187710E+02
  0.187719E+02
  0.187727E+02
  0.187736E+02
  0.187744E+02
  0.187752E+02
  0.187761E+02
  0.187769E+02
  0.187778E+02
  0.187786E+02
  0.187795E+02
  0.187803E+02
  0.187811E+02
  0.187820E+02
  0.187828E+02
  0.187837E+02
  0.187845E+02
  0.187854E+02
  0.187862E+02
  0.187870E+02
  0.187879E+02
  0.187887E+02
  0.187896E+02
  0.187904E+02
  0.187912E+02
  0.187921E+02
  0.187929E+02
  0.187938E+02
  0.187946E+02
  0.187955E+02
  0.187963E+02
  0.187971E+02
  0.187980E+02
  0.187988E+02
  0.187997E+02
  0.188005E+02
  0.188013E+02
  0.188022E+02
  0.188030E+02
  0.188039E+02
  0.188047E+02
  0.188056E+02
  0.188064E+02
  0.188072E+02
  0.188081E+02
  0.188089E+02
  0.188098E+02
  0.188106E+02
  0.188114E+02
  0.188123E+02
  0.188131E+02
  0.188140E+02
  0.188148E+02
  0.188156E+02
  0.188165E+02
  0.188173E+02
  0.188182E+02
  0.188190E+02
  0.188198E+02
  0.188207E+02
  0.188215E+02
  0.188224E+02
  0.188232E+02
  0.188240E+02
  0.188249E+02
  0.188257E+02
  0.188266E+02
  0.188274E+02
  0.188282E+02
  0.188291E+02
  0.188299E+02
  0.188308E+02
  0.188316E+02
  0.188324E+02
  0.188333E+02
  0.188341E+02
  0.188350E+02
  0.188358E+02
  0.188366E+02
  0.188375E+02
  0.188383E+02
  0.188391E+02
  0.188400E+02
  0.188408E+02
  0.188417E+02
  0.188425E+02
  0.188433E+02
  0.188442E+02
  0.188450E+02
  0.188459E+02
  0.188467E+02
  0.188475E+02
  0.188484E+02
  0.188492E+02
  0.188500E+02
  0.188509E+02
  0.188517E+02
  0.188526E+02
  0.188534E+02
  0.188542E+02
  0.188551E+02
  0.188559E+02
  0.188567E+02
  0.188576E+02
  0.188584E+02
  0.188593E+02
  0.188601E+02
  0.188609E+02
  0.188618E+02
  0.188626E+02
  0.188634E+02
  0.188643E+02
  0.188651E+02
  0.188660E+02
  0.188668E+02
  0.188676E+02
  0.188685E+02
  0.188693E+02
  0.188701E+02
  0.188710E+02
  0.188718E+02
  0.188726E+02
  0.188735E+02
  0.188743E+02
  0.188752E+02
  0.188760E+02
  0.188768E+02
  0.188777E+02
  0.188785E+02
  0.188793E+02
  0.188802E+02
  0.188810E+02
  0.188818E+02
  0.188827E+02
  0.188835E+02
  0.188844E+02
  0.188852E+02
  0.188860E+02
  0.188869E+02
  0.188877E+02
  0.188885E+02
  0.188894E+02
  0.188902E+02
  0.188910E+02
  0.188919E+02
  0.188927E+02
  0.188935E+02
  0.188944E+02
  0.188952E+02
  0.188960E+02
  0.188969E+02
  0.188977E+02
  0.188985E+02
  0.188994E+02
  0.189002E+02
  0.189010E+02
  0.189019E+02
  0.189027E+02
  0.189036E+02
  0.189044E+02
  0.189052E+02
  0.189061E+02
  0.189069E+02
  0.189077E+02
  0.189086E+02
  0.189094E+02
  0.189102E+02
  0.189111E+02
  0.189119E+02
  0.189127E+02
  0.189136E+02
  0.189144E+02
  0.189152E+02
  0.189161E+02
  0.189169E+02
  0.189177E+02
  0.189186E+02
  0.189194E+02
  0.189202E+02
  0.189211E+02
  0.189219E+02
  0.189227E+02
  0.189236E+02
  0.189244E+02
  0.189252E+02
  0.189261E+02
  0.189269E+02
  0.189277E+02
  0.189285E+02
  0.189294E+02
  0.189302E+02
  0.189310E+02
  0.189319E+02
  0.189327E+02
  0.189335E+02
  0.189344E+02
  0.189352E+02
  0.189360E+02
  0.189369E+02
  0.189377E+02
  0.189385E+02
  0.189394E+02
  0.189402E+02
  0.189410E+02
  0.189419E+02
  0.189427E+02
  0.189435E+02
  0.189444E+02
  0.189452E+02
  0.189460E+02
  0.189468E+02
  0.189477E+02
  0.189485E+02
  0.189493E+02
  0.189502E+02
  0.189510E+02
  0.189518E+02
  0.189527E+02
  0.189535E+02
  0.189543E+02
  0.189552E+02
  0.189560E+02
  0.189568E+02
  0.189576E+02
  0.189585E+02
  0.189593E+02
  0.189601E+02
  0.189610E+02
  0.189618E+02
  0.189626E+02
  0.189635E+02
  0.189643E+02
  0.189651E+02
  0.189659E+02
  0.189668E+02
  0.189676E+02
  0.189684E+02
  0.189693E+02
  0.189701E+02
  0.189709E+02
  0.189718E+02
  0.189726E+02
  0.189734E+02
  0.189742E+02
  0.189751E+02
  0.189759E+02
  0.189767E+02
  0.189776E+02
  0.189784E+02
  0.189792E+02
  0.189800E+02
  0.189809E+02
  0.189817E+02
  0.189825E+02
  0.189834E+02
  0.189842E+02
  0.189850E+02
  0.189858E+02
  0.189867E+02
  0.189875E+02
  0.189883E+02
  0.189892E+02
  0.189900E+02
  0.189908E+02
  0.189916E+02
  0.189925E+02
  0.189933E+02
  0.189941E+02
  0.189950E+02
  0.189958E+02
  0.189966E+02
  0.189974E+02
  0.189983E+02
  0.189991E+02
  0.189999E+02
  0.190007E+02
  0.190016E+02
  0.190024E+02
  0.190032E+02
  0.190041E+02
  0.190049E+02
  0.190057E+02
  0.190065E+02
  0.190074E+02
  0.190082E+02
  0.190090E+02
  0.190098E+02
  0.190107E+02
  0.190115E+02
  0.190123E+02
  0.190132E+02
  0.190140E+02
  0.190148E+02
  0.190156E+02
  0.190165E+02
  0.190173E+02
  0.190181E+02
  0.190189E+02
  0.190198E+02
  0.190206E+02
  0.190214E+02
  0.190222E+02
  0.190231E+02
  0.190239E+02
  0.190247E+02
  0.190255E+02
  0.190264E+02
  0.190272E+02
  0.190280E+02
  0.190288E+02
  0.190297E+02
  0.190305E+02
  0.190313E+02
  0.190321E+02
  0.190330E+02
  0.190338E+02
  0.190346E+02
  0.190354E+02
  0.190363E+02
  0.190371E+02
  0.190379E+02
  0.190387E+02
  0.190396E+02
  0.190404E+02
  0.190412E+02
  0.190420E+02
  0.190429E+02
  0.190437E+02
  0.190445E+02
  0.190453E+02
  0.190461E+02
  0.190470E+02
  0.190478E+02
  0.190486E+02
  0.190494E+02
  0.190503E+02
  0.190511E+02
  0.190519E+02
  0.190527E+02
  0.190536E+02
  0.190544E+02
  0.190552E+02
  0.190560E+02
  0.190568E+02
  0.190577E+02
  0.190585E+02
  0.190593E+02
  0.190601E+02
  0.190610E+02
  0.190618E+02
  0.190626E+02
  0.190634E+02
  0.190642E+02
  0.190651E+02
  0.190659E+02
  0.190667E+02
  0.190675E+02
  0.190684E+02
  0.190692E+02
  0.190700E+02
  0.190708E+02
  0.190716E+02
  0.190725E+02
  0.190733E+02
  0.190741E+02
  0.190749E+02
  0.190757E+02
  0.190766E+02
  0.190774E+02
  0.190782E+02
  0.190790E+02
  0.190798E+02
  0.190807E+02
  0.190815E+02
  0.190823E+02
  0.190831E+02
  0.190840E+02
  0.190848E+02
  0.190856E+02
  0.190864E+02
  0.190872E+02
  0.190881E+02
  0.190889E+02
  0.190897E+02
  0.190905E+02
  0.190913E+02
  0.190921E+02
  0.190930E+02
  0.190938E+02
  0.190946E+02
  0.190954E+02
  0.190962E+02
  0.190971E+02
  0.190979E+02
  0.190987E+02
  0.190995E+02
  0.191003E+02
  0.191012E+02
  0.191020E+02
  0.191028E+02
  0.191036E+02
  0.191044E+02
  0.191053E+02
  0.191061E+02
  0.191069E+02
  0.191077E+02
  0.191085E+02
  0.191093E+02
  0.191102E+02
  0.191110E+02
  0.191118E+02
  0.191126E+02
  0.191134E+02
  0.191143E+02
  0.191151E+02
  0.191159E+02
  0.191167E+02
  0.191175E+02
  0.191183E+02
  0.191192E+02
  0.191200E+02
  0.191208E+02
  0.191216E+02
  0.191224E+02
  0.191232E+02
  0.191241E+02
  0.191249E+02
  0.191257E+02
  0.191265E+02
  0.191273E+02
  0.191281E+02
  0.191290E+02
  0.191298E+02
  0.191306E+02
  0.191314E+02
  0.191322E+02
  0.191330E+02
  0.191339E+02
  0.191347E+02
  0.191355E+02
  0.191363E+02
  0.191371E+02
  0.191379E+02
  0.191387E+02
  0.191396E+02
  0.191404E+02
  0.191412E+02
  0.191420E+02
  0.191428E+02
  0.191436E+02
  0.191445E+02
  0.191453E+02
  0.191461E+02
  0.191469E+02
  0.191477E+02
  0.191485E+02
  0.191493E+02
  0.191502E+02
  0.191510E+02
  0.191518E+02
  0.191526E+02
  0.191534E+02
  0.191542E+02
  0.191550E+02
  0.191559E+02
  0.191567E+02
  0.191575E+02
  0.191583E+02
  0.191591E+02
  0.191599E+02
  0.191607E+02
  0.191616E+02
  0.191624E+02
  0.191632E+02
  0.191640E+02
  0.191648E+02
  0.191656E+02
  0.191664E+02
  0.191673E+02
  0.191681E+02
  0.191689E+02
  0.191697E+02
  0.191705E+02
  0.191713E+02
  0.191721E+02
  0.191729E+02
  0.191738E+02
  0.191746E+02
  0.191754E+02
  0.191762E+02
  0.191770E+02
  0.191778E+02
  0.191786E+02
  0.191794E+02
  0.191803E+02
  0.191811E+02
  0.191819E+02
  0.191827E+02
  0.191835E+02
  0.191843E+02
  0.191851E+02
  0.191859E+02
  0.191867E+02
  0.191876E+02
  0.191884E+02
  0.191892E+02
  0.191900E+02
  0.191908E+02
  0.191916E+02
  0.191924E+02
  0.191932E+02
  0.191940E+02
  0.191949E+02
  0.191957E+02
  0.191965E+02
  0.191973E+02
  0.191981E+02
  0.191989E+02
  0.191997E+02
  0.192005E+02
  0.192013E+02
  0.192022E+02
  0.192030E+02
  0.192038E+02
  0.192046E+02
  0.192054E+02
  0.192062E+02
  0.192070E+02
  0.192078E+02
  0.192086E+02
  0.192094E+02
  0.192103E+02
  0.192111E+02
  0.192119E+02
  0.192127E+02
  0.192135E+02
  0.192143E+02
  0.192151E+02
  0.192159E+02
  0.192167E+02
  0.192175E+02
  0.192183E+02
  0.192192E+02
  0.192200E+02
  0.192208E+02
  0.192216E+02
  0.192224E+02
  0.192232E+02
  0.192240E+02
  0.192248E+02
  0.192256E+02
  0.192264E+02
  0.192272E+02
  0.192280E+02
  0.192289E+02
  0.192297E+02
  0.192305E+02
  0.192313E+02
  0.192321E+02
  0.192329E+02
  0.192337E+02
  0.192345E+02
  0.192353E+02
  0.192361E+02
  0.192369E+02
  0.192377E+02
  0.192385E+02
  0.192394E+02
  0.192402E+02
  0.192410E+02
  0.192418E+02
  0.192426E+02
  0.192434E+02
  0.192442E+02
  0.192450E+02
  0.192458E+02
  0.192466E+02
  0.192474E+02
  0.192482E+02
  0.192490E+02
  0.192498E+02
  0.192506E+02
  0.192515E+02
  0.192523E+02
  0.192531E+02
  0.192539E+02
  0.192547E+02
  0.192555E+02
  0.192563E+02
  0.192571E+02
  0.192579E+02
  0.192587E+02
  0.192595E+02
  0.192603E+02
  0.192611E+02
  0.192619E+02
  0.192627E+02
  0.192635E+02
  0.192643E+02
  0.192651E+02
  0.192659E+02
  0.192668E+02
  0.192676E+02
  0.192684E+02
  0.192692E+02
  0.192700E+02
  0.192708E+02
  0.192716E+02
  0.192724E+02
  0.192732E+02
  0.192740E+02
  0.192748E+02
  0.192756E+02
  0.192764E+02
  0.192772E+02
  0.192780E+02
  0.192788E+02
  0.192796E+02
  0.192804E+02
  0.192812E+02
  0.192820E+02
  0.192828E+02
  0.192836E+02
  0.192844E+02
  0.192852E+02
  0.192861E+02
  0.192869E+02
  0.192877E+02
  0.192885E+02
  0.192893E+02
  0.192901E+02
  0.192909E+02
  0.192917E+02
  0.192925E+02
  0.192933E+02
  0.192941E+02
  0.192949E+02
  0.192957E+02
  0.192965E+02
  0.192973E+02
  0.192981E+02
  0.192989E+02
  0.192997E+02
  0.193005E+02
  0.193013E+02
  0.193021E+02
  0.193029E+02
  0.193037E+02
  0.193045E+02
  0.193053E+02
  0.193061E+02
  0.193069E+02
  0.193077E+02
  0.193085E+02
  0.193093E+02
  0.193101E+02
  0.193109E+02
  0.193117E+02
  0.193125E+02
  0.193133E+02
  0.193141E+02
  0.193149E+02
  0.193157E+02
  0.193165E+02
  0.193173E+02
  0.193181E+02
  0.193189E+02
  0.193197E+02
  0.193205E+02
  0.193213E+02
  0.193221E+02
  0.193229E+02
  0.193237E+02
  0.193245E+02
  0.193253E+02
  0.193261E+02
  0.193269E+02
  0.193277E+02
  0.193285E+02
  0.193293E+02
  0.193301E+02
  0.193309E+02
  0.193317E+02
  0.193325E+02
  0.193333E+02
  0.193341E+02
  0.193349E+02
  0.193357E+02
  0.193365E+02
  0.193373E+02
  0.193381E+02
  0.193389E+02
  0.193397E+02
  0.193405E+02
  0.193413E+02
  0.193421E+02
  0.193429E+02
  0.193437E+02
  0.193445E+02
  0.193453E+02
  0.193461E+02
  0.193469E+02
  0.193477E+02
  0.193485E+02
  0.193493E+02
  0.193501E+02
  0.193509E+02
  0.193517E+02
  0.193525E+02
  0.193533E+02
  0.193541E+02
  0.193549E+02
  0.193557E+02
  0.193565E+02
  0.193573E+02
  0.193581E+02
  0.193589E+02
  0.193597E+02
  0.193605E+02
  0.193613E+02
  0.193621E+02
  0.193629E+02
  0.193637E+02
  0.193644E+02
  0.193652E+02
  0.193660E+02
  0.193668E+02
  0.193676E+02
  0.193684E+02
  0.193692E+02
  0.193700E+02
  0.193708E+02
  0.193716E+02
  0.193724E+02
  0.193732E+02
  0.193740E+02
  0.193748E+02
  0.193756E+02
  0.193764E+02
  0.193772E+02
  0.193780E+02
  0.193788E+02
  0.193796E+02
  0.193804E+02
  0.193812E+02
  0.193820E+02
  0.193828E+02
  0.193836E+02
  0.193843E+02
  0.193851E+02
  0.193859E+02
  0.193867E+02
  0.193875E+02
  0.193883E+02
  0.193891E+02
  0.193899E+02
  0.193907E+02
  0.193915E+02
  0.193923E+02
  0.193931E+02
  0.193939E+02
  0.193947E+02
  0.193955E+02
  0.193963E+02
  0.193971E+02
  0.193979E+02
  0.193987E+02
  0.193994E+02
  0.194002E+02
  0.194010E+02
  0.194018E+02
  0.194026E+02
  0.194034E+02
  0.194042E+02
  0.194050E+02
  0.194058E+02
  0.194066E+02
  0.194074E+02
  0.194082E+02
  0.194090E+02
  0.194098E+02
  0.194106E+02
  0.194113E+02
  0.194121E+02
  0.194129E+02
  0.194137E+02
  0.194145E+02
  0.194153E+02
  0.194161E+02
  0.194169E+02
  0.194177E+02
  0.194185E+02
  0.194193E+02
  0.194201E+02
  0.194209E+02
  0.194216E+02
  0.194224E+02
  0.194232E+02
  0.194240E+02
  0.194248E+02
  0.194256E+02
  0.194264E+02
  0.194272E+02
  0.194280E+02
  0.194288E+02
  0.194296E+02
  0.194304E+02
  0.194312E+02
  0.194319E+02
  0.194327E+02
  0.194335E+02
  0.194343E+02
  0.194351E+02
  0.194359E+02
  0.194367E+02
  0.194375E+02
  0.194383E+02
  0.194391E+02
  0.194399E+02
  0.194406E+02
  0.194414E+02
  0.194422E+02
  0.194430E+02
  0.194438E+02
  0.194446E+02
  0.194454E+02
  0.194462E+02
  0.194470E+02
  0.194478E+02
  0.194485E+02
  0.194493E+02
  0.194501E+02
  0.194509E+02
  0.194517E+02
  0.194525E+02
  0.194533E+02
  0.194541E+02
  0.194549E+02
  0.194557E+02
  0.194564E+02
  0.194572E+02
  0.194580E+02
  0.194588E+02
  0.194596E+02
  0.194604E+02
  0.194612E+02
  0.194620E+02
  0.194628E+02
  0.194635E+02
  0.194643E+02
  0.194651E+02
  0.194659E+02
  0.194667E+02
  0.194675E+02
  0.194683E+02
  0.194691E+02
  0.194699E+02
  0.194706E+02
  0.194714E+02
  0.194722E+02
  0.194730E+02
  0.194738E+02
  0.194746E+02
  0.194754E+02
  0.194762E+02
  0.194769E+02
  0.194777E+02
  0.194785E+02
  0.194793E+02
  0.194801E+02
  0.194809E+02
  0.194817E+02
  0.194825E+02
  0.194832E+02
  0.194840E+02
  0.194848E+02
  0.194856E+02
  0.194864E+02
  0.194872E+02
  0.194880E+02
  0.194887E+02
  0.194895E+02
  0.194903E+02
  0.194911E+02
  0.194919E+02
  0.194927E+02
  0.194935E+02
  0.194943E+02
  0.194950E+02
  0.194958E+02
  0.194966E+02
  0.194974E+02
  0.194982E+02
  0.194990E+02
  0.194998E+02
  0.195005E+02
  0.195013E+02
  0.195021E+02
  0.195029E+02
  0.195037E+02
  0.195045E+02
  0.195053E+02
  0.195060E+02
  0.195068E+02
  0.195076E+02
  0.195084E+02
  0.195092E+02
  0.195100E+02
  0.195108E+02
  0.195115E+02
  0.195123E+02
  0.195131E+02
  0.195139E+02
  0.195147E+02
  0.195155E+02
  0.195162E+02
  0.195170E+02
  0.195178E+02
  0.195186E+02
  0.195194E+02
  0.195202E+02
  0.195209E+02
  0.195217E+02
  0.195225E+02
  0.195233E+02
  0.195241E+02
  0.195249E+02
  0.195256E+02
  0.195264E+02
  0.195272E+02
  0.195280E+02
  0.195288E+02
  0.195296E+02
  0.195303E+02
  0.195311E+02
  0.195319E+02
  0.195327E+02
  0.195335E+02
  0.195343E+02
  0.195350E+02
  0.195358E+02
  0.195366E+02
  0.195374E+02
  0.195382E+02
  0.195390E+02
  0.195397E+02
  0.195405E+02
  0.195413E+02
  0.195421E+02
  0.195429E+02
  0.195436E+02
  0.195444E+02
  0.195452E+02
  0.195460E+02
  0.195468E+02
  0.195476E+02
  0.195483E+02
  0.195491E+02
  0.195499E+02
  0.195507E+02
  0.195515E+02
  0.195522E+02
  0.195530E+02
  0.195538E+02
  0.195546E+02
  0.195554E+02
  0.195561E+02
  0.195569E+02
  0.195577E+02
  0.195585E+02
  0.195593E+02
  0.195600E+02
  0.195608E+02
  0.195616E+02
  0.195624E+02
  0.195632E+02
  0.195639E+02
  0.195647E+02
  0.195655E+02
  0.195663E+02
  0.195671E+02
  0.195678E+02
  0.195686E+02
  0.195694E+02
  0.195702E+02
  0.195710E+02
  0.195717E+02
  0.195725E+02
  0.195733E+02
  0.195741E+02
  0.195749E+02
  0.195756E+02
  0.195764E+02
  0.195772E+02
  0.195780E+02
  0.195787E+02
  0.195795E+02
  0.195803E+02
  0.195811E+02
  0.195819E+02
  0.195826E+02
  0.195834E+02
  0.195842E+02
  0.195850E+02
  0.195857E+02
  0.195865E+02
  0.195873E+02
  0.195881E+02
  0.195889E+02
  0.195896E+02
  0.195904E+02
  0.195912E+02
  0.195920E+02
  0.195927E+02
  0.195935E+02
  0.195943E+02
  0.195951E+02
  0.195959E+02
  0.195966E+02
  0.195974E+02
  0.195982E+02
  0.195990E+02
  0.195997E+02
  0.196005E+02
  0.196013E+02
  0.196021E+02
  0.196028E+02
  0.196036E+02
  0.196044E+02
  0.196052E+02
  0.196059E+02
  0.196067E+02
  0.196075E+02
  0.196083E+02
  0.196090E+02
  0.196098E+02
  0.196106E+02
  0.196114E+02
  0.196121E+02
  0.196129E+02
  0.196137E+02
  0.196145E+02
  0.196152E+02
  0.196160E+02
  0.196168E+02
  0.196176E+02
  0.196183E+02
  0.196191E+02
  0.196199E+02
  0.196207E+02
  0.196214E+02
  0.196222E+02
  0.196230E+02
  0.196238E+02
  0.196245E+02
  0.196253E+02
  0.196261E+02
  0.196269E+02
  0.196276E+02
  0.196284E+02
  0.196292E+02
  0.196300E+02
  0.196307E+02
  0.196315E+02
  0.196323E+02
  0.196330E+02
  0.196338E+02
  0.196346E+02
  0.196354E+02
  0.196361E+02
  0.196369E+02
  0.196377E+02
  0.196385E+02
  0.196392E+02
  0.196400E+02
  0.196408E+02
  0.196415E+02
  0.196423E+02
  0.196431E+02
  0.196439E+02
  0.196446E+02
  0.196454E+02
  0.196462E+02
  0.196470E+02
  0.196477E+02
  0.196485E+02
  0.196493E+02
  0.196500E+02
  0.196508E+02
  0.196516E+02
  0.196524E+02
  0.196531E+02
  0.196539E+02
  0.196547E+02
  0.196554E+02
  0.196562E+02
  0.196570E+02
  0.196578E+02
  0.196585E+02
  0.196593E+02
  0.196601E+02
  0.196608E+02
  0.196616E+02
  0.196624E+02
  0.196631E+02
  0.196639E+02
  0.196647E+02
  0.196655E+02
  0.196662E+02
  0.196670E+02
  0.196678E+02
  0.196685E+02
  0.196693E+02
  0.196701E+02
  0.196709E+02
  0.196716E+02
  0.196724E+02
  0.196732E+02
  0.196739E+02
  0.196747E+02
  0.196755E+02
  0.196762E+02
  0.196770E+02
  0.196778E+02
  0.196785E+02
  0.196793E+02
  0.196801E+02
  0.196808E+02
  0.196816E+02
  0.196824E+02
  0.196832E+02
  0.196839E+02
  0.196847E+02
  0.196855E+02
  0.196862E+02
  0.196870E+02
  0.196878E+02
  0.196885E+02
  0.196893E+02
  0.196901E+02
  0.196908E+02
  0.196916E+02
  0.196924E+02
  0.196931E+02
  0.196939E+02
  0.196947E+02
  0.196954E+02
  0.196962E+02
  0.196970E+02
  0.196977E+02
  0.196985E+02
  0.196993E+02
  0.197000E+02
  0.197008E+02
  0.197016E+02
  0.197023E+02
  0.197031E+02
  0.197039E+02
  0.197046E+02
  0.197054E+02
  0.197062E+02
  0.197069E+02
  0.197077E+02
  0.197085E+02
  0.197092E+02
  0.197100E+02
  0.197108E+02
  0.197115E+02
  0.197123E+02
  0.197131E+02
  0.197138E+02
  0.197146E+02
  0.197154E+02
  0.197161E+02
  0.197169E+02
  0.197177E+02
  0.197184E+02
  0.197192E+02
  0.197200E+02
  0.197207E+02
  0.197215E+02
  0.197223E+02
  0.197230E+02
  0.197238E+02
  0.197246E+02
  0.197253E+02
  0.197261E+02
  0.197268E+02
  0.197276E+02
  0.197284E+02
  0.197291E+02
  0.197299E+02
  0.197307E+02
  0.197314E+02
  0.197322E+02
  0.197330E+02
  0.197337E+02
  0.197345E+02
  0.197353E+02
  0.197360E+02
  0.197368E+02
  0.197375E+02
  0.197383E+02
  0.197391E+02
  0.197398E+02
  0.197406E+02
  0.197414E+02
  0.197421E+02
  0.197429E+02
  0.197436E+02
  0.197444E+02
  0.197452E+02
  0.197459E+02
  0.197467E+02
  0.197475E+02
  0.197482E+02
  0.197490E+02
  0.197498E+02
  0.197505E+02
  0.197513E+02
  0.197520E+02
  0.197528E+02
  0.197536E+02
  0.197543E+02
  0.197551E+02
  0.197558E+02
  0.197566E+02
  0.197574E+02
  0.197581E+02
  0.197589E+02
  0.197597E+02
  0.197604E+02
  0.197612E+02
  0.197619E+02
  0.197627E+02
  0.197635E+02
  0.197642E+02
  0.197650E+02
  0.197657E+02
  0.197665E+02
  0.197673E+02
  0.197680E+02
  0.197688E+02
  0.197696E+02
  0.197703E+02
  0.197711E+02
  0.197718E+02
  0.197726E+02
  0.197734E+02
  0.197741E+02
  0.197749E+02
  0.197756E+02
  0.197764E+02
  0.197772E+02
  0.197779E+02
  0.197787E+02
  0.197794E+02
  0.197802E+02
  0.197810E+02
  0.197817E+02
  0.197825E+02
  0.197832E+02
  0.197840E+02
  0.197847E+02
  0.197855E+02
  0.197863E+02
  0.197870E+02
  0.197878E+02
  0.197885E+02
  0.197893E+02
  0.197901E+02
  0.197908E+02
  0.197916E+02
  0.197923E+02
  0.197931E+02
  0.197939E+02
  0.197946E+02
  0.197954E+02
  0.197961E+02
  0.197969E+02
  0.197976E+02
  0.197984E+02
  0.197992E+02
  0.197999E+02
  0.198007E+02
  0.198014E+02
  0.198022E+02
  0.198029E+02
  0.198037E+02
  0.198045E+02
  0.198052E+02
  0.198060E+02
  0.198067E+02
  0.198075E+02
  0.198082E+02
  0.198090E+02
  0.198098E+02
  0.198105E+02
  0.198113E+02
  0.198120E+02
  0.198128E+02
  0.198135E+02
  0.198143E+02
  0.198151E+02
  0.198158E+02
  0.198166E+02
  0.198173E+02
  0.198181E+02
  0.198188E+02
  0.198196E+02
  0.198204E+02
  0.198211E+02
  0.198219E+02
  0.198226E+02
  0.198234E+02
  0.198241E+02
  0.198249E+02
  0.198256E+02
  0.198264E+02
  0.198272E+02
  0.198279E+02
  0.198287E+02
  0.198294E+02
  0.198302E+02
  0.198309E+02
  0.198317E+02
  0.198324E+02
  0.198332E+02
  0.198340E+02
  0.198347E+02
  0.198355E+02
  0.198362E+02
  0.198370E+02
  0.198377E+02
  0.198385E+02
  0.198392E+02
  0.198400E+02
  0.198407E+02
  0.198415E+02
  0.198422E+02
  0.198430E+02
  0.198438E+02
  0.198445E+02
  0.198453E+02
  0.198460E+02
  0.198468E+02
  0.198475E+02
  0.198483E+02
  0.198490E+02
  0.198498E+02
  0.198505E+02
  0.198513E+02
  0.198520E+02
  0.198528E+02
  0.198535E+02
  0.198543E+02
  0.198551E+02
  0.198558E+02
  0.198566E+02
  0.198573E+02
  0.198581E+02
  0.198588E+02
  0.198596E+02
  0.198603E+02
  0.198611E+02
  0.198618E+02
  0.198626E+02
  0.198633E+02
  0.198641E+02
  0.198648E+02
  0.198656E+02
  0.198663E+02
  0.198671E+02
  0.198678E+02
  0.198686E+02
  0.198693E+02
  0.198701E+02
  0.198709E+02
  0.198716E+02
  0.198724E+02
  0.198731E+02
  0.198739E+02
  0.198746E+02
  0.198754E+02
  0.198761E+02
  0.198769E+02
  0.198776E+02
  0.198784E+02
  0.198791E+02
  0.198799E+02
  0.198806E+02
  0.198814E+02
  0.198821E+02
  0.198829E+02
  0.198836E+02
  0.198844E+02
  0.198851E+02
  0.198859E+02
  0.198866E+02
  0.198874E+02
  0.198881E+02
  0.198889E+02
  0.198896E+02
  0.198904E+02
  0.198911E+02
  0.198919E+02
  0.198926E+02
  0.198934E+02
  0.198941E+02
  0.198949E+02
  0.198956E+02
  0.198964E+02
  0.198971E+02
  0.198979E+02
  0.198986E+02
  0.198994E+02
  0.199001E+02
  0.199009E+02
  0.199016E+02
  0.199023E+02
  0.199031E+02
  0.199038E+02
  0.199046E+02
  0.199053E+02
  0.199061E+02
  0.199068E+02
  0.199076E+02
  0.199083E+02
  0.199091E+02
  0.199098E+02
  0.199106E+02
  0.199113E+02
  0.199121E+02
  0.199128E+02
  0.199136E+02
  0.199143E+02
  0.199151E+02
  0.199158E+02
  0.199166E+02
  0.199173E+02
  0.199181E+02
  0.199188E+02
  0.199195E+02
  0.199203E+02
  0.199210E+02
  0.199218E+02
  0.199225E+02
  0.199233E+02
  0.199240E+02
  0.199248E+02
  0.199255E+02
  0.199263E+02
  0.199270E+02
  0.199278E+02
  0.199285E+02
  0.199293E+02
  0.199300E+02
  0.199307E+02
  0.199315E+02
  0.199322E+02
  0.199330E+02
  0.199337E+02
  0.199345E+02
  0.199352E+02
  0.199360E+02
  0.199367E+02
  0.199375E+02
  0.199382E+02
  0.199389E+02
  0.199397E+02
  0.199404E+02
  0.199412E+02
  0.199419E+02
  0.199427E+02
  0.199434E+02
  0.199442E+02
  0.199449E+02
  0.199457E+02
  0.199464E+02
  0.199471E+02
  0.199479E+02
  0.199486E+02
  0.199494E+02
  0.199501E+02
  0.199509E+02
  0.199516E+02
  0.199524E+02
  0.199531E+02
  0.199538E+02
  0.199546E+02
  0.199553E+02
  0.199561E+02
  0.199568E+02
  0.199576E+02
  0.199583E+02
  0.199590E+02
  0.199598E+02
  0.199605E+02
  0.199613E+02
  0.199620E+02
  0.199628E+02
  0.199635E+02
  0.199643E+02
  0.199650E+02
  0.199657E+02
  0.199665E+02
  0.199672E+02
  0.199680E+02
  0.199687E+02
  0.199695E+02
  0.199702E+02
  0.199709E+02
  0.199717E+02
  0.199724E+02
  0.199732E+02
  0.199739E+02
  0.199746E+02
  0.199754E+02
  0.199761E+02
  0.199769E+02
  0.199776E+02
  0.199784E+02
  0.199791E+02
  0.199798E+02
  0.199806E+02
  0.199813E+02
  0.199821E+02
  0.199828E+02
  0.199835E+02
  0.199843E+02
  0.199850E+02
  0.199858E+02
  0.199865E+02
  0.199873E+02
  0.199880E+02
  0.199887E+02
  0.199895E+02
  0.199902E+02
  0.199910E+02
  0.199917E+02
  0.199924E+02
  0.199932E+02
  0.199939E+02
  0.199947E+02
  0.199954E+02
  0.199961E+02
  0.199969E+02
  0.199976E+02
  0.199984E+02
  0.199991E+02
  0.199998E+02
  0.200006E+02
  0.200013E+02
  0.200021E+02
  0.200028E+02
  0.200035E+02
  0.200043E+02
  0.200050E+02
  0.200058E+02
  0.200065E+02
  0.200072E+02
  0.200080E+02
  0.200087E+02
  0.200095E+02
  0.200102E+02
  0.200109E+02
  0.200117E+02
  0.200124E+02
  0.200132E+02
  0.200139E+02
  0.200146E+02
  0.200154E+02
  0.200161E+02
  0.200168E+02
  0.200176E+02
  0.200183E+02
  0.200191E+02
  0.200198E+02
  0.200205E+02
  0.200213E+02
  0.200220E+02
  0.200227E+02
  0.200235E+02
  0.200242E+02
  0.200250E+02
  0.200257E+02
  0.200264E+02
  0.200272E+02
  0.200279E+02
  0.200287E+02
  0.200294E+02
  0.200301E+02
  0.200309E+02
  0.200316E+02
  0.200323E+02
  0.200331E+02
  0.200338E+02
  0.200346E+02
  0.200353E+02
  0.200360E+02
  0.200368E+02
  0.200375E+02
  0.200382E+02
  0.200390E+02
  0.200397E+02
  0.200404E+02
  0.200412E+02
  0.200419E+02
  0.200427E+02
  0.200434E+02
  0.200441E+02
  0.200449E+02
  0.200456E+02
  0.200463E+02
  0.200471E+02
  0.200478E+02
  0.200485E+02
  0.200493E+02
  0.200500E+02
  0.200507E+02
  0.200515E+02
  0.200522E+02
  0.200530E+02
  0.200537E+02
  0.200544E+02
  0.200552E+02
  0.200559E+02
  0.200566E+02
  0.200574E+02
  0.200581E+02
  0.200588E+02
  0.200596E+02
  0.200603E+02
  0.200610E+02
  0.200618E+02
  0.200625E+02
  0.200632E+02
  0.200640E+02
  0.200647E+02
  0.200655E+02
  0.200662E+02
  0.200669E+02
  0.200677E+02
  0.200684E+02
  0.200691E+02
  0.200699E+02
  0.200706E+02
  0.200713E+02
  0.200721E+02
  0.200728E+02
  0.200735E+02
  0.200743E+02
  0.200750E+02
  0.200757E+02
  0.200765E+02
  0.200772E+02
  0.200779E+02
  0.200787E+02
  0.200794E+02
  0.200801E+02
  0.200809E+02
  0.200816E+02
  0.200823E+02
  0.200831E+02
  0.200838E+02
  0.200845E+02
  0.200853E+02
  0.200860E+02
  0.200867E+02
  0.200875E+02
  0.200882E+02
  0.200889E+02
  0.200897E+02
  0.200904E+02
  0.200911E+02
  0.200919E+02
  0.200926E+02
  0.200933E+02
  0.200940E+02
  0.200948E+02
  0.200955E+02
  0.200962E+02
  0.200970E+02
  0.200977E+02
  0.200984E+02
  0.200992E+02
  0.200999E+02
  0.201006E+02
  0.201014E+02
  0.201021E+02
  0.201028E+02
  0.201036E+02
  0.201043E+02
  0.201050E+02
  0.201058E+02
  0.201065E+02
  0.201072E+02
  0.201079E+02
  0.201087E+02
  0.201094E+02
  0.201101E+02
  0.201109E+02
  0.201116E+02
  0.201123E+02
  0.201131E+02
  0.201138E+02
  0.201145E+02
  0.201153E+02
  0.201160E+02
  0.201167E+02
  0.201174E+02
  0.201182E+02
  0.201189E+02
  0.201196E+02
  0.201204E+02
  0.201211E+02
  0.201218E+02
  0.201226E+02
  0.201233E+02
  0.201240E+02
  0.201247E+02
  0.201255E+02
  0.201262E+02
  0.201269E+02
  0.201277E+02
  0.201284E+02
  0.201291E+02
  0.201299E+02
  0.201306E+02
  0.201313E+02
  0.201320E+02
  0.201328E+02
  0.201335E+02
  0.201342E+02
  0.201350E+02
  0.201357E+02
  0.201364E+02
  0.201371E+02
  0.201379E+02
  0.201386E+02
  0.201393E+02
  0.201401E+02
  0.201408E+02
  0.201415E+02
  0.201422E+02
  0.201430E+02
  0.201437E+02
  0.201444E+02
  0.201452E+02
  0.201459E+02
  0.201466E+02
  0.201473E+02
  0.201481E+02
  0.201488E+02
  0.201495E+02
  0.201502E+02
  0.201510E+02
  0.201517E+02
  0.201524E+02
  0.201532E+02
  0.201539E+02
  0.201546E+02
  0.201553E+02
  0.201561E+02
  0.201568E+02
  0.201575E+02
  0.201582E+02
  0.201590E+02
  0.201597E+02
  0.201604E+02
  0.201612E+02
  0.201619E+02
  0.201626E+02
  0.201633E+02
  0.201641E+02
  0.201648E+02
  0.201655E+02
  0.201662E+02
  0.201670E+02
  0.201677E+02
  0.201684E+02
  0.201691E+02
  0.201699E+02
  0.201706E+02
  0.201713E+02
  0.201720E+02
  0.201728E+02
  0.201735E+02
  0.201742E+02
  0.201749E+02
  0.201757E+02
  0.201764E+02
  0.201771E+02
  0.201778E+02
  0.201786E+02
  0.201793E+02
  0.201800E+02
  0.201807E+02
  0.201815E+02
  0.201822E+02
  0.201829E+02
  0.201836E+02
  0.201844E+02
  0.201851E+02
  0.201858E+02
  0.201865E+02
  0.201873E+02
  0.201880E+02
  0.201887E+02
  0.201894E+02
  0.201902E+02
  0.201909E+02
  0.201916E+02
  0.201923E+02
  0.201931E+02
  0.201938E+02
  0.201945E+02
  0.201952E+02
  0.201960E+02
  0.201967E+02
  0.201974E+02
  0.201981E+02
  0.201989E+02
  0.201996E+02
  0.202003E+02
  0.202010E+02
  0.202017E+02
  0.202025E+02
  0.202032E+02
  0.202039E+02
  0.202046E+02
  0.202054E+02
  0.202061E+02
  0.202068E+02
  0.202075E+02
  0.202083E+02
  0.202090E+02
  0.202097E+02
  0.202104E+02
  0.202111E+02
  0.202119E+02
  0.202126E+02
  0.202133E+02
  0.202140E+02
  0.202148E+02
  0.202155E+02
  0.202162E+02
  0.202169E+02
  0.202176E+02
  0.202184E+02
  0.202191E+02
  0.202198E+02
  0.202205E+02
  0.202213E+02
  0.202220E+02
  0.202227E+02
  0.202234E+02
  0.202241E+02
  0.202249E+02
  0.202256E+02
  0.202263E+02
  0.202270E+02
  0.202278E+02
  0.202285E+02
  0.202292E+02
  0.202299E+02
  0.202306E+02
  0.202314E+02
  0.202321E+02
  0.202328E+02
  0.202335E+02
  0.202342E+02
  0.202350E+02
  0.202357E+02
  0.202364E+02
  0.202371E+02
  0.202378E+02
  0.202386E+02
  0.202393E+02
  0.202400E+02
  0.202407E+02
  0.202414E+02
  0.202422E+02
  0.202429E+02
  0.202436E+02
  0.202443E+02
  0.202450E+02
  0.202458E+02
  0.202465E+02
  0.202472E+02
  0.202479E+02
  0.202486E+02
  0.202494E+02
  0.202501E+02
  0.202508E+02
  0.202515E+02
  0.202522E+02
  0.202530E+02
  0.202537E+02
  0.202544E+02
  0.202551E+02
  0.202558E+02
  0.202566E+02
  0.202573E+02
  0.202580E+02
  0.202587E+02
  0.202594E+02
  0.202601E+02
  0.202609E+02
  0.202616E+02
  0.202623E+02
  0.202630E+02
  0.202637E+02
  0.202645E+02
  0.202652E+02
  0.202659E+02
  0.202666E+02
  0.202673E+02
  0.202680E+02
  0.202688E+02
  0.202695E+02
  0.202702E+02
  0.202709E+02
  0.202716E+02
  0.202724E+02
  0.202731E+02
  0.202738E+02
  0.202745E+02
  0.202752E+02
  0.202759E+02
  0.202767E+02
  0.202774E+02
  0.202781E+02
  0.202788E+02
  0.202795E+02
  0.202802E+02
  0.202810E+02
  0.202817E+02
  0.202824E+02
  0.202831E+02
  0.202838E+02
  0.202845E+02
  0.202853E+02
  0.202860E+02
  0.202867E+02
  0.202874E+02
  0.202881E+02
  0.202888E+02
  0.202896E+02
  0.202903E+02
  0.202910E+02
  0.202917E+02
  0.202924E+02
  0.202931E+02
  0.202939E+02
  0.202946E+02
  0.202953E+02
  0.202960E+02
  0.202967E+02
  0.202974E+02
  0.202982E+02
  0.202989E+02
  0.202996E+02
  0.203003E+02
  0.203010E+02
  0.203017E+02
  0.203024E+02
  0.203032E+02
  0.203039E+02
  0.203046E+02
  0.203053E+02
  0.203060E+02
  0.203067E+02
  0.203075E+02
  0.203082E+02
  0.203089E+02
  0.203096E+02
  0.203103E+02
  0.203110E+02
  0.203117E+02
  0.203125E+02
  0.203132E+02
  0.203139E+02
  0.203146E+02
  0.203153E+02
  0.203160E+02
  0.203167E+02
  0.203175E+02
  0.203182E+02
  0.203189E+02
  0.203196E+02
  0.203203E+02
  0.203210E+02
  0.203217E+02
  0.203225E+02
  0.203232E+02
  0.203239E+02
  0.203246E+02
  0.203253E+02
  0.203260E+02
  0.203267E+02
  0.203274E+02
  0.203282E+02
  0.203289E+02
  0.203296E+02
  0.203303E+02
  0.203310E+02
  0.203317E+02
  0.203324E+02
  0.203331E+02
  0.203339E+02
  0.203346E+02
  0.203353E+02
  0.203360E+02
  0.203367E+02
  0.203374E+02
  0.203381E+02
  0.203388E+02
  0.203396E+02
  0.203403E+02
  0.203410E+02
  0.203417E+02
  0.203424E+02
  0.203431E+02
  0.203438E+02
  0.203445E+02
  0.203453E+02
  0.203460E+02
  0.203467E+02
  0.203474E+02
  0.203481E+02
  0.203488E+02
  0.203495E+02
  0.203502E+02
  0.203510E+02
  0.203517E+02
  0.203524E+02
  0.203531E+02
  0.203538E+02
  0.203545E+02
  0.203552E+02
  0.203559E+02
  0.203566E+02
  0.203574E+02
  0.203581E+02
  0.203588E+02
  0.203595E+02
  0.203602E+02
  0.203609E+02
  0.203616E+02
  0.203623E+02
  0.203630E+02
  0.203637E+02
  0.203645E+02
  0.203652E+02
  0.203659E+02
  0.203666E+02
  0.203673E+02
  0.203680E+02
  0.203687E+02
  0.203694E+02
  0.203701E+02
  0.203708E+02
  0.203716E+02
  0.203723E+02
  0.203730E+02
  0.203737E+02
  0.203744E+02
  0.203751E+02
  0.203758E+02
  0.203765E+02
  0.203772E+02
  0.203779E+02
  0.203787E+02
  0.203794E+02
  0.203801E+02
  0.203808E+02
  0.203815E+02
  0.203822E+02
  0.203829E+02
  0.203836E+02
  0.203843E+02
  0.203850E+02
  0.203857E+02
  0.203865E+02
  0.203872E+02
  0.203879E+02
  0.203886E+02
  0.203893E+02
  0.203900E+02
  0.203907E+02
  0.203914E+02
  0.203921E+02
  0.203928E+02
  0.203935E+02
  0.203942E+02
  0.203950E+02
  0.203957E+02
  0.203964E+02
  0.203971E+02
  0.203978E+02
  0.203985E+02
  0.203992E+02
  0.203999E+02
  0.204006E+02
  0.204013E+02
  0.204020E+02
  0.204027E+02
  0.204034E+02
  0.204041E+02
  0.204049E+02
  0.204056E+02
  0.204063E+02
  0.204070E+02
  0.204077E+02
  0.204084E+02
  0.204091E+02
  0.204098E+02
  0.204105E+02
  0.204112E+02
  0.204119E+02
  0.204126E+02
  0.204133E+02
  0.204140E+02
  0.204148E+02
  0.204155E+02
  0.204162E+02
  0.204169E+02
  0.204176E+02
  0.204183E+02
  0.204190E+02
  0.204197E+02
  0.204204E+02
  0.204211E+02
  0.204218E+02
  0.204225E+02
  0.204232E+02
  0.204239E+02
  0.204246E+02
  0.204253E+02
  0.204260E+02
  0.204268E+02
  0.204275E+02
  0.204282E+02
  0.204289E+02
  0.204296E+02
  0.204303E+02
  0.204310E+02
  0.204317E+02
  0.204324E+02
  0.204331E+02
  0.204338E+02
  0.204345E+02
  0.204352E+02
  0.204359E+02
  0.204366E+02
  0.204373E+02
  0.204380E+02
  0.204387E+02
  0.204394E+02
  0.204401E+02
  0.204409E+02
  0.204416E+02
  0.204423E+02
  0.204430E+02
  0.204437E+02
  0.204444E+02
  0.204451E+02
  0.204458E+02
  0.204465E+02
  0.204472E+02
  0.204479E+02
  0.204486E+02
  0.204493E+02
  0.204500E+02
  0.204507E+02
  0.204514E+02
  0.204521E+02
  0.204528E+02
  0.204535E+02
  0.204542E+02
  0.204549E+02
  0.204556E+02
  0.204563E+02
  0.204570E+02
  0.204577E+02
  0.204584E+02
  0.204591E+02
  0.204598E+02
  0.204606E+02
  0.204613E+02
  0.204620E+02
  0.204627E+02
  0.204634E+02
  0.204641E+02
  0.204648E+02
  0.204655E+02
  0.204662E+02
  0.204669E+02
  0.204676E+02
  0.204683E+02
  0.204690E+02
  0.204697E+02
  0.204704E+02
  0.204711E+02
  0.204718E+02
  0.204725E+02
  0.204732E+02
  0.204739E+02
  0.204746E+02
  0.204753E+02
  0.204760E+02
  0.204767E+02
  0.204774E+02
  0.204781E+02
  0.204788E+02
  0.204795E+02
  0.204802E+02
  0.204809E+02
  0.204816E+02
  0.204823E+02
  0.204830E+02
  0.204837E+02
  0.204844E+02
  0.204851E+02
  0.204858E+02
  0.204865E+02
  0.204872E+02
  0.204879E+02
  0.204886E+02
  0.204893E+02
  0.204900E+02
  0.204907E+02
  0.204914E+02
  0.204921E+02
  0.204928E+02
  0.204935E+02
  0.204942E+02
  0.204949E+02
  0.204956E+02
  0.204963E+02
  0.204970E+02
  0.204977E+02
  0.204984E+02
  0.204991E+02
  0.204998E+02
  0.205005E+02
  0.205012E+02
  0.205019E+02
  0.205026E+02
  0.205033E+02
  0.205040E+02
  0.205047E+02
  0.205054E+02
  0.205061E+02
  0.205068E+02
  0.205075E+02
  0.205082E+02
  0.205089E+02
  0.205096E+02
  0.205103E+02
  0.205110E+02
  0.205117E+02
  0.205124E+02
  0.205131E+02
  0.205138E+02
  0.205145E+02
  0.205152E+02
  0.205159E+02
  0.205166E+02
  0.205173E+02
  0.205180E+02
  0.205187E+02
  0.205194E+02
  0.205201E+02
  0.205208E+02
  0.205215E+02
  0.205222E+02
  0.205229E+02
  0.205236E+02
  0.205243E+02
  0.205250E+02
  0.205257E+02
  0.205264E+02
  0.205271E+02
  0.205278E+02
  0.205285E+02
  0.205292E+02
  0.205299E+02
  0.205306E+02
  0.205313E+02
  0.205320E+02
  0.205327E+02
  0.205334E+02
  0.205341E+02
  0.205348E+02
  0.205354E+02
  0.205361E+02
  0.205368E+02
  0.205375E+02
  0.205382E+02
  0.205389E+02
  0.205396E+02
  0.205403E+02
  0.205410E+02
  0.205417E+02
  0.205424E+02
  0.205431E+02
  0.205438E+02
  0.205445E+02
  0.205452E+02
  0.205459E+02
  0.205466E+02
  0.205473E+02
  0.205480E+02
  0.205487E+02
  0.205494E+02
  0.205501E+02
  0.205508E+02
  0.205515E+02
  0.205522E+02
  0.205529E+02
  0.205536E+02
  0.205543E+02
  0.205550E+02
  0.205556E+02
  0.205563E+02
  0.205570E+02
  0.205577E+02
  0.205584E+02
  0.205591E+02
  0.205598E+02
  0.205605E+02
  0.205612E+02
  0.205619E+02
  0.205626E+02
  0.205633E+02
  0.205640E+02
  0.205647E+02
  0.205654E+02
  0.205661E+02
  0.205668E+02
  0.205675E+02
  0.205682E+02
  0.205689E+02
  0.205696E+02
  0.205702E+02
  0.205709E+02
  0.205716E+02
  0.205723E+02
  0.205730E+02
  0.205737E+02
  0.205744E+02
  0.205751E+02
  0.205758E+02
  0.205765E+02
  0.205772E+02
  0.205779E+02
  0.205786E+02
  0.205793E+02
  0.205800E+02
  0.205807E+02
  0.205814E+02
  0.205821E+02
  0.205827E+02
  0.205834E+02
  0.205841E+02
  0.205848E+02
  0.205855E+02
  0.205862E+02
  0.205869E+02
  0.205876E+02
  0.205883E+02
  0.205890E+02
  0.205897E+02
  0.205904E+02
  0.205911E+02
  0.205918E+02
  0.205925E+02
  0.205932E+02
  0.205938E+02
  0.205945E+02
  0.205952E+02
  0.205959E+02
  0.205966E+02
  0.205973E+02
  0.205980E+02
  0.205987E+02
  0.205994E+02
  0.206001E+02
  0.206008E+02
  0.206015E+02
  0.206022E+02
  0.206029E+02
  0.206035E+02
  0.206042E+02
  0.206049E+02
  0.206056E+02
  0.206063E+02
  0.206070E+02
  0.206077E+02
  0.206084E+02
  0.206091E+02
  0.206098E+02
  0.206105E+02
  0.206112E+02
  0.206119E+02
  0.206125E+02
  0.206132E+02
  0.206139E+02
  0.206146E+02
  0.206153E+02
  0.206160E+02
  0.206167E+02
  0.206174E+02
  0.206181E+02
  0.206188E+02
  0.206195E+02
  0.206202E+02
  0.206208E+02
  0.206215E+02
  0.206222E+02
  0.206229E+02
  0.206236E+02
  0.206243E+02
  0.206250E+02
  0.206257E+02
  0.206264E+02
  0.206271E+02
  0.206278E+02
  0.206284E+02
  0.206291E+02
  0.206298E+02
  0.206305E+02
  0.206312E+02
  0.206319E+02
  0.206326E+02
  0.206333E+02
  0.206340E+02
  0.206347E+02
  0.206353E+02
  0.206360E+02
  0.206367E+02
  0.206374E+02
  0.206381E+02
  0.206388E+02
  0.206395E+02
  0.206402E+02
  0.206409E+02
  0.206416E+02
  0.206422E+02
  0.206429E+02
  0.206436E+02
  0.206443E+02
  0.206450E+02
  0.206457E+02
  0.206464E+02
  0.206471E+02
  0.206478E+02
  0.206485E+02
  0.206491E+02
  0.206498E+02
  0.206505E+02
  0.206512E+02
  0.206519E+02
  0.206526E+02
  0.206533E+02
  0.206540E+02
  0.206547E+02
  0.206553E+02
  0.206560E+02
  0.206567E+02
  0.206574E+02
  0.206581E+02
  0.206588E+02
  0.206595E+02
  0.206602E+02
  0.206609E+02
  0.206615E+02
  0.206622E+02
  0.206629E+02
  0.206636E+02
  0.206643E+02
  0.206650E+02
  0.206657E+02
  0.206664E+02
  0.206670E+02
  0.206677E+02
  0.206684E+02
  0.206691E+02
  0.206698E+02
  0.206705E+02
  0.206712E+02
  0.206719E+02
  0.206726E+02
  0.206732E+02
  0.206739E+02
  0.206746E+02
  0.206753E+02
  0.206760E+02
  0.206767E+02
  0.206774E+02
  0.206781E+02
  0.206787E+02
  0.206794E+02
  0.206801E+02
  0.206808E+02
  0.206815E+02
  0.206822E+02
  0.206829E+02
  0.206835E+02
  0.206842E+02
  0.206849E+02
  0.206856E+02
  0.206863E+02
  0.206870E+02
  0.206877E+02
  0.206884E+02
  0.206890E+02
  0.206897E+02
  0.206904E+02
  0.206911E+02
  0.206918E+02
  0.206925E+02
  0.206932E+02
  0.206938E+02
  0.206945E+02
  0.206952E+02
  0.206959E+02
  0.206966E+02
  0.206973E+02
  0.206980E+02
  0.206986E+02
  0.206993E+02
  0.207000E+02
  0.207007E+02
  0.207014E+02
  0.207021E+02
  0.207028E+02
  0.207034E+02
  0.207041E+02
  0.207048E+02
  0.207055E+02
  0.207062E+02
  0.207069E+02
  0.207076E+02
  0.207082E+02
  0.207089E+02
  0.207096E+02
  0.207103E+02
  0.207110E+02
  0.207117E+02
  0.207124E+02
  0.207130E+02
  0.207137E+02
  0.207144E+02
  0.207151E+02
  0.207158E+02
  0.207165E+02
  0.207172E+02
  0.207178E+02
  0.207185E+02
  0.207192E+02
  0.207199E+02
  0.207206E+02
  0.207213E+02
  0.207219E+02
  0.207226E+02
  0.207233E+02
  0.207240E+02
  0.207247E+02
  0.207254E+02
  0.207260E+02
  0.207267E+02
  0.207274E+02
  0.207281E+02
  0.207288E+02
  0.207295E+02
  0.207302E+02
  0.207308E+02
  0.207315E+02
  0.207322E+02
  0.207329E+02
  0.207336E+02
  0.207343E+02
  0.207349E+02
  0.207356E+02
  0.207363E+02
  0.207370E+02
  0.207377E+02
  0.207384E+02
  0.207390E+02
  0.207397E+02
  0.207404E+02
  0.207411E+02
  0.207418E+02
  0.207424E+02
  0.207431E+02
  0.207438E+02
  0.207445E+02
  0.207452E+02
  0.207459E+02
  0.207465E+02
  0.207472E+02
  0.207479E+02
  0.207486E+02
  0.207493E+02
  0.207500E+02
  0.207506E+02
  0.207513E+02
  0.207520E+02
  0.207527E+02
  0.207534E+02
  0.207541E+02
  0.207547E+02
  0.207554E+02
  0.207561E+02
  0.207568E+02
  0.207575E+02
  0.207581E+02
  0.207588E+02
  0.207595E+02
  0.207602E+02
  0.207609E+02
  0.207616E+02
  0.207622E+02
  0.207629E+02
  0.207636E+02
  0.207643E+02
  0.207650E+02
  0.207656E+02
  0.207663E+02
  0.207670E+02
  0.207677E+02
  0.207684E+02
  0.207690E+02
  0.207697E+02
  0.207704E+02
  0.207711E+02
  0.207718E+02
  0.207725E+02
  0.207731E+02
  0.207738E+02
  0.207745E+02
  0.207752E+02
  0.207759E+02
  0.207765E+02
  0.207772E+02
  0.207779E+02
  0.207786E+02
  0.207793E+02
  0.207799E+02
  0.207806E+02
  0.207813E+02
  0.207820E+02
  0.207827E+02
  0.207833E+02
  0.207840E+02
  0.207847E+02
  0.207854E+02
  0.207861E+02
  0.207867E+02
  0.207874E+02
  0.207881E+02
  0.207888E+02
  0.207895E+02
  0.207901E+02
  0.207908E+02
  0.207915E+02
  0.207922E+02
  0.207929E+02
  0.207935E+02
  0.207942E+02
  0.207949E+02
  0.207956E+02
  0.207963E+02
  0.207969E+02
  0.207976E+02
  0.207983E+02
  0.207990E+02
  0.207996E+02
  0.208003E+02
  0.208010E+02
  0.208017E+02
  0.208024E+02
  0.208030E+02
  0.208037E+02
  0.208044E+02
  0.208051E+02
  0.208058E+02
  0.208064E+02
  0.208071E+02
  0.208078E+02
  0.208085E+02
  0.208091E+02
  0.208098E+02
  0.208105E+02
  0.208112E+02
  0.208119E+02
  0.208125E+02
  0.208132E+02
  0.208139E+02
  0.208146E+02
  0.208153E+02
  0.208159E+02
  0.208166E+02
  0.208173E+02
  0.208180E+02
  0.208186E+02
  0.208193E+02
  0.208200E+02
  0.208207E+02
  0.208214E+02
  0.208220E+02
  0.208227E+02
  0.208234E+02
  0.208241E+02
  0.208247E+02
  0.208254E+02
  0.208261E+02
  0.208268E+02
  0.208274E+02
  0.208281E+02
  0.208288E+02
  0.208295E+02
  0.208302E+02
  0.208308E+02
  0.208315E+02
  0.208322E+02
  0.208329E+02
  0.208335E+02
  0.208342E+02
  0.208349E+02
  0.208356E+02
  0.208362E+02
  0.208369E+02
  0.208376E+02
  0.208383E+02
  0.208390E+02
  0.208396E+02
  0.208403E+02
  0.208410E+02
  0.208417E+02
  0.208423E+02
  0.208430E+02
  0.208437E+02
  0.208444E+02
  0.208450E+02
  0.208457E+02
  0.208464E+02
  0.208471E+02
  0.208477E+02
  0.208484E+02
  0.208491E+02
  0.208498E+02
  0.208504E+02
  0.208511E+02
  0.208518E+02
  0.208525E+02
  0.208531E+02
  0.208538E+02
  0.208545E+02
  0.208552E+02
  0.208558E+02
  0.208565E+02
  0.208572E+02
  0.208579E+02
  0.208585E+02
  0.208592E+02
  0.208599E+02
  0.208606E+02
  0.208612E+02
  0.208619E+02
  0.208626E+02
  0.208633E+02
  0.208639E+02
  0.208646E+02
  0.208653E+02
  0.208660E+02
  0.208666E+02
  0.208673E+02
  0.208680E+02
  0.208687E+02
  0.208693E+02
  0.208700E+02
  0.208707E+02
  0.208714E+02
  0.208720E+02
  0.208727E+02
  0.208734E+02
  0.208741E+02
  0.208747E+02
  0.208754E+02
  0.208761E+02
  0.208768E+02
  0.208774E+02
  0.208781E+02
  0.208788E+02
  0.208794E+02
  0.208801E+02
  0.208808E+02
  0.208815E+02
  0.208821E+02
  0.208828E+02
  0.208835E+02
  0.208842E+02
  0.208848E+02
  0.208855E+02
  0.208862E+02
  0.208869E+02
  0.208875E+02
  0.208882E+02
  0.208889E+02
  0.208895E+02
  0.208902E+02
  0.208909E+02
  0.208916E+02
  0.208922E+02
  0.208929E+02
  0.208936E+02
  0.208943E+02
  0.208949E+02
  0.208956E+02
  0.208963E+02
  0.208969E+02
  0.208976E+02
  0.208983E+02
  0.208990E+02
  0.208996E+02
  0.209003E+02
  0.209010E+02
  0.209017E+02
  0.209023E+02
  0.209030E+02
  0.209037E+02
  0.209043E+02
  0.209050E+02
  0.209057E+02
  0.209064E+02
  0.209070E+02
  0.209077E+02
  0.209084E+02
  0.209090E+02
  0.209097E+02
  0.209104E+02
  0.209111E+02
  0.209117E+02
  0.209124E+02
  0.209131E+02
  0.209137E+02
  0.209144E+02
  0.209151E+02
  0.209158E+02
  0.209164E+02
  0.209171E+02
  0.209178E+02
  0.209184E+02
  0.209191E+02
  0.209198E+02
  0.209205E+02
  0.209211E+02
  0.209218E+02
  0.209225E+02
  0.209231E+02
  0.209238E+02
  0.209245E+02
  0.209251E+02
  0.209258E+02
  0.209265E+02
  0.209272E+02
  0.209278E+02
  0.209285E+02
  0.209292E+02
  0.209298E+02
  0.209305E+02
  0.209312E+02
  0.209319E+02
  0.209325E+02
  0.209332E+02
  0.209339E+02
  0.209345E+02
  0.209352E+02
  0.209359E+02
  0.209365E+02
  0.209372E+02
  0.209379E+02
  0.209385E+02
  0.209392E+02
  0.209399E+02
  0.209406E+02
  0.209412E+02
  0.209419E+02
  0.209426E+02
  0.209432E+02
  0.209439E+02
  0.209446E+02
  0.209452E+02
  0.209459E+02
  0.209466E+02
  0.209473E+02
  0.209479E+02
  0.209486E+02
  0.209493E+02
  0.209499E+02
  0.209506E+02
  0.209513E+02
  0.209519E+02
  0.209526E+02
  0.209533E+02
  0.209539E+02
  0.209546E+02
  0.209553E+02
  0.209559E+02
  0.209566E+02
  0.209573E+02
  0.209580E+02
  0.209586E+02
  0.209593E+02
  0.209600E+02
  0.209606E+02
  0.209613E+02
  0.209620E+02
  0.209626E+02
  0.209633E+02
  0.209640E+02
  0.209646E+02
  0.209653E+02
  0.209660E+02
  0.209666E+02
  0.209673E+02
  0.209680E+02
  0.209686E+02
  0.209693E+02
  0.209700E+02
  0.209706E+02
  0.209713E+02
  0.209720E+02
  0.209726E+02
  0.209733E+02
  0.209740E+02
  0.209746E+02
  0.209753E+02
  0.209760E+02
  0.209766E+02
  0.209773E+02
  0.209780E+02
  0.209786E+02
  0.209793E+02
  0.209800E+02
  0.209806E+02
  0.209813E+02
  0.209820E+02
  0.209826E+02
  0.209833E+02
  0.209840E+02
  0.209846E+02
  0.209853E+02
  0.209860E+02
  0.209866E+02
  0.209873E+02
  0.209880E+02
  0.209886E+02
  0.209893E+02
  0.209900E+02
  0.209906E+02
  0.209913E+02
  0.209920E+02
  0.209926E+02
  0.209933E+02
  0.209940E+02
  0.209946E+02
  0.209953E+02
  0.209960E+02
  0.209966E+02
  0.209973E+02
  0.209980E+02
  0.209986E+02
  0.209993E+02
  0.210000E+02
  0.210006E+02
  0.210013E+02
  0.210020E+02
  0.210026E+02
  0.210033E+02
  0.210040E+02
  0.210046E+02
  0.210053E+02
  0.210060E+02
  0.210066E+02
  0.210073E+02
  0.210080E+02
  0.210086E+02
  0.210093E+02
  0.210099E+02
  0.210106E+02
  0.210113E+02
  0.210119E+02
  0.210126E+02
  0.210133E+02
  0.210139E+02
  0.210146E+02
  0.210153E+02
  0.210159E+02
  0.210166E+02
  0.210173E+02
  0.210179E+02
  0.210186E+02
  0.210193E+02
  0.210199E+02
  0.210206E+02
  0.210212E+02
  0.210219E+02
  0.210226E+02
  0.210232E+02
  0.210239E+02
  0.210246E+02
  0.210252E+02
  0.210259E+02
  0.210266E+02
  0.210272E+02
  0.210279E+02
  0.210285E+02
  0.210292E+02
  0.210299E+02
  0.210305E+02
  0.210312E+02
  0.210319E+02
  0.210325E+02
  0.210332E+02
  0.210339E+02
  0.210345E+02
  0.210352E+02
  0.210358E+02
  0.210365E+02
  0.210372E+02
  0.210378E+02
  0.210385E+02
  0.210392E+02
  0.210398E+02
  0.210405E+02
  0.210411E+02
  0.210418E+02
  0.210425E+02
  0.210431E+02
  0.210438E+02
  0.210445E+02
  0.210451E+02
  0.210458E+02
  0.210464E+02
  0.210471E+02
  0.210478E+02
  0.210484E+02
  0.210491E+02
  0.210498E+02
  0.210504E+02
  0.210511E+02
  0.210517E+02
  0.210524E+02
  0.210531E+02
  0.210537E+02
  0.210544E+02
  0.210550E+02
  0.210557E+02
  0.210564E+02
  0.210570E+02
  0.210577E+02
  0.210584E+02
  0.210590E+02
  0.210597E+02
  0.210603E+02
  0.210610E+02
  0.210617E+02
  0.210623E+02
  0.210630E+02
  0.210636E+02
  0.210643E+02
  0.210650E+02
  0.210656E+02
  0.210663E+02
  0.210670E+02
  0.210676E+02
  0.210683E+02
  0.210689E+02
  0.210696E+02
  0.210703E+02
  0.210709E+02
  0.210716E+02
  0.210722E+02
  0.210729E+02
  0.210736E+02
  0.210742E+02
  0.210749E+02
  0.210755E+02
  0.210762E+02
  0.210769E+02
  0.210775E+02
  0.210782E+02
  0.210788E+02
  0.210795E+02
  0.210802E+02
  0.210808E+02
  0.210815E+02
  0.210821E+02
  0.210828E+02
  0.210835E+02
  0.210841E+02
  0.210848E+02
  0.210854E+02
  0.210861E+02
  0.210868E+02
  0.210874E+02
  0.210881E+02
  0.210887E+02
  0.210894E+02
  0.210901E+02
  0.210907E+02
  0.210914E+02
  0.210920E+02
  0.210927E+02
  0.210933E+02
  0.210940E+02
  0.210947E+02
  0.210953E+02
  0.210960E+02
  0.210966E+02
  0.210973E+02
  0.210980E+02
  0.210986E+02
  0.210993E+02
  0.210999E+02
  0.211006E+02
  0.211012E+02
  0.211019E+02
  0.211026E+02
  0.211032E+02
  0.211039E+02
  0.211045E+02
  0.211052E+02
  0.211059E+02
  0.211065E+02
  0.211072E+02
  0.211078E+02
  0.211085E+02
  0.211091E+02
  0.211098E+02
  0.211105E+02
  0.211111E+02
  0.211118E+02
  0.211124E+02
  0.211131E+02
  0.211138E+02
  0.211144E+02
  0.211151E+02
  0.211157E+02
  0.211164E+02
  0.211170E+02
  0.211177E+02
  0.211184E+02
  0.211190E+02
  0.211197E+02
  0.211203E+02
  0.211210E+02
  0.211216E+02
  0.211223E+02
  0.211230E+02
  0.211236E+02
  0.211243E+02
  0.211249E+02
  0.211256E+02
  0.211262E+02
  0.211269E+02
  0.211275E+02
  0.211282E+02
  0.211289E+02
  0.211295E+02
  0.211302E+02
  0.211308E+02
  0.211315E+02
  0.211321E+02
  0.211328E+02
  0.211335E+02
  0.211341E+02
  0.211348E+02
  0.211354E+02
  0.211361E+02
  0.211367E+02
  0.211374E+02
  0.211380E+02
  0.211387E+02
  0.211394E+02
  0.211400E+02
  0.211407E+02
  0.211413E+02
  0.211420E+02
  0.211426E+02
  0.211433E+02
  0.211439E+02
  0.211446E+02
  0.211453E+02
  0.211459E+02
  0.211466E+02
  0.211472E+02
  0.211479E+02
  0.211485E+02
  0.211492E+02
  0.211498E+02
  0.211505E+02
  0.211512E+02
  0.211518E+02
  0.211525E+02
  0.211531E+02
  0.211538E+02
  0.211544E+02
  0.211551E+02
  0.211557E+02
  0.211564E+02
  0.211570E+02
  0.211577E+02
  0.211584E+02
  0.211590E+02
  0.211597E+02
  0.211603E+02
  0.211610E+02
  0.211616E+02
  0.211623E+02
  0.211629E+02
  0.211636E+02
  0.211642E+02
  0.211649E+02
  0.211655E+02
  0.211662E+02
  0.211669E+02
  0.211675E+02
  0.211682E+02
  0.211688E+02
  0.211695E+02
  0.211701E+02
  0.211708E+02
  0.211714E+02
  0.211721E+02
  0.211727E+02
  0.211734E+02
  0.211740E+02
  0.211747E+02
  0.211754E+02
  0.211760E+02
  0.211767E+02
  0.211773E+02
  0.211780E+02
  0.211786E+02
  0.211793E+02
  0.211799E+02
  0.211806E+02
  0.211812E+02
  0.211819E+02
  0.211825E+02
  0.211832E+02
  0.211838E+02
  0.211845E+02
  0.211851E+02
  0.211858E+02
  0.211864E+02
  0.211871E+02
  0.211878E+02
  0.211884E+02
  0.211891E+02
  0.211897E+02
  0.211904E+02
  0.211910E+02
  0.211917E+02
  0.211923E+02
  0.211930E+02
  0.211936E+02
  0.211943E+02
  0.211949E+02
  0.211956E+02
  0.211962E+02
  0.211969E+02
  0.211975E+02
  0.211982E+02
  0.211988E+02
  0.211995E+02
  0.212001E+02
  0.212008E+02
  0.212014E+02
  0.212021E+02
  0.212027E+02
  0.212034E+02
  0.212040E+02
  0.212047E+02
  0.212053E+02
  0.212060E+02
  0.212067E+02
  0.212073E+02
  0.212080E+02
  0.212086E+02
  0.212093E+02
  0.212099E+02
  0.212106E+02
  0.212112E+02
  0.212119E+02
  0.212125E+02
  0.212132E+02
  0.212138E+02
  0.212145E+02
  0.212151E+02
  0.212158E+02
  0.212164E+02
  0.212171E+02
  0.212177E+02
  0.212184E+02
  0.212190E+02
  0.212197E+02
  0.212203E+02
  0.212210E+02
  0.212216E+02
  0.212223E+02
  0.212229E+02
  0.212236E+02
  0.212242E+02
  0.212249E+02
  0.212255E+02
  0.212262E+02
  0.212268E+02
  0.212275E+02
  0.212281E+02
  0.212288E+02
  0.212294E+02
  0.212301E+02
  0.212307E+02
  0.212314E+02
  0.212320E+02
  0.212327E+02
  0.212333E+02
  0.212340E+02
  0.212346E+02
  0.212353E+02
  0.212359E+02
  0.212365E+02
  0.212372E+02
  0.212378E+02
  0.212385E+02
  0.212391E+02
  0.212398E+02
  0.212404E+02
  0.212411E+02
  0.212417E+02
  0.212424E+02
  0.212430E+02
  0.212437E+02
  0.212443E+02
  0.212450E+02
  0.212456E+02
  0.212463E+02
  0.212469E+02
  0.212476E+02
  0.212482E+02
  0.212489E+02
  0.212495E+02
  0.212502E+02
  0.212508E+02
  0.212515E+02
  0.212521E+02
  0.212528E+02
  0.212534E+02
  0.212541E+02
  0.212547E+02
  0.212553E+02
  0.212560E+02
  0.212566E+02
  0.212573E+02
  0.212579E+02
  0.212586E+02
  0.212592E+02
  0.212599E+02
  0.212605E+02
  0.212612E+02
  0.212618E+02
  0.212625E+02
  0.212631E+02
  0.212638E+02
  0.212644E+02
  0.212651E+02
  0.212657E+02
  0.212664E+02
  0.212670E+02
  0.212676E+02
  0.212683E+02
  0.212689E+02
  0.212696E+02
  0.212702E+02
  0.212709E+02
  0.212715E+02
  0.212722E+02
  0.212728E+02
  0.212735E+02
  0.212741E+02
  0.212748E+02
  0.212754E+02
  0.212760E+02
  0.212767E+02
  0.212773E+02
  0.212780E+02
  0.212786E+02
  0.212793E+02
  0.212799E+02
  0.212806E+02
  0.212812E+02
  0.212819E+02
  0.212825E+02
  0.212832E+02
  0.212838E+02
  0.212844E+02
  0.212851E+02
  0.212857E+02
  0.212864E+02
  0.212870E+02
  0.212877E+02
  0.212883E+02
  0.212890E+02
  0.212896E+02
  0.212903E+02
  0.212909E+02
  0.212915E+02
  0.212922E+02
  0.212928E+02
  0.212935E+02
  0.212941E+02
  0.212948E+02
  0.212954E+02
  0.212961E+02
  0.212967E+02
  0.212973E+02
  0.212980E+02
  0.212986E+02
  0.212993E+02
  0.212999E+02
  0.213006E+02
  0.213012E+02
  0.213019E+02
  0.213025E+02
  0.213032E+02
  0.213038E+02
  0.213044E+02
  0.213051E+02
  0.213057E+02
  0.213064E+02
  0.213070E+02
  0.213077E+02
  0.213083E+02
  0.213089E+02
  0.213096E+02
  0.213102E+02
  0.213109E+02
  0.213115E+02
  0.213122E+02
  0.213128E+02
  0.213135E+02
  0.213141E+02
  0.213147E+02
  0.213154E+02
  0.213160E+02
  0.213167E+02
  0.213173E+02
  0.213180E+02
  0.213186E+02
  0.213192E+02
  0.213199E+02
  0.213205E+02
  0.213212E+02
  0.213218E+02
  0.213225E+02
  0.213231E+02
  0.213237E+02
  0.213244E+02
  0.213250E+02
  0.213257E+02
  0.213263E+02
  0.213270E+02
  0.213276E+02
  0.213282E+02
  0.213289E+02
  0.213295E+02
  0.213302E+02
  0.213308E+02
  0.213315E+02
  0.213321E+02
  0.213327E+02
  0.213334E+02
  0.213340E+02
  0.213347E+02
  0.213353E+02
  0.213360E+02
  0.213366E+02
  0.213372E+02
  0.213379E+02
  0.213385E+02
  0.213392E+02
  0.213398E+02
  0.213404E+02
  0.213411E+02
  0.213417E+02
  0.213424E+02
  0.213430E+02
  0.213437E+02
  0.213443E+02
  0.213449E+02
  0.213456E+02
  0.213462E+02
  0.213469E+02
  0.213475E+02
  0.213481E+02
  0.213488E+02
  0.213494E+02
  0.213501E+02
  0.213507E+02
  0.213514E+02
  0.213520E+02
  0.213526E+02
  0.213533E+02
  0.213539E+02
  0.213546E+02
  0.213552E+02
  0.213558E+02
  0.213565E+02
  0.213571E+02
  0.213578E+02
  0.213584E+02
  0.213590E+02
  0.213597E+02
  0.213603E+02
  0.213610E+02
  0.213616E+02
  0.213622E+02
  0.213629E+02
  0.213635E+02
  0.213642E+02
  0.213648E+02
  0.213654E+02
  0.213661E+02
  0.213667E+02
  0.213674E+02
  0.213680E+02
  0.213686E+02
  0.213693E+02
  0.213699E+02
  0.213706E+02
  0.213712E+02
  0.213718E+02
  0.213725E+02
  0.213731E+02
  0.213738E+02
  0.213744E+02
  0.213750E+02
  0.213757E+02
  0.213763E+02
  0.213770E+02
  0.213776E+02
  0.213782E+02
  0.213789E+02
  0.213795E+02
  0.213802E+02
  0.213808E+02
  0.213814E+02
  0.213821E+02
  0.213827E+02
  0.213833E+02
  0.213840E+02
  0.213846E+02
  0.213853E+02
  0.213859E+02
  0.213865E+02
  0.213872E+02
  0.213878E+02
  0.213885E+02
  0.213891E+02
  0.213897E+02
  0.213904E+02
  0.213910E+02
  0.213917E+02
  0.213923E+02
  0.213929E+02
  0.213936E+02
  0.213942E+02
  0.213948E+02
  0.213955E+02
  0.213961E+02
  0.213968E+02
  0.213974E+02
  0.213980E+02
  0.213987E+02
  0.213993E+02
  0.213999E+02
  0.214006E+02
  0.214012E+02
  0.214019E+02
  0.214025E+02
  0.214031E+02
  0.214038E+02
  0.214044E+02
  0.214050E+02
  0.214057E+02
  0.214063E+02
  0.214070E+02
  0.214076E+02
  0.214082E+02
  0.214089E+02
  0.214095E+02
  0.214101E+02
  0.214108E+02
  0.214114E+02
  0.214121E+02
  0.214127E+02
  0.214133E+02
  0.214140E+02
  0.214146E+02
  0.214152E+02
  0.214159E+02
  0.214165E+02
  0.214171E+02
  0.214178E+02
  0.214184E+02
  0.214191E+02
  0.214197E+02
  0.214203E+02
  0.214210E+02
  0.214216E+02
  0.214222E+02
  0.214229E+02
  0.214235E+02
  0.214241E+02
  0.214248E+02
  0.214254E+02
  0.214261E+02
  0.214267E+02
  0.214273E+02
  0.214280E+02
  0.214286E+02
  0.214292E+02
  0.214299E+02
  0.214305E+02
  0.214311E+02
  0.214318E+02
  0.214324E+02
  0.214330E+02
  0.214337E+02
  0.214343E+02
  0.214350E+02
  0.214356E+02
  0.214362E+02
  0.214369E+02
  0.214375E+02
  0.214381E+02
  0.214388E+02
  0.214394E+02
  0.214400E+02
  0.214407E+02
  0.214413E+02
  0.214419E+02
  0.214426E+02
  0.214432E+02
  0.214438E+02
  0.214445E+02
  0.214451E+02
  0.214458E+02
  0.214464E+02
  0.214470E+02
  0.214477E+02
  0.214483E+02
  0.214489E+02
  0.214496E+02
  0.214502E+02
  0.214508E+02
  0.214515E+02
  0.214521E+02
  0.214527E+02
  0.214534E+02
  0.214540E+02
  0.214546E+02
  0.214553E+02
  0.214559E+02
  0.214565E+02
  0.214572E+02
  0.214578E+02
  0.214584E+02
  0.214591E+02
  0.214597E+02
  0.214603E+02
  0.214610E+02
  0.214616E+02
  0.214622E+02
  0.214629E+02
  0.214635E+02
  0.214641E+02
  0.214648E+02
  0.214654E+02
  0.214660E+02
  0.214667E+02
  0.214673E+02
  0.214679E+02
  0.214686E+02
  0.214692E+02
  0.214698E+02
  0.214705E+02
  0.214711E+02
  0.214717E+02
  0.214724E+02
  0.214730E+02
  0.214736E+02
  0.214743E+02
  0.214749E+02
  0.214755E+02
  0.214762E+02
  0.214768E+02
  0.214774E+02
  0.214781E+02
  0.214787E+02
  0.214793E+02
  0.214800E+02
  0.214806E+02
  0.214812E+02
  0.214819E+02
  0.214825E+02
  0.214831E+02
  0.214838E+02
  0.214844E+02
  0.214850E+02
  0.214857E+02
  0.214863E+02
  0.214869E+02
  0.214875E+02
  0.214882E+02
  0.214888E+02
  0.214894E+02
  0.214901E+02
  0.214907E+02
  0.214913E+02
  0.214920E+02
  0.214926E+02
  0.214932E+02
  0.214939E+02
  0.214945E+02
  0.214951E+02
  0.214958E+02
  0.214964E+02
  0.214970E+02
  0.214977E+02
  0.214983E+02
  0.214989E+02
  0.214995E+02
  0.215002E+02
  0.215008E+02
  0.215014E+02
  0.215021E+02
  0.215027E+02
  0.215033E+02
  0.215040E+02
  0.215046E+02
  0.215052E+02
  0.215059E+02
  0.215065E+02
  0.215071E+02
  0.215077E+02
  0.215084E+02
  0.215090E+02
  0.215096E+02
  0.215103E+02
  0.215109E+02
  0.215115E+02
  0.215122E+02
  0.215128E+02
  0.215134E+02
  0.215140E+02
  0.215147E+02
  0.215153E+02
  0.215159E+02
  0.215166E+02
  0.215172E+02
  0.215178E+02
  0.215185E+02
  0.215191E+02
  0.215197E+02
  0.215203E+02
  0.215210E+02
  0.215216E+02
  0.215222E+02
  0.215229E+02
  0.215235E+02
  0.215241E+02
  0.215248E+02
  0.215254E+02
  0.215260E+02
  0.215266E+02
  0.215273E+02
  0.215279E+02
  0.215285E+02
  0.215292E+02
  0.215298E+02
  0.215304E+02
  0.215310E+02
  0.215317E+02
  0.215323E+02
  0.215329E+02
  0.215336E+02
  0.215342E+02
  0.215348E+02
  0.215354E+02
  0.215361E+02
  0.215367E+02
  0.215373E+02
  0.215380E+02
  0.215386E+02
  0.215392E+02
  0.215398E+02
  0.215405E+02
  0.215411E+02
  0.215417E+02
  0.215424E+02
  0.215430E+02
  0.215436E+02
  0.215442E+02
  0.215449E+02
  0.215455E+02
  0.215461E+02
  0.215468E+02
  0.215474E+02
  0.215480E+02
  0.215486E+02
  0.215493E+02
  0.215499E+02
  0.215505E+02
  0.215511E+02
  0.215518E+02
  0.215524E+02
  0.215530E+02
  0.215537E+02
  0.215543E+02
  0.215549E+02
  0.215555E+02
  0.215562E+02
  0.215568E+02
  0.215574E+02
  0.215580E+02
  0.215587E+02
  0.215593E+02
  0.215599E+02
  0.215606E+02
  0.215612E+02
  0.215618E+02
  0.215624E+02
  0.215631E+02
  0.215637E+02
  0.215643E+02
  0.215649E+02
  0.215656E+02
  0.215662E+02
  0.215668E+02
  0.215674E+02
  0.215681E+02
  0.215687E+02
  0.215693E+02
  0.215699E+02
  0.215706E+02
  0.215712E+02
  0.215718E+02
  0.215725E+02
  0.215731E+02
  0.215737E+02
  0.215743E+02
  0.215750E+02
  0.215756E+02
  0.215762E+02
  0.215768E+02
  0.215775E+02
  0.215781E+02
  0.215787E+02
  0.215793E+02
  0.215800E+02
  0.215806E+02
  0.215812E+02
  0.215818E+02
  0.215825E+02
  0.215831E+02
  0.215837E+02
  0.215843E+02
  0.215850E+02
  0.215856E+02
  0.215862E+02
  0.215868E+02
  0.215875E+02
  0.215881E+02
  0.215887E+02
  0.215893E+02
  0.215900E+02
  0.215906E+02
  0.215912E+02
  0.215918E+02
  0.215925E+02
  0.215931E+02
  0.215937E+02
  0.215943E+02
  0.215950E+02
  0.215956E+02
  0.215962E+02
  0.215968E+02
  0.215975E+02
  0.215981E+02
  0.215987E+02
  0.215993E+02
  0.216000E+02
  0.216006E+02
  0.216012E+02
  0.216018E+02
  0.216024E+02
  0.216031E+02
  0.216037E+02
  0.216043E+02
  0.216049E+02
  0.216056E+02
  0.216062E+02
  0.216068E+02
  0.216074E+02
  0.216081E+02
  0.216087E+02
  0.216093E+02
  0.216099E+02
  0.216106E+02
  0.216112E+02
  0.216118E+02
  0.216124E+02
  0.216130E+02
  0.216137E+02
  0.216143E+02
  0.216149E+02
  0.216155E+02
  0.216162E+02
  0.216168E+02
  0.216174E+02
  0.216180E+02
  0.216187E+02
  0.216193E+02
  0.216199E+02
  0.216205E+02
  0.216211E+02
  0.216218E+02
  0.216224E+02
  0.216230E+02
  0.216236E+02
  0.216243E+02
  0.216249E+02
  0.216255E+02
  0.216261E+02
  0.216267E+02
  0.216274E+02
  0.216280E+02
  0.216286E+02
  0.216292E+02
  0.216299E+02
  0.216305E+02
  0.216311E+02
  0.216317E+02
  0.216323E+02
  0.216330E+02
  0.216336E+02
  0.216342E+02
  0.216348E+02
  0.216355E+02
  0.216361E+02
  0.216367E+02
  0.216373E+02
  0.216379E+02
  0.216386E+02
  0.216392E+02
  0.216398E+02
  0.216404E+02
  0.216410E+02
  0.216417E+02
  0.216423E+02
  0.216429E+02
  0.216435E+02
  0.216442E+02
  0.216448E+02
  0.216454E+02
  0.216460E+02
  0.216466E+02
  0.216473E+02
  0.216479E+02
  0.216485E+02
  0.216491E+02
  0.216497E+02
  0.216504E+02
  0.216510E+02
  0.216516E+02
  0.216522E+02
  0.216528E+02
  0.216535E+02
  0.216541E+02
  0.216547E+02
  0.216553E+02
  0.216559E+02
  0.216566E+02
  0.216572E+02
  0.216578E+02
  0.216584E+02
  0.216590E+02
  0.216597E+02
  0.216603E+02
  0.216609E+02
  0.216615E+02
  0.216621E+02
  0.216628E+02
  0.216634E+02
  0.216640E+02
  0.216646E+02
  0.216652E+02
  0.216659E+02
  0.216665E+02
  0.216671E+02
  0.216677E+02
  0.216683E+02
  0.216690E+02
  0.216696E+02
  0.216702E+02
  0.216708E+02
  0.216714E+02
  0.216721E+02
  0.216727E+02
  0.216733E+02
  0.216739E+02
  0.216745E+02
  0.216752E+02
  0.216758E+02
  0.216764E+02
  0.216770E+02
  0.216776E+02
  0.216782E+02
  0.216789E+02
  0.216795E+02
  0.216801E+02
  0.216807E+02
  0.216813E+02
  0.216820E+02
  0.216826E+02
  0.216832E+02
  0.216838E+02
  0.216844E+02
  0.216850E+02
  0.216857E+02
  0.216863E+02
  0.216869E+02
  0.216875E+02
  0.216881E+02
  0.216888E+02
  0.216894E+02
  0.216900E+02
  0.216906E+02
  0.216912E+02
  0.216918E+02
  0.216925E+02
  0.216931E+02
  0.216937E+02
  0.216943E+02
  0.216949E+02
  0.216956E+02
  0.216962E+02
  0.216968E+02
  0.216974E+02
  0.216980E+02
  0.216986E+02
  0.216993E+02
  0.216999E+02
  0.217005E+02
  0.217011E+02
  0.217017E+02
  0.217023E+02
  0.217030E+02
  0.217036E+02
  0.217042E+02
  0.217048E+02
  0.217054E+02
  0.217060E+02
  0.217067E+02
  0.217073E+02
  0.217079E+02
  0.217085E+02
  0.217091E+02
  0.217097E+02
  0.217104E+02
  0.217110E+02
  0.217116E+02
  0.217122E+02
  0.217128E+02
  0.217134E+02
  0.217141E+02
  0.217147E+02
  0.217153E+02
  0.217159E+02
  0.217165E+02
  0.217171E+02
  0.217178E+02
  0.217184E+02
  0.217190E+02
  0.217196E+02
  0.217202E+02
  0.217208E+02
  0.217214E+02
  0.217221E+02
  0.217227E+02
  0.217233E+02
  0.217239E+02
  0.217245E+02
  0.217251E+02
  0.217258E+02
  0.217264E+02
  0.217270E+02
  0.217276E+02
  0.217282E+02
  0.217288E+02
  0.217294E+02
  0.217301E+02
  0.217307E+02
  0.217313E+02
  0.217319E+02
  0.217325E+02
  0.217331E+02
  0.217338E+02
  0.217344E+02
  0.217350E+02
  0.217356E+02
  0.217362E+02
  0.217368E+02
  0.217374E+02
  0.217381E+02
  0.217387E+02
  0.217393E+02
  0.217399E+02
  0.217405E+02
  0.217411E+02
  0.217417E+02
  0.217424E+02
  0.217430E+02
  0.217436E+02
  0.217442E+02
  0.217448E+02
  0.217454E+02
  0.217460E+02
  0.217467E+02
  0.217473E+02
  0.217479E+02
  0.217485E+02
  0.217491E+02
  0.217497E+02
  0.217503E+02
  0.217510E+02
  0.217516E+02
  0.217522E+02
  0.217528E+02
  0.217534E+02
  0.217540E+02
  0.217546E+02
  0.217553E+02
  0.217559E+02
  0.217565E+02
  0.217571E+02
  0.217577E+02
  0.217583E+02
  0.217589E+02
  0.217595E+02
  0.217602E+02
  0.217608E+02
  0.217614E+02
  0.217620E+02
  0.217626E+02
  0.217632E+02
  0.217638E+02
  0.217644E+02
  0.217651E+02
  0.217657E+02
  0.217663E+02
  0.217669E+02
  0.217675E+02
  0.217681E+02
  0.217687E+02
  0.217693E+02
  0.217700E+02
  0.217706E+02
  0.217712E+02
  0.217718E+02
  0.217724E+02
  0.217730E+02
  0.217736E+02
  0.217742E+02
  0.217749E+02
  0.217755E+02
  0.217761E+02
  0.217767E+02
  0.217773E+02
  0.217779E+02
  0.217785E+02
  0.217791E+02
  0.217798E+02
  0.217804E+02
  0.217810E+02
  0.217816E+02
  0.217822E+02
  0.217828E+02
  0.217834E+02
  0.217840E+02
  0.217846E+02
  0.217853E+02
  0.217859E+02
  0.217865E+02
  0.217871E+02
  0.217877E+02
  0.217883E+02
  0.217889E+02
  0.217895E+02
  0.217901E+02
  0.217908E+02
  0.217914E+02
  0.217920E+02
  0.217926E+02
  0.217932E+02
  0.217938E+02
  0.217944E+02
  0.217950E+02
  0.217956E+02
  0.217963E+02
  0.217969E+02
  0.217975E+02
  0.217981E+02
  0.217987E+02
  0.217993E+02
  0.217999E+02
  0.218005E+02
  0.218011E+02
  0.218018E+02
  0.218024E+02
  0.218030E+02
  0.218036E+02
  0.218042E+02
  0.218048E+02
  0.218054E+02
  0.218060E+02
  0.218066E+02
  0.218072E+02
  0.218079E+02
  0.218085E+02
  0.218091E+02
  0.218097E+02
  0.218103E+02
  0.218109E+02
  0.218115E+02
  0.218121E+02
  0.218127E+02
  0.218133E+02
  0.218140E+02
  0.218146E+02
  0.218152E+02
  0.218158E+02
  0.218164E+02
  0.218170E+02
  0.218176E+02
  0.218182E+02
  0.218188E+02
  0.218194E+02
  0.218200E+02
  0.218207E+02
  0.218213E+02
  0.218219E+02
  0.218225E+02
  0.218231E+02
  0.218237E+02
  0.218243E+02
  0.218249E+02
  0.218255E+02
  0.218261E+02
  0.218267E+02
  0.218273E+02
  0.218280E+02
  0.218286E+02
  0.218292E+02
  0.218298E+02
  0.218304E+02
  0.218310E+02
  0.218316E+02
  0.218322E+02
  0.218328E+02
  0.218334E+02
  0.218340E+02
  0.218347E+02
  0.218353E+02
  0.218359E+02
  0.218365E+02
  0.218371E+02
  0.218377E+02
  0.218383E+02
  0.218389E+02
  0.218395E+02
  0.218401E+02
  0.218407E+02
  0.218413E+02
  0.218419E+02
  0.218426E+02
  0.218432E+02
  0.218438E+02
  0.218444E+02
  0.218450E+02
  0.218456E+02
  0.218462E+02
  0.218468E+02
  0.218474E+02
  0.218480E+02
  0.218486E+02
  0.218492E+02
  0.218498E+02
  0.218504E+02
  0.218511E+02
  0.218517E+02
  0.218523E+02
  0.218529E+02
  0.218535E+02
  0.218541E+02
  0.218547E+02
  0.218553E+02
  0.218559E+02
  0.218565E+02
  0.218571E+02
  0.218577E+02
  0.218583E+02
  0.218589E+02
  0.218595E+02
  0.218602E+02
  0.218608E+02
  0.218614E+02
  0.218620E+02
  0.218626E+02
  0.218632E+02
  0.218638E+02
  0.218644E+02
  0.218650E+02
  0.218656E+02
  0.218662E+02
  0.218668E+02
  0.218674E+02
  0.218680E+02
  0.218686E+02
  0.218692E+02
  0.218699E+02
  0.218705E+02
  0.218711E+02
  0.218717E+02
  0.218723E+02
  0.218729E+02
  0.218735E+02
  0.218741E+02
  0.218747E+02
  0.218753E+02
  0.218759E+02
  0.218765E+02
  0.218771E+02
  0.218777E+02
  0.218783E+02
  0.218789E+02
  0.218795E+02
  0.218801E+02
  0.218807E+02
  0.218814E+02
  0.218820E+02
  0.218826E+02
  0.218832E+02
  0.218838E+02
  0.218844E+02
  0.218850E+02
  0.218856E+02
  0.218862E+02
  0.218868E+02
  0.218874E+02
  0.218880E+02
  0.218886E+02
  0.218892E+02
  0.218898E+02
  0.218904E+02
  0.218910E+02
  0.218916E+02
  0.218922E+02
  0.218928E+02
  0.218934E+02
  0.218941E+02
  0.218947E+02
  0.218953E+02
  0.218959E+02
  0.218965E+02
  0.218971E+02
  0.218977E+02
  0.218983E+02
  0.218989E+02
  0.218995E+02
  0.219001E+02
  0.219007E+02
  0.219013E+02
  0.219019E+02
  0.219025E+02
  0.219031E+02
  0.219037E+02
  0.219043E+02
  0.219049E+02
  0.219055E+02
  0.219061E+02
  0.219067E+02
  0.219073E+02
  0.219079E+02
  0.219085E+02
  0.219091E+02
  0.219097E+02
  0.219103E+02
  0.219110E+02
  0.219116E+02
  0.219122E+02
  0.219128E+02
  0.219134E+02
  0.219140E+02
  0.219146E+02
  0.219152E+02
  0.219158E+02
  0.219164E+02
  0.219170E+02
  0.219176E+02
  0.219182E+02
  0.219188E+02
  0.219194E+02
  0.219200E+02
  0.219206E+02
  0.219212E+02
  0.219218E+02
  0.219224E+02
  0.219230E+02
  0.219236E+02
  0.219242E+02
  0.219248E+02
  0.219254E+02
  0.219260E+02
  0.219266E+02
  0.219272E+02
  0.219278E+02
  0.219284E+02
  0.219290E+02
  0.219296E+02
  0.219302E+02
  0.219308E+02
  0.219314E+02
  0.219320E+02
  0.219326E+02
  0.219332E+02
  0.219338E+02
  0.219344E+02
  0.219350E+02
  0.219356E+02
  0.219362E+02
  0.219368E+02
  0.219374E+02
  0.219380E+02
  0.219386E+02
  0.219392E+02
  0.219399E+02
  0.219405E+02
  0.219411E+02
  0.219417E+02
  0.219423E+02
  0.219429E+02
  0.219435E+02
  0.219441E+02
  0.219447E+02
  0.219453E+02
  0.219459E+02
  0.219465E+02
  0.219471E+02
  0.219477E+02
  0.219483E+02
  0.219489E+02
  0.219495E+02
  0.219501E+02
  0.219507E+02
  0.219513E+02
  0.219519E+02
  0.219525E+02
  0.219531E+02
  0.219537E+02
  0.219543E+02
  0.219549E+02
  0.219555E+02
  0.219561E+02
  0.219567E+02
  0.219573E+02
  0.219579E+02
  0.219585E+02
  0.219591E+02
  0.219597E+02
  0.219603E+02
  0.219609E+02
  0.219615E+02
  0.219621E+02
  0.219627E+02
  0.219633E+02
  0.219639E+02
  0.219645E+02
  0.219651E+02
  0.219657E+02
  0.219663E+02
  0.219669E+02
  0.219675E+02
  0.219681E+02
  0.219687E+02
  0.219693E+02
  0.219699E+02
  0.219705E+02
  0.219711E+02
  0.219717E+02
  0.219723E+02
  0.219729E+02
  0.219735E+02
  0.219741E+02
  0.219746E+02
  0.219752E+02
  0.219758E+02
  0.219764E+02
  0.219770E+02
  0.219776E+02
  0.219782E+02
  0.219788E+02
  0.219794E+02
  0.219800E+02
  0.219806E+02
  0.219812E+02
  0.219818E+02
  0.219824E+02
  0.219830E+02
  0.219836E+02
  0.219842E+02
  0.219848E+02
  0.219854E+02
  0.219860E+02
  0.219866E+02
  0.219872E+02
  0.219878E+02
  0.219884E+02
  0.219890E+02
  0.219896E+02
  0.219902E+02
  0.219908E+02
  0.219914E+02
  0.219920E+02
  0.219926E+02
  0.219932E+02
  0.219938E+02
  0.219944E+02
  0.219950E+02
  0.219956E+02
  0.219962E+02
  0.219968E+02
  0.219974E+02
  0.219980E+02
  0.219986E+02
  0.219992E+02
  0.219998E+02
  0.220004E+02
  0.220010E+02
  0.220016E+02
  0.220022E+02
  0.220028E+02
  0.220033E+02
  0.220039E+02
  0.220045E+02
  0.220051E+02
  0.220057E+02
  0.220063E+02
  0.220069E+02
  0.220075E+02
  0.220081E+02
  0.220087E+02
  0.220093E+02
  0.220099E+02
  0.220105E+02
  0.220111E+02
  0.220117E+02
  0.220123E+02
  0.220129E+02
  0.220135E+02
  0.220141E+02
  0.220147E+02
  0.220153E+02
  0.220159E+02
  0.220165E+02
  0.220171E+02
  0.220177E+02
  0.220183E+02
  0.220189E+02
  0.220195E+02
  0.220201E+02
  0.220206E+02
  0.220212E+02
  0.220218E+02
  0.220224E+02
  0.220230E+02
  0.220236E+02
  0.220242E+02
  0.220248E+02
  0.220254E+02
  0.220260E+02
  0.220266E+02
  0.220272E+02
  0.220278E+02
  0.220284E+02
  0.220290E+02
  0.220296E+02
  0.220302E+02
  0.220308E+02
  0.220314E+02
  0.220320E+02
  0.220326E+02
  0.220332E+02
  0.220337E+02
  0.220343E+02
  0.220349E+02
  0.220355E+02
  0.220361E+02
  0.220367E+02
  0.220373E+02
  0.220379E+02
  0.220385E+02
  0.220391E+02
  0.220397E+02
  0.220403E+02
  0.220409E+02
  0.220415E+02
  0.220421E+02
  0.220427E+02
  0.220433E+02
  0.220439E+02
  0.220445E+02
  0.220450E+02
  0.220456E+02
  0.220462E+02
  0.220468E+02
  0.220474E+02
  0.220480E+02
  0.220486E+02
  0.220492E+02
  0.220498E+02
  0.220504E+02
  0.220510E+02
  0.220516E+02
  0.220522E+02
  0.220528E+02
  0.220534E+02
  0.220540E+02
  0.220546E+02
  0.220551E+02
  0.220557E+02
  0.220563E+02
  0.220569E+02
  0.220575E+02
  0.220581E+02
  0.220587E+02
  0.220593E+02
  0.220599E+02
  0.220605E+02
  0.220611E+02
  0.220617E+02
  0.220623E+02
  0.220629E+02
  0.220635E+02
  0.220640E+02
  0.220646E+02
  0.220652E+02
  0.220658E+02
  0.220664E+02
  0.220670E+02
  0.220676E+02
  0.220682E+02
  0.220688E+02
  0.220694E+02
  0.220700E+02
  0.220706E+02
  0.220712E+02
  0.220718E+02
  0.220724E+02
  0.220729E+02
  0.220735E+02
  0.220741E+02
  0.220747E+02
  0.220753E+02
  0.220759E+02
  0.220765E+02
  0.220771E+02
  0.220777E+02
  0.220783E+02
  0.220789E+02
  0.220795E+02
  0.220801E+02
  0.220806E+02
  0.220812E+02
  0.220818E+02
  0.220824E+02
  0.220830E+02
  0.220836E+02
  0.220842E+02
  0.220848E+02
  0.220854E+02
  0.220860E+02
  0.220866E+02
  0.220872E+02
  0.220877E+02
  0.220883E+02
  0.220889E+02
  0.220895E+02
  0.220901E+02
  0.220907E+02
  0.220913E+02
  0.220919E+02
  0.220925E+02
  0.220931E+02
  0.220937E+02
  0.220943E+02
  0.220948E+02
  0.220954E+02
  0.220960E+02
  0.220966E+02
  0.220972E+02
  0.220978E+02
  0.220984E+02
  0.220990E+02
  0.220996E+02
  0.221002E+02
  0.221008E+02
  0.221014E+02
  0.221019E+02
  0.221025E+02
  0.221031E+02
  0.221037E+02
  0.221043E+02
  0.221049E+02
  0.221055E+02
  0.221061E+02
  0.221067E+02
  0.221073E+02
  0.221078E+02
  0.221084E+02
  0.221090E+02
  0.221096E+02
  0.221102E+02
  0.221108E+02
  0.221114E+02
  0.221120E+02
  0.221126E+02
  0.221132E+02
  0.221138E+02
  0.221143E+02
  0.221149E+02
  0.221155E+02
  0.221161E+02
  0.221167E+02
  0.221173E+02
  0.221179E+02
  0.221185E+02
  0.221191E+02
  0.221197E+02
  0.221202E+02
  0.221208E+02
  0.221214E+02
  0.221220E+02
  0.221226E+02
  0.221232E+02
  0.221238E+02
  0.221244E+02
  0.221250E+02
  0.221255E+02
  0.221261E+02
  0.221267E+02
  0.221273E+02
  0.221279E+02
  0.221285E+02
  0.221291E+02
  0.221297E+02
  0.221303E+02
  0.221309E+02
  0.221314E+02
  0.221320E+02
  0.221326E+02
  0.221332E+02
  0.221338E+02
  0.221344E+02
  0.221350E+02
  0.221356E+02
  0.221362E+02
  0.221367E+02
  0.221373E+02
  0.221379E+02
  0.221385E+02
  0.221391E+02
  0.221397E+02
  0.221403E+02
  0.221409E+02
  0.221414E+02
  0.221420E+02
  0.221426E+02
  0.221432E+02
  0.221438E+02
  0.221444E+02
  0.221450E+02
  0.221456E+02
  0.221462E+02
  0.221467E+02
  0.221473E+02
  0.221479E+02
  0.221485E+02
  0.221491E+02
  0.221497E+02
  0.221503E+02
  0.221509E+02
  0.221514E+02
  0.221520E+02
  0.221526E+02
  0.221532E+02
  0.221538E+02
  0.221544E+02
  0.221550E+02
  0.221556E+02
  0.221561E+02
  0.221567E+02
  0.221573E+02
  0.221579E+02
  0.221585E+02
  0.221591E+02
  0.221597E+02
  0.221603E+02
  0.221608E+02
  0.221614E+02
  0.221620E+02
  0.221626E+02
  0.221632E+02
  0.221638E+02
  0.221644E+02
  0.221650E+02
  0.221655E+02
  0.221661E+02
  0.221667E+02
  0.221673E+02
  0.221679E+02
  0.221685E+02
  0.221691E+02
  0.221697E+02
  0.221702E+02
  0.221708E+02
  0.221714E+02
  0.221720E+02
  0.221726E+02
  0.221732E+02
  0.221738E+02
  0.221743E+02
  0.221749E+02
  0.221755E+02
  0.221761E+02
  0.221767E+02
  0.221773E+02
  0.221779E+02
  0.221785E+02
  0.221790E+02
  0.221796E+02
  0.221802E+02
  0.221808E+02
  0.221814E+02
  0.221820E+02
  0.221826E+02
  0.221831E+02
  0.221837E+02
  0.221843E+02
  0.221849E+02
  0.221855E+02
  0.221861E+02
  0.221867E+02
  0.221872E+02
  0.221878E+02
  0.221884E+02
  0.221890E+02
  0.221896E+02
  0.221902E+02
  0.221908E+02
  0.221913E+02
  0.221919E+02
  0.221925E+02
  0.221931E+02
  0.221937E+02
  0.221943E+02
  0.221949E+02
  0.221954E+02
  0.221960E+02
  0.221966E+02
  0.221972E+02
  0.221978E+02
  0.221984E+02
  0.221989E+02
  0.221995E+02
  0.222001E+02
  0.222007E+02
  0.222013E+02
  0.222019E+02
  0.222025E+02
  0.222030E+02
  0.222036E+02
  0.222042E+02
  0.222048E+02
  0.222054E+02
  0.222060E+02
  0.222065E+02
  0.222071E+02
  0.222077E+02
  0.222083E+02
  0.222089E+02
  0.222095E+02
  0.222101E+02
  0.222106E+02
  0.222112E+02
  0.222118E+02
  0.222124E+02
  0.222130E+02
  0.222136E+02
  0.222141E+02
  0.222147E+02
  0.222153E+02
  0.222159E+02
  0.222165E+02
  0.222171E+02
  0.222176E+02
  0.222182E+02
  0.222188E+02
  0.222194E+02
  0.222200E+02
  0.222206E+02
  0.222212E+02
  0.222217E+02
  0.222223E+02
  0.222229E+02
  0.222235E+02
  0.222241E+02
  0.222247E+02
  0.222252E+02
  0.222258E+02
  0.222264E+02
  0.222270E+02
  0.222276E+02
  0.222282E+02
  0.222287E+02
  0.222293E+02
  0.222299E+02
  0.222305E+02
  0.222311E+02
  0.222317E+02
  0.222322E+02
  0.222328E+02
  0.222334E+02
  0.222340E+02
  0.222346E+02
  0.222351E+02
  0.222357E+02
  0.222363E+02
  0.222369E+02
  0.222375E+02
  0.222381E+02
  0.222386E+02
  0.222392E+02
  0.222398E+02
  0.222404E+02
  0.222410E+02
  0.222416E+02
  0.222421E+02
  0.222427E+02
  0.222433E+02
  0.222439E+02
  0.222445E+02
  0.222451E+02
  0.222456E+02
  0.222462E+02
  0.222468E+02
  0.222474E+02
  0.222480E+02
  0.222485E+02
  0.222491E+02
  0.222497E+02
  0.222503E+02
  0.222509E+02
  0.222515E+02
  0.222520E+02
  0.222526E+02
  0.222532E+02
  0.222538E+02
  0.222544E+02
  0.222549E+02
  0.222555E+02
  0.222561E+02
  0.222567E+02
  0.222573E+02
  0.222579E+02
  0.222584E+02
  0.222590E+02
  0.222596E+02
  0.222602E+02
  0.222608E+02
  0.222613E+02
  0.222619E+02
  0.222625E+02
  0.222631E+02
  0.222637E+02
  0.222642E+02
  0.222648E+02
  0.222654E+02
  0.222660E+02
  0.222666E+02
  0.222671E+02
  0.222677E+02
  0.222683E+02
  0.222689E+02
  0.222695E+02
  0.222701E+02
  0.222706E+02
  0.222712E+02
  0.222718E+02
  0.222724E+02
  0.222730E+02
  0.222735E+02
  0.222741E+02
  0.222747E+02
  0.222753E+02
  0.222759E+02
  0.222764E+02
  0.222770E+02
  0.222776E+02
  0.222782E+02
  0.222788E+02
  0.222793E+02
  0.222799E+02
  0.222805E+02
  0.222811E+02
  0.222817E+02
  0.222822E+02
  0.222828E+02
  0.222834E+02
  0.222840E+02
  0.222846E+02
  0.222851E+02
  0.222857E+02
  0.222863E+02
  0.222869E+02
  0.222875E+02
  0.222880E+02
  0.222886E+02
  0.222892E+02
  0.222898E+02
  0.222904E+02
  0.222909E+02
  0.222915E+02
  0.222921E+02
  0.222927E+02
  0.222933E+02
  0.222938E+02
  0.222944E+02
  0.222950E+02
  0.222956E+02
  0.222961E+02
  0.222967E+02
  0.222973E+02
  0.222979E+02
  0.222985E+02
  0.222990E+02
  0.222996E+02
  0.223002E+02
  0.223008E+02
  0.223014E+02
  0.223019E+02
  0.223025E+02
  0.223031E+02
  0.223037E+02
  0.223043E+02
  0.223048E+02
  0.223054E+02
  0.223060E+02
  0.223066E+02
  0.223071E+02
  0.223077E+02
  0.223083E+02
  0.223089E+02
  0.223095E+02
  0.223100E+02
  0.223106E+02
  0.223112E+02
  0.223118E+02
  0.223124E+02
  0.223129E+02
  0.223135E+02
  0.223141E+02
  0.223147E+02
  0.223152E+02
  0.223158E+02
  0.223164E+02
  0.223170E+02
  0.223176E+02
  0.223181E+02
  0.223187E+02
  0.223193E+02
  0.223199E+02
  0.223204E+02
  0.223210E+02
  0.223216E+02
  0.223222E+02
  0.223228E+02
  0.223233E+02
  0.223239E+02
  0.223245E+02
  0.223251E+02
  0.223256E+02
  0.223262E+02
  0.223268E+02
  0.223274E+02
  0.223279E+02
  0.223285E+02
  0.223291E+02
  0.223297E+02
  0.223303E+02
  0.223308E+02
  0.223314E+02
  0.223320E+02
  0.223326E+02
  0.223331E+02
  0.223337E+02
  0.223343E+02
  0.223349E+02
  0.223355E+02
  0.223360E+02
  0.223366E+02
  0.223372E+02
  0.223378E+02
  0.223383E+02
  0.223389E+02
  0.223395E+02
  0.223401E+02
  0.223406E+02
  0.223412E+02
  0.223418E+02
  0.223424E+02
  0.223429E+02
  0.223435E+02
  0.223441E+02
  0.223447E+02
  0.223453E+02
  0.223458E+02
  0.223464E+02
  0.223470E+02
  0.223476E+02
  0.223481E+02
  0.223487E+02
  0.223493E+02
  0.223499E+02
  0.223504E+02
  0.223510E+02
  0.223516E+02
  0.223522E+02
  0.223527E+02
  0.223533E+02
  0.223539E+02
  0.223545E+02
  0.223550E+02
  0.223556E+02
  0.223562E+02
  0.223568E+02
  0.223573E+02
  0.223579E+02
  0.223585E+02
  0.223591E+02
  0.223596E+02
  0.223602E+02
  0.223608E+02
  0.223614E+02
  0.223619E+02
  0.223625E+02
  0.223631E+02
  0.223637E+02
  0.223642E+02
  0.223648E+02
  0.223654E+02
  0.223660E+02
  0.223665E+02
  0.223671E+02
  0.223677E+02
  0.223683E+02
  0.223688E+02
  0.223694E+02
  0.223700E+02
  0.223706E+02
  0.223711E+02
  0.223717E+02
  0.223723E+02
  0.223729E+02
  0.223734E+02
  0.223740E+02
  0.223746E+02
  0.223752E+02
  0.223757E+02
  0.223763E+02
  0.223769E+02
  0.223775E+02
  0.223780E+02
  0.223786E+02
  0.223792E+02
  0.223798E+02
  0.223803E+02
  0.223809E+02
  0.223815E+02
  0.223821E+02
  0.223826E+02
  0.223832E+02
  0.223838E+02
  0.223844E+02
  0.223849E+02
  0.223855E+02
  0.223861E+02
  0.223866E+02
  0.223872E+02
  0.223878E+02
  0.223884E+02
  0.223889E+02
  0.223895E+02
  0.223901E+02
  0.223907E+02
  0.223912E+02
  0.223918E+02
  0.223924E+02
  0.223930E+02
  0.223935E+02
  0.223941E+02
  0.223947E+02
  0.223953E+02
  0.223958E+02
  0.223964E+02
  0.223970E+02
  0.223975E+02
  0.223981E+02
  0.223987E+02
  0.223993E+02
  0.223998E+02
  0.224004E+02
  0.224010E+02
  0.224016E+02
  0.224021E+02
  0.224027E+02
  0.224033E+02
  0.224038E+02
  0.224044E+02
  0.224050E+02
  0.224056E+02
  0.224061E+02
  0.224067E+02
  0.224073E+02
  0.224079E+02
  0.224084E+02
  0.224090E+02
  0.224096E+02
  0.224101E+02
  0.224107E+02
  0.224113E+02
  0.224119E+02
  0.224124E+02
  0.224130E+02
  0.224136E+02
  0.224142E+02
  0.224147E+02
  0.224153E+02
  0.224159E+02
  0.224164E+02
  0.224170E+02
  0.224176E+02
  0.224182E+02
  0.224187E+02
  0.224193E+02
  0.224199E+02
  0.224204E+02
  0.224210E+02
  0.224216E+02
  0.224222E+02
  0.224227E+02
  0.224233E+02
  0.224239E+02
  0.224244E+02
  0.224250E+02
  0.224256E+02
  0.224262E+02
  0.224267E+02
  0.224273E+02
  0.224279E+02
  0.224284E+02
  0.224290E+02
  0.224296E+02
  0.224302E+02
  0.224307E+02
  0.224313E+02
  0.224319E+02
  0.224324E+02
  0.224330E+02
  0.224336E+02
  0.224342E+02
  0.224347E+02
  0.224353E+02
  0.224359E+02
  0.224364E+02
  0.224370E+02
  0.224376E+02
  0.224382E+02
  0.224387E+02
  0.224393E+02
  0.224399E+02
  0.224404E+02
  0.224410E+02
  0.224416E+02
  0.224421E+02
  0.224427E+02
  0.224433E+02
  0.224439E+02
  0.224444E+02
  0.224450E+02
  0.224456E+02
  0.224461E+02
  0.224467E+02
  0.224473E+02
  0.224479E+02
  0.224484E+02
  0.224490E+02
  0.224496E+02
  0.224501E+02
  0.224507E+02
  0.224513E+02
  0.224518E+02
  0.224524E+02
  0.224530E+02
  0.224536E+02
  0.224541E+02
  0.224547E+02
  0.224553E+02
  0.224558E+02
  0.224564E+02
  0.224570E+02
  0.224575E+02
  0.224581E+02
  0.224587E+02
  0.224592E+02
  0.224598E+02
  0.224604E+02
  0.224610E+02
  0.224615E+02
  0.224621E+02
  0.224627E+02
  0.224632E+02
  0.224638E+02
  0.224644E+02
  0.224649E+02
  0.224655E+02
  0.224661E+02
  0.224666E+02
  0.224672E+02
  0.224678E+02
  0.224684E+02
  0.224689E+02
  0.224695E+02
  0.224701E+02
  0.224706E+02
  0.224712E+02
  0.224718E+02
  0.224723E+02
  0.224729E+02
  0.224735E+02
  0.224740E+02
  0.224746E+02
  0.224752E+02
  0.224757E+02
  0.224763E+02
  0.224769E+02
  0.224775E+02
  0.224780E+02
  0.224786E+02
  0.224792E+02
  0.224797E+02
  0.224803E+02
  0.224809E+02
  0.224814E+02
  0.224820E+02
  0.224826E+02
  0.224831E+02
  0.224837E+02
  0.224843E+02
  0.224848E+02
  0.224854E+02
  0.224860E+02
  0.224865E+02
  0.224871E+02
  0.224877E+02
  0.224882E+02
  0.224888E+02
  0.224894E+02
  0.224900E+02
  0.224905E+02
  0.224911E+02
  0.224917E+02
  0.224922E+02
  0.224928E+02
  0.224934E+02
  0.224939E+02
  0.224945E+02
  0.224951E+02
  0.224956E+02
  0.224962E+02
  0.224968E+02
  0.224973E+02
  0.224979E+02
  0.224985E+02
  0.224990E+02
  0.224996E+02
  0.225002E+02
  0.225007E+02
  0.225013E+02
  0.225019E+02
  0.225024E+02
  0.225030E+02
  0.225036E+02
  0.225041E+02
  0.225047E+02
  0.225053E+02
  0.225058E+02
  0.225064E+02
  0.225070E+02
  0.225075E+02
  0.225081E+02
  0.225087E+02
  0.225092E+02
  0.225098E+02
  0.225104E+02
  0.225109E+02
  0.225115E+02
  0.225121E+02
  0.225126E+02
  0.225132E+02
  0.225138E+02
  0.225143E+02
  0.225149E+02
  0.225155E+02
  0.225160E+02
  0.225166E+02
  0.225172E+02
  0.225177E+02
  0.225183E+02
  0.225189E+02
  0.225194E+02
  0.225200E+02
  0.225206E+02
  0.225211E+02
  0.225217E+02
  0.225223E+02
  0.225228E+02
  0.225234E+02
  0.225240E+02
  0.225245E+02
  0.225251E+02
  0.225257E+02
  0.225262E+02
  0.225268E+02
  0.225274E+02
  0.225279E+02
  0.225285E+02
  0.225291E+02
  0.225296E+02
  0.225302E+02
  0.225308E+02
  0.225313E+02
  0.225319E+02
  0.225325E+02
  0.225330E+02
  0.225336E+02
  0.225341E+02
  0.225347E+02
  0.225353E+02
  0.225358E+02
  0.225364E+02
  0.225370E+02
  0.225375E+02
  0.225381E+02
  0.225387E+02
  0.225392E+02
  0.225398E+02
  0.225404E+02
  0.225409E+02
  0.225415E+02
  0.225421E+02
  0.225426E+02
  0.225432E+02
  0.225438E+02
  0.225443E+02
  0.225449E+02
  0.225455E+02
  0.225460E+02
  0.225466E+02
  0.225471E+02
  0.225477E+02
  0.225483E+02
  0.225488E+02
  0.225494E+02
  0.225500E+02
  0.225505E+02
  0.225511E+02
  0.225517E+02
  0.225522E+02
  0.225528E+02
  0.225534E+02
  0.225539E+02
  0.225545E+02
  0.225551E+02
  0.225556E+02
  0.225562E+02
  0.225568E+02
  0.225573E+02
  0.225579E+02
  0.225584E+02
  0.225590E+02
  0.225596E+02
  0.225601E+02
  0.225607E+02
  0.225613E+02
  0.225618E+02
  0.225624E+02
  0.225630E+02
  0.225635E+02
  0.225641E+02
  0.225647E+02
  0.225652E+02
  0.225658E+02
  0.225663E+02
  0.225669E+02
  0.225675E+02
  0.225680E+02
  0.225686E+02
  0.225692E+02
  0.225697E+02
  0.225703E+02
  0.225709E+02
  0.225714E+02
  0.225720E+02
  0.225725E+02
  0.225731E+02
  0.225737E+02
  0.225742E+02
  0.225748E+02
  0.225754E+02
  0.225759E+02
  0.225765E+02
  0.225771E+02
  0.225776E+02
  0.225782E+02
  0.225787E+02
  0.225793E+02
  0.225799E+02
  0.225804E+02
  0.225810E+02
  0.225816E+02
  0.225821E+02
  0.225827E+02
  0.225833E+02
  0.225838E+02
  0.225844E+02
  0.225849E+02
  0.225855E+02
  0.225861E+02
  0.225866E+02
  0.225872E+02
  0.225878E+02
  0.225883E+02
  0.225889E+02
  0.225895E+02
  0.225900E+02
  0.225906E+02
  0.225911E+02
  0.225917E+02
  0.225923E+02
  0.225928E+02
  0.225934E+02
  0.225940E+02
  0.225945E+02
  0.225951E+02
  0.225956E+02
  0.225962E+02
  0.225968E+02
  0.225973E+02
  0.225979E+02
  0.225985E+02
  0.225990E+02
  0.225996E+02
  0.226001E+02
  0.226007E+02
  0.226013E+02
  0.226018E+02
  0.226024E+02
  0.226030E+02
  0.226035E+02
  0.226041E+02
  0.226046E+02
  0.226052E+02
  0.226058E+02
  0.226063E+02
  0.226069E+02
  0.226075E+02
  0.226080E+02
  0.226086E+02
  0.226091E+02
  0.226097E+02
  0.226103E+02
  0.226108E+02
  0.226114E+02
  0.226120E+02
  0.226125E+02
  0.226131E+02
  0.226136E+02
  0.226142E+02
  0.226148E+02
  0.226153E+02
  0.226159E+02
  0.226165E+02
  0.226170E+02
  0.226176E+02
  0.226181E+02
  0.226187E+02
  0.226193E+02
  0.226198E+02
  0.226204E+02
  0.226209E+02
  0.226215E+02
  0.226221E+02
  0.226226E+02
  0.226232E+02
  0.226238E+02
  0.226243E+02
  0.226249E+02
  0.226254E+02
  0.226260E+02
  0.226266E+02
  0.226271E+02
  0.226277E+02
  0.226282E+02
  0.226288E+02
  0.226294E+02
  0.226299E+02
  0.226305E+02
  0.226311E+02
  0.226316E+02
  0.226322E+02
  0.226327E+02
  0.226333E+02
  0.226339E+02
  0.226344E+02
  0.226350E+02
  0.226355E+02
  0.226361E+02
  0.226367E+02
  0.226372E+02
  0.226378E+02
  0.226383E+02
  0.226389E+02
  0.226395E+02
  0.226400E+02
  0.226406E+02
  0.226411E+02
  0.226417E+02
  0.226423E+02
  0.226428E+02
  0.226434E+02
  0.226440E+02
  0.226445E+02
  0.226451E+02
  0.226456E+02
  0.226462E+02
  0.226468E+02
  0.226473E+02
  0.226479E+02
  0.226484E+02
  0.226490E+02
  0.226496E+02
  0.226501E+02
  0.226507E+02
  0.226512E+02
  0.226518E+02
  0.226524E+02
  0.226529E+02
  0.226535E+02
  0.226540E+02
  0.226546E+02
  0.226552E+02
  0.226557E+02
  0.226563E+02
  0.226568E+02
  0.226574E+02
  0.226580E+02
  0.226585E+02
  0.226591E+02
  0.226596E+02
  0.226602E+02
  0.226608E+02
  0.226613E+02
  0.226619E+02
  0.226624E+02
  0.226630E+02
  0.226636E+02
  0.226641E+02
  0.226647E+02
  0.226652E+02
  0.226658E+02
  0.226664E+02
  0.226669E+02
  0.226675E+02
  0.226680E+02
  0.226686E+02
  0.226692E+02
  0.226697E+02
  0.226703E+02
  0.226708E+02
  0.226714E+02
  0.226720E+02
  0.226725E+02
  0.226731E+02
  0.226736E+02
  0.226742E+02
  0.226748E+02
  0.226753E+02
  0.226759E+02
  0.226764E+02
  0.226770E+02
  0.226775E+02
  0.226781E+02
  0.226787E+02
  0.226792E+02
  0.226798E+02
  0.226803E+02
  0.226809E+02
  0.226815E+02
  0.226820E+02
  0.226826E+02
  0.226831E+02
  0.226837E+02
  0.226843E+02
  0.226848E+02
  0.226854E+02
  0.226859E+02
  0.226865E+02
  0.226870E+02
  0.226876E+02
  0.226882E+02
  0.226887E+02
  0.226893E+02
  0.226898E+02
  0.226904E+02
  0.226910E+02
  0.226915E+02
  0.226921E+02
  0.226926E+02
  0.226932E+02
  0.226938E+02
  0.226943E+02
  0.226949E+02
  0.226954E+02
  0.226960E+02
  0.226965E+02
  0.226971E+02
  0.226977E+02
  0.226982E+02
  0.226988E+02
  0.226993E+02
  0.226999E+02
  0.227005E+02
  0.227010E+02
  0.227016E+02
  0.227021E+02
  0.227027E+02
  0.227032E+02
  0.227038E+02
  0.227044E+02
  0.227049E+02
  0.227055E+02
  0.227060E+02
  0.227066E+02
  0.227071E+02
  0.227077E+02
  0.227083E+02
  0.227088E+02
  0.227094E+02
  0.227099E+02
  0.227105E+02
  0.227111E+02
  0.227116E+02
  0.227122E+02
  0.227127E+02
  0.227133E+02
  0.227138E+02
  0.227144E+02
  0.227150E+02
  0.227155E+02
  0.227161E+02
  0.227166E+02
  0.227172E+02
  0.227177E+02
  0.227183E+02
  0.227189E+02
  0.227194E+02
  0.227200E+02
  0.227205E+02
  0.227211E+02
  0.227216E+02
  0.227222E+02
  0.227228E+02
  0.227233E+02
  0.227239E+02
  0.227244E+02
  0.227250E+02
  0.227255E+02
  0.227261E+02
  0.227267E+02
  0.227272E+02
  0.227278E+02
  0.227283E+02
  0.227289E+02
  0.227294E+02
  0.227300E+02
  0.227306E+02
  0.227311E+02
  0.227317E+02
  0.227322E+02
  0.227328E+02
  0.227333E+02
  0.227339E+02
  0.227345E+02
  0.227350E+02
  0.227356E+02
  0.227361E+02
  0.227367E+02
  0.227372E+02
  0.227378E+02
  0.227383E+02
  0.227389E+02
  0.227395E+02
  0.227400E+02
  0.227406E+02
  0.227411E+02
  0.227417E+02
  0.227422E+02
  0.227428E+02
  0.227434E+02
  0.227439E+02
  0.227445E+02
  0.227450E+02
  0.227456E+02
  0.227461E+02
  0.227467E+02
  0.227472E+02
  0.227478E+02
  0.227484E+02
  0.227489E+02
  0.227495E+02
  0.227500E+02
  0.227506E+02
  0.227511E+02
  0.227517E+02
  0.227522E+02
  0.227528E+02
  0.227534E+02
  0.227539E+02
  0.227545E+02
  0.227550E+02
  0.227556E+02
  0.227561E+02
  0.227567E+02
  0.227573E+02
  0.227578E+02
  0.227584E+02
  0.227589E+02
  0.227595E+02
  0.227600E+02
  0.227606E+02
  0.227611E+02
  0.227617E+02
  0.227623E+02
  0.227628E+02
  0.227634E+02
  0.227639E+02
  0.227645E+02
  0.227650E+02
  0.227656E+02
  0.227661E+02
  0.227667E+02
  0.227672E+02
  0.227678E+02
  0.227684E+02
  0.227689E+02
  0.227695E+02
  0.227700E+02
  0.227706E+02
  0.227711E+02
  0.227717E+02
  0.227722E+02
  0.227728E+02
  0.227734E+02
  0.227739E+02
  0.227745E+02
  0.227750E+02
  0.227756E+02
  0.227761E+02
  0.227767E+02
  0.227772E+02
  0.227778E+02
  0.227783E+02
  0.227789E+02
  0.227795E+02
  0.227800E+02
  0.227806E+02
  0.227811E+02
  0.227817E+02
  0.227822E+02
  0.227828E+02
  0.227833E+02
  0.227839E+02
  0.227844E+02
  0.227850E+02
  0.227856E+02
  0.227861E+02
  0.227867E+02
  0.227872E+02
  0.227878E+02
  0.227883E+02
  0.227889E+02
  0.227894E+02
  0.227900E+02
  0.227905E+02
  0.227911E+02
  0.227917E+02
  0.227922E+02
  0.227928E+02
  0.227933E+02
  0.227939E+02
  0.227944E+02
  0.227950E+02
  0.227955E+02
  0.227961E+02
  0.227966E+02
  0.227972E+02
  0.227977E+02
  0.227983E+02
  0.227989E+02
  0.227994E+02
  0.228000E+02
  0.228005E+02
  0.228011E+02
  0.228016E+02
  0.228022E+02
  0.228027E+02
  0.228033E+02
  0.228038E+02
  0.228044E+02
  0.228049E+02
  0.228055E+02
  0.228061E+02
  0.228066E+02
  0.228072E+02
  0.228077E+02
  0.228083E+02
  0.228088E+02
  0.228094E+02
  0.228099E+02
  0.228105E+02
  0.228110E+02
  0.228116E+02
  0.228121E+02
  0.228127E+02
  0.228132E+02
  0.228138E+02
  0.228143E+02
  0.228149E+02
  0.228155E+02
  0.228160E+02
  0.228166E+02
  0.228171E+02
  0.228177E+02
  0.228182E+02
  0.228188E+02
  0.228193E+02
  0.228199E+02
  0.228204E+02
  0.228210E+02
  0.228215E+02
  0.228221E+02
  0.228226E+02
  0.228232E+02
  0.228237E+02
  0.228243E+02
  0.228249E+02
  0.228254E+02
  0.228260E+02
  0.228265E+02
  0.228271E+02
  0.228276E+02
  0.228282E+02
  0.228287E+02
  0.228293E+02
  0.228298E+02
  0.228304E+02
  0.228309E+02
  0.228315E+02
  0.228320E+02
  0.228326E+02
  0.228331E+02
  0.228337E+02
  0.228342E+02
  0.228348E+02
  0.228354E+02
  0.228359E+02
  0.228365E+02
  0.228370E+02
  0.228376E+02
  0.228381E+02
  0.228387E+02
  0.228392E+02
  0.228398E+02
  0.228403E+02
  0.228409E+02
  0.228414E+02
  0.228420E+02
  0.228425E+02
  0.228431E+02
  0.228436E+02
  0.228442E+02
  0.228447E+02
  0.228453E+02
  0.228458E+02
  0.228464E+02
  0.228469E+02
  0.228475E+02
  0.228480E+02
  0.228486E+02
  0.228491E+02
  0.228497E+02
  0.228503E+02
  0.228508E+02
  0.228514E+02
  0.228519E+02
  0.228525E+02
  0.228530E+02
  0.228536E+02
  0.228541E+02
  0.228547E+02
  0.228552E+02
  0.228558E+02
  0.228563E+02
  0.228569E+02
  0.228574E+02
  0.228580E+02
  0.228585E+02
  0.228591E+02
  0.228596E+02
  0.228602E+02
  0.228607E+02
  0.228613E+02
  0.228618E+02
  0.228624E+02
  0.228629E+02
  0.228635E+02
  0.228640E+02
  0.228646E+02
  0.228651E+02
  0.228657E+02
  0.228662E+02
  0.228668E+02
  0.228673E+02
  0.228679E+02
  0.228684E+02
  0.228690E+02
  0.228695E+02
  0.228701E+02
  0.228706E+02
  0.228712E+02
  0.228717E+02
  0.228723E+02
  0.228728E+02
  0.228734E+02
  0.228739E+02
  0.228745E+02
  0.228750E+02
  0.228756E+02
  0.228761E+02
  0.228767E+02
  0.228772E+02
  0.228778E+02
  0.228783E+02
  0.228789E+02
  0.228794E+02
  0.228800E+02
  0.228805E+02
  0.228811E+02
  0.228816E+02
  0.228822E+02
  0.228827E+02
  0.228833E+02
  0.228838E+02
  0.228844E+02
  0.228849E+02
  0.228855E+02
  0.228860E+02
  0.228866E+02
  0.228871E+02
  0.228877E+02
  0.228882E+02
  0.228888E+02
  0.228893E+02
  0.228899E+02
  0.228904E+02
  0.228910E+02
  0.228915E+02
  0.228921E+02
  0.228926E+02
  0.228932E+02
  0.228937E+02
  0.228943E+02
  0.228948E+02
  0.228954E+02
  0.228959E+02
  0.228965E+02
  0.228970E+02
  0.228976E+02
  0.228981E+02
  0.228987E+02
  0.228992E+02
  0.228998E+02
  0.229003E+02
  0.229009E+02
  0.229014E+02
  0.229020E+02
  0.229025E+02
  0.229031E+02
  0.229036E+02
  0.229042E+02
  0.229047E+02
  0.229053E+02
  0.229058E+02
  0.229064E+02
  0.229069E+02
  0.229075E+02
  0.229080E+02
  0.229086E+02
  0.229091E+02
  0.229097E+02
  0.229102E+02
  0.229108E+02
  0.229113E+02
  0.229119E+02
  0.229124E+02
  0.229130E+02
  0.229135E+02
  0.229141E+02
  0.229146E+02
  0.229152E+02
  0.229157E+02
  0.229163E+02
  0.229168E+02
  0.229174E+02
  0.229179E+02
  0.229185E+02
  0.229190E+02
  0.229196E+02
  0.229201E+02
  0.229207E+02
  0.229212E+02
  0.229217E+02
  0.229223E+02
  0.229228E+02
  0.229234E+02
  0.229239E+02
  0.229245E+02
  0.229250E+02
  0.229256E+02
  0.229261E+02
  0.229267E+02
  0.229272E+02
  0.229278E+02
  0.229283E+02
  0.229289E+02
  0.229294E+02
  0.229300E+02
  0.229305E+02
  0.229311E+02
  0.229316E+02
  0.229322E+02
  0.229327E+02
  0.229333E+02
  0.229338E+02
  0.229344E+02
  0.229349E+02
  0.229355E+02
  0.229360E+02
  0.229365E+02
  0.229371E+02
  0.229376E+02
  0.229382E+02
  0.229387E+02
  0.229393E+02
  0.229398E+02
  0.229404E+02
  0.229409E+02
  0.229415E+02
  0.229420E+02
  0.229426E+02
  0.229431E+02
  0.229437E+02
  0.229442E+02
  0.229448E+02
  0.229453E+02
  0.229459E+02
  0.229464E+02
  0.229470E+02
  0.229475E+02
  0.229480E+02
  0.229486E+02
  0.229491E+02
  0.229497E+02
  0.229502E+02
  0.229508E+02
  0.229513E+02
  0.229519E+02
  0.229524E+02
  0.229530E+02
  0.229535E+02
  0.229541E+02
  0.229546E+02
  0.229552E+02
  0.229557E+02
  0.229563E+02
  0.229568E+02
  0.229573E+02
  0.229579E+02
  0.229584E+02
  0.229590E+02
  0.229595E+02
  0.229601E+02
  0.229606E+02
  0.229612E+02
  0.229617E+02
  0.229623E+02
  0.229628E+02
  0.229634E+02
  0.229639E+02
  0.229645E+02
  0.229650E+02
  0.229655E+02
  0.229661E+02
  0.229666E+02
  0.229672E+02
  0.229677E+02
  0.229683E+02
  0.229688E+02
  0.229694E+02
  0.229699E+02
  0.229705E+02
  0.229710E+02
  0.229716E+02
  0.229721E+02
  0.229727E+02
  0.229732E+02
  0.229737E+02
  0.229743E+02
  0.229748E+02
  0.229754E+02
  0.229759E+02
  0.229765E+02
  0.229770E+02
  0.229776E+02
  0.229781E+02
  0.229787E+02
  0.229792E+02
  0.229798E+02
  0.229803E+02
  0.229808E+02
  0.229814E+02
  0.229819E+02
  0.229825E+02
  0.229830E+02
  0.229836E+02
  0.229841E+02
  0.229847E+02
  0.229852E+02
  0.229858E+02
  0.229863E+02
  0.229868E+02
  0.229874E+02
  0.229879E+02
  0.229885E+02
  0.229890E+02
  0.229896E+02
  0.229901E+02
  0.229907E+02
  0.229912E+02
  0.229918E+02
  0.229923E+02
  0.229928E+02
  0.229934E+02
  0.229939E+02
  0.229945E+02
  0.229950E+02
  0.229956E+02
  0.229961E+02
  0.229967E+02
  0.229972E+02
  0.229978E+02
  0.229983E+02
  0.229988E+02
  0.229994E+02
  0.229999E+02
  0.230005E+02
  0.230010E+02
  0.230016E+02
  0.230021E+02
  0.230027E+02
  0.230032E+02
  0.230037E+02
  0.230043E+02
  0.230048E+02
  0.230054E+02
  0.230059E+02
  0.230065E+02
  0.230070E+02
  0.230076E+02
  0.230081E+02
  0.230087E+02
  0.230092E+02
  0.230097E+02
  0.230103E+02
  0.230108E+02
  0.230114E+02
  0.230119E+02
  0.230125E+02
  0.230130E+02
  0.230136E+02
  0.230141E+02
  0.230146E+02
  0.230152E+02
  0.230157E+02
  0.230163E+02
  0.230168E+02
  0.230174E+02
  0.230179E+02
  0.230185E+02
  0.230190E+02
  0.230196E+02
  0.230201E+02
  0.230206E+02
  0.230212E+02
  0.230217E+02
  0.230223E+02
  0.230228E+02
  0.230234E+02
  0.230239E+02
  0.230245E+02
  0.230250E+02
  0.230255E+02
  0.230261E+02
  0.230266E+02
  0.230272E+02
  0.230277E+02
  0.230283E+02
  0.230288E+02
  0.230294E+02
  0.230299E+02
  0.230304E+02
  0.230310E+02
  0.230315E+02
  0.230321E+02
  0.230326E+02
  0.230332E+02
  0.230337E+02
  0.230343E+02
  0.230348E+02
  0.230353E+02
  0.230359E+02
  0.230364E+02
  0.230370E+02
  0.230375E+02
  0.230381E+02
  0.230386E+02
  0.230392E+02
  0.230397E+02
  0.230402E+02
  0.230408E+02
  0.230413E+02
  0.230419E+02
  0.230424E+02
  0.230430E+02
  0.230435E+02
  0.230441E+02
  0.230446E+02
  0.230451E+02
  0.230457E+02
  0.230462E+02
  0.230468E+02
  0.230473E+02
  0.230479E+02
  0.230484E+02
  0.230489E+02
  0.230495E+02
  0.230500E+02
  0.230506E+02
  0.230511E+02
  0.230517E+02
  0.230522E+02
  0.230528E+02
  0.230533E+02
  0.230538E+02
  0.230544E+02
  0.230549E+02
  0.230555E+02
  0.230560E+02
  0.230566E+02
  0.230571E+02
  0.230577E+02
  0.230582E+02
  0.230587E+02
  0.230593E+02
  0.230598E+02
  0.230604E+02
  0.230609E+02
  0.230615E+02
  0.230620E+02
  0.230626E+02
  0.230631E+02
  0.230636E+02
  0.230642E+02
  0.230647E+02
  0.230653E+02
  0.230658E+02
  0.230664E+02
  0.230669E+02
  0.230674E+02
  0.230680E+02
  0.230685E+02
  0.230691E+02
  0.230696E+02
  0.230702E+02
  0.230707E+02
  0.230713E+02
  0.230718E+02
  0.230723E+02
  0.230729E+02
  0.230734E+02
  0.230740E+02
  0.230745E+02
  0.230751E+02
  0.230756E+02
  0.230761E+02
  0.230767E+02
  0.230772E+02
  0.230778E+02
  0.230783E+02
  0.230789E+02
  0.230794E+02
  0.230800E+02
  0.230805E+02
  0.230810E+02
  0.230816E+02
  0.230821E+02
  0.230827E+02
  0.230832E+02
  0.230838E+02
  0.230843E+02
  0.230848E+02
  0.230854E+02
  0.230859E+02
  0.230865E+02
  0.230870E+02
  0.230876E+02
  0.230881E+02
  0.230886E+02
  0.230892E+02
  0.230897E+02
  0.230903E+02
  0.230908E+02
  0.230914E+02
  0.230919E+02
  0.230924E+02
  0.230930E+02
  0.230935E+02
  0.230941E+02
  0.230946E+02
  0.230952E+02
  0.230957E+02
  0.230963E+02
  0.230968E+02
  0.230973E+02
  0.230979E+02
  0.230984E+02
  0.230990E+02
  0.230995E+02
  0.231001E+02
  0.231006E+02
  0.231011E+02
  0.231017E+02
  0.231022E+02
  0.231028E+02
  0.231033E+02
  0.231039E+02
  0.231044E+02
  0.231049E+02
  0.231055E+02
  0.231060E+02
  0.231066E+02
  0.231071E+02
  0.231077E+02
  0.231082E+02
  0.231087E+02
  0.231093E+02
  0.231098E+02
  0.231104E+02
  0.231109E+02
  0.231115E+02
  0.231120E+02
  0.231125E+02
  0.231131E+02
  0.231136E+02
  0.231142E+02
  0.231147E+02
  0.231153E+02
  0.231158E+02
  0.231163E+02
  0.231169E+02
  0.231174E+02
  0.231180E+02
  0.231185E+02
  0.231191E+02
  0.231196E+02
  0.231201E+02
  0.231207E+02
  0.231212E+02
  0.231218E+02
  0.231223E+02
  0.231229E+02
  0.231234E+02
  0.231239E+02
  0.231245E+02
  0.231250E+02
  0.231256E+02
  0.231261E+02
  0.231267E+02
  0.231272E+02
  0.231277E+02
  0.231283E+02
  0.231288E+02
  0.231294E+02
  0.231299E+02
  0.231305E+02
  0.231310E+02
  0.231315E+02
  0.231321E+02
  0.231326E+02
  0.231332E+02
  0.231337E+02
  0.231343E+02
  0.231348E+02
  0.231353E+02
  0.231359E+02
  0.231364E+02
  0.231370E+02
  0.231375E+02
  0.231381E+02
  0.231386E+02
  0.231391E+02
  0.231397E+02
  0.231402E+02
  0.231408E+02
  0.231413E+02
  0.231419E+02
  0.231424E+02
  0.231429E+02
  0.231435E+02
  0.231440E+02
  0.231446E+02
  0.231451E+02
  0.231456E+02
  0.231462E+02
  0.231467E+02
  0.231473E+02
  0.231478E+02
  0.231484E+02
  0.231489E+02
  0.231494E+02
  0.231500E+02
  0.231505E+02
  0.231511E+02
  0.231516E+02
  0.231522E+02
  0.231527E+02
  0.231532E+02
  0.231538E+02
  0.231543E+02
  0.231549E+02
  0.231554E+02
  0.231560E+02
  0.231565E+02
  0.231570E+02
  0.231576E+02
  0.231581E+02
  0.231587E+02
  0.231592E+02
  0.231597E+02
  0.231603E+02
  0.231608E+02
  0.231614E+02
  0.231619E+02
  0.231625E+02
  0.231630E+02
  0.231635E+02
  0.231641E+02
  0.231646E+02
  0.231652E+02
  0.231657E+02
  0.231663E+02
  0.231668E+02
  0.231673E+02
  0.231679E+02
  0.231684E+02
  0.231690E+02
  0.231695E+02
  0.231700E+02
  0.231706E+02
  0.231711E+02
  0.231717E+02
  0.231722E+02
  0.231728E+02
  0.231733E+02
  0.231738E+02
  0.231744E+02
  0.231749E+02
  0.231755E+02
  0.231760E+02
  0.231765E+02
  0.231771E+02
  0.231776E+02
  0.231782E+02
  0.231787E+02
  0.231793E+02
  0.231798E+02
  0.231803E+02
  0.231809E+02
  0.231814E+02
  0.231820E+02
  0.231825E+02
  0.231830E+02
  0.231836E+02
  0.231841E+02
  0.231847E+02
  0.231852E+02
  0.231858E+02
  0.231863E+02
  0.231868E+02
  0.231874E+02
  0.231879E+02
  0.231885E+02
  0.231890E+02
  0.231895E+02
  0.231901E+02
  0.231906E+02
  0.231912E+02
  0.231917E+02
  0.231923E+02
  0.231928E+02
  0.231933E+02
  0.231939E+02
  0.231944E+02
  0.231950E+02
  0.231955E+02
  0.231960E+02
  0.231966E+02
  0.231971E+02
  0.231977E+02
  0.231982E+02
  0.231988E+02
  0.231993E+02
  0.231998E+02
  0.232004E+02
  0.232009E+02
  0.232015E+02
  0.232020E+02
  0.232025E+02
  0.232031E+02
  0.232036E+02
  0.232042E+02
  0.232047E+02
  0.232053E+02
  0.232058E+02
  0.232063E+02
  0.232069E+02
  0.232074E+02
  0.232080E+02
  0.232085E+02
  0.232090E+02
  0.232096E+02
  0.232101E+02
  0.232107E+02
  0.232112E+02
  0.232117E+02
  0.232123E+02
  0.232128E+02
  0.232134E+02
  0.232139E+02
  0.232145E+02
  0.232150E+02
  0.232155E+02
  0.232161E+02
  0.232166E+02
  0.232172E+02
  0.232177E+02
  0.232182E+02
  0.232188E+02
  0.232193E+02
  0.232199E+02
  0.232204E+02
  0.232209E+02
  0.232215E+02
  0.232220E+02
  0.232226E+02
  0.232231E+02
  0.232236E+02
  0.232242E+02
  0.232247E+02
  0.232253E+02
  0.232258E+02
  0.232264E+02
  0.232269E+02
  0.232274E+02
  0.232280E+02
  0.232285E+02
  0.232291E+02
  0.232296E+02
  0.232301E+02
  0.232307E+02
  0.232312E+02
  0.232318E+02
  0.232323E+02
  0.232328E+02
  0.232334E+02
  0.232339E+02
  0.232345E+02
  0.232350E+02
  0.232355E+02
  0.232361E+02
  0.232366E+02
  0.232372E+02
  0.232377E+02
  0.232383E+02
  0.232388E+02
  0.232393E+02
  0.232399E+02
  0.232404E+02
  0.232410E+02
  0.232415E+02
  0.232420E+02
  0.232426E+02
  0.232431E+02
  0.232437E+02
  0.232442E+02
  0.232447E+02
  0.232453E+02
  0.232458E+02
  0.232464E+02
  0.232469E+02
  0.232474E+02
  0.232480E+02
  0.232485E+02
  0.232491E+02
  0.232496E+02
  0.232501E+02
  0.232507E+02
  0.232512E+02
  0.232518E+02
  0.232523E+02
  0.232528E+02
  0.232534E+02
  0.232539E+02
  0.232545E+02
  0.232550E+02
  0.232555E+02
  0.232561E+02
  0.232566E+02
  0.232572E+02
  0.232577E+02
  0.232583E+02
  0.232588E+02
  0.232593E+02
  0.232599E+02
  0.232604E+02
  0.232610E+02
  0.232615E+02
  0.232620E+02
  0.232626E+02
  0.232631E+02
  0.232637E+02
  0.232642E+02
  0.232647E+02
  0.232653E+02
  0.232658E+02
  0.232664E+02
  0.232669E+02
  0.232674E+02
  0.232680E+02
  0.232685E+02
  0.232691E+02
  0.232696E+02
  0.232701E+02
  0.232707E+02
  0.232712E+02
  0.232718E+02
  0.232723E+02
  0.232728E+02
  0.232734E+02
  0.232739E+02
  0.232745E+02
  0.232750E+02
  0.232755E+02
  0.232761E+02
  0.232766E+02
  0.232772E+02
  0.232777E+02
  0.232782E+02
  0.232788E+02
  0.232793E+02
  0.232799E+02
  0.232804E+02
  0.232809E+02
  0.232815E+02
  0.232820E+02
  0.232826E+02
  0.232831E+02
  0.232836E+02
  0.232842E+02
  0.232847E+02
  0.232853E+02
  0.232858E+02
  0.232863E+02
  0.232869E+02
  0.232874E+02
  0.232880E+02
  0.232885E+02
  0.232890E+02
  0.232896E+02
  0.232901E+02
  0.232907E+02
  0.232912E+02
  0.232917E+02
  0.232923E+02
  0.232928E+02
  0.232934E+02
  0.232939E+02
  0.232944E+02
  0.232950E+02
  0.232955E+02
  0.232961E+02
  0.232966E+02
  0.232971E+02
  0.232977E+02
  0.232982E+02
  0.232987E+02
  0.232993E+02
  0.232998E+02
  0.233004E+02
  0.233009E+02
  0.233014E+02
  0.233020E+02
  0.233025E+02
  0.233031E+02
  0.233036E+02
  0.233041E+02
  0.233047E+02
  0.233052E+02
  0.233058E+02
  0.233063E+02
  0.233068E+02
  0.233074E+02
  0.233079E+02
  0.233085E+02
  0.233090E+02
  0.233095E+02
  0.233101E+02
  0.233106E+02
  0.233112E+02
  0.233117E+02
  0.233122E+02
  0.233128E+02
  0.233133E+02
  0.233139E+02
  0.233144E+02
  0.233149E+02
  0.233155E+02
  0.233160E+02
  0.233166E+02
  0.233171E+02
  0.233176E+02
  0.233182E+02
  0.233187E+02
  0.233192E+02
  0.233198E+02
  0.233203E+02
  0.233209E+02
  0.233214E+02
  0.233219E+02
  0.233225E+02
  0.233230E+02
  0.233236E+02
  0.233241E+02
  0.233246E+02
  0.233252E+02
  0.233257E+02
  0.233263E+02
  0.233268E+02
  0.233273E+02
  0.233279E+02
  0.233284E+02
  0.233290E+02
  0.233295E+02
  0.233300E+02
  0.233306E+02
  0.233311E+02
  0.233316E+02
  0.233322E+02
  0.233327E+02
  0.233333E+02
  0.233338E+02
  0.233343E+02
  0.233349E+02
  0.233354E+02
  0.233360E+02
  0.233365E+02
  0.233370E+02
  0.233376E+02
  0.233381E+02
  0.233387E+02
  0.233392E+02
  0.233397E+02
  0.233403E+02
  0.233408E+02
  0.233413E+02
  0.233419E+02
  0.233424E+02
  0.233430E+02
  0.233435E+02
  0.233440E+02
  0.233446E+02
  0.233451E+02
  0.233457E+02
  0.233462E+02
  0.233467E+02
  0.233473E+02
  0.233478E+02
  0.233484E+02
  0.233489E+02
  0.233494E+02
  0.233500E+02
  0.233505E+02
  0.233510E+02
  0.233516E+02
  0.233521E+02
  0.233527E+02
  0.233532E+02
  0.233537E+02
  0.233543E+02
  0.233548E+02
  0.233554E+02
  0.233559E+02
  0.233564E+02
  0.233570E+02
  0.233575E+02
  0.233580E+02
  0.233586E+02
  0.233591E+02
  0.233597E+02
  0.233602E+02
  0.233607E+02
  0.233613E+02
  0.233618E+02
  0.233624E+02
  0.233629E+02
  0.233634E+02
  0.233640E+02
  0.233645E+02
  0.233650E+02
  0.233656E+02
  0.233661E+02
  0.233667E+02
  0.233672E+02
  0.233677E+02
  0.233683E+02
  0.233688E+02
  0.233694E+02
  0.233699E+02
  0.233704E+02
  0.233710E+02
  0.233715E+02
  0.233720E+02
  0.233726E+02
  0.233731E+02
  0.233737E+02
  0.233742E+02
  0.233747E+02
  0.233753E+02
  0.233758E+02
  0.233764E+02
  0.233769E+02
  0.233774E+02
  0.233780E+02
  0.233785E+02
  0.233790E+02
  0.233796E+02
  0.233801E+02
  0.233807E+02
  0.233812E+02
  0.233817E+02
  0.233823E+02
  0.233828E+02
  0.233834E+02
  0.233839E+02
  0.233844E+02
  0.233850E+02
  0.233855E+02
  0.233860E+02
  0.233866E+02
  0.233871E+02
  0.233877E+02
  0.233882E+02
  0.233887E+02
  0.233893E+02
  0.233898E+02
  0.233903E+02
  0.233909E+02
  0.233914E+02
  0.233920E+02
  0.233925E+02
  0.233930E+02
  0.233936E+02
  0.233941E+02
  0.233947E+02
  0.233952E+02
  0.233957E+02
  0.233963E+02
  0.233968E+02
  0.233973E+02
  0.233979E+02
  0.233984E+02
  0.233990E+02
  0.233995E+02
  0.234000E+02
  0.234006E+02
  0.234011E+02
  0.234016E+02
  0.234022E+02
  0.234027E+02
  0.234033E+02
  0.234038E+02
  0.234043E+02
  0.234049E+02
  0.234054E+02
  0.234059E+02
  0.234065E+02
  0.234070E+02
  0.234076E+02
  0.234081E+02
  0.234086E+02
  0.234092E+02
  0.234097E+02
  0.234102E+02
  0.234108E+02
  0.234113E+02
  0.234119E+02
  0.234124E+02
  0.234129E+02
  0.234135E+02
  0.234140E+02
  0.234145E+02
  0.234151E+02
  0.234156E+02
  0.234162E+02
  0.234167E+02
  0.234172E+02
  0.234178E+02
  0.234183E+02
  0.234188E+02
  0.234194E+02
  0.234199E+02
  0.234205E+02
  0.234210E+02
  0.234215E+02
  0.234221E+02
  0.234226E+02
  0.234231E+02
  0.234237E+02
  0.234242E+02
  0.234248E+02
  0.234253E+02
  0.234258E+02
  0.234264E+02
  0.234269E+02
  0.234274E+02
  0.234280E+02
  0.234285E+02
  0.234291E+02
  0.234296E+02
  0.234301E+02
  0.234307E+02
  0.234312E+02
  0.234317E+02
  0.234323E+02
  0.234328E+02
  0.234334E+02
  0.234339E+02
  0.234344E+02
  0.234350E+02
  0.234355E+02
  0.234360E+02
  0.234366E+02
  0.234371E+02
  0.234377E+02
  0.234382E+02
  0.234387E+02
  0.234393E+02
  0.234398E+02
  0.234403E+02
  0.234409E+02
  0.234414E+02
  0.234420E+02
  0.234425E+02
  0.234430E+02
  0.234436E+02
  0.234441E+02
  0.234446E+02
  0.234452E+02
  0.234457E+02
  0.234463E+02
  0.234468E+02
  0.234473E+02
  0.234479E+02
  0.234484E+02
  0.234489E+02
  0.234495E+02
  0.234500E+02
  0.234505E+02
  0.234511E+02
  0.234516E+02
  0.234522E+02
  0.234527E+02
  0.234532E+02
  0.234538E+02
  0.234543E+02
  0.234548E+02
  0.234554E+02
  0.234559E+02
  0.234565E+02
  0.234570E+02
  0.234575E+02
  0.234581E+02
  0.234586E+02
  0.234591E+02
  0.234597E+02
  0.234602E+02
  0.234607E+02
  0.234613E+02
  0.234618E+02
  0.234624E+02
  0.234629E+02
  0.234634E+02
  0.234640E+02
  0.234645E+02
  0.234650E+02
  0.234656E+02
  0.234661E+02
  0.234667E+02
  0.234672E+02
  0.234677E+02
  0.234683E+02
  0.234688E+02
  0.234693E+02
  0.234699E+02
  0.234704E+02
  0.234709E+02
  0.234715E+02
  0.234720E+02
  0.234726E+02
  0.234731E+02
  0.234736E+02
  0.234742E+02
  0.234747E+02
  0.234752E+02
  0.234758E+02
  0.234763E+02
  0.234768E+02
  0.234774E+02
  0.234779E+02
  0.234785E+02
  0.234790E+02
  0.234795E+02
  0.234801E+02
  0.234806E+02
  0.234811E+02
  0.234817E+02
  0.234822E+02
  0.234827E+02
  0.234833E+02
  0.234838E+02
  0.234844E+02
  0.234849E+02
  0.234854E+02
  0.234860E+02
  0.234865E+02
  0.234870E+02
  0.234876E+02
  0.234881E+02
  0.234886E+02
  0.234892E+02
  0.234897E+02
  0.234903E+02
  0.234908E+02
  0.234913E+02
  0.234919E+02
  0.234924E+02
  0.234929E+02
  0.234935E+02
  0.234940E+02
  0.234945E+02
  0.234951E+02
  0.234956E+02
  0.234962E+02
  0.234967E+02
  0.234972E+02
  0.234978E+02
  0.234983E+02
  0.234988E+02
  0.234994E+02
  0.234999E+02
  0.235004E+02
  0.235010E+02
  0.235015E+02
  0.235021E+02
  0.235026E+02
  0.235031E+02
  0.235037E+02
  0.235042E+02
  0.235047E+02
  0.235053E+02
  0.235058E+02
  0.235063E+02
  0.235069E+02
  0.235074E+02
  0.235080E+02
  0.235085E+02
  0.235090E+02
  0.235096E+02
  0.235101E+02
  0.235106E+02
  0.235112E+02
  0.235117E+02
  0.235122E+02
  0.235128E+02
  0.235133E+02
  0.235139E+02
  0.235144E+02
  0.235149E+02
  0.235155E+02
  0.235160E+02
  0.235165E+02
  0.235171E+02
  0.235176E+02
  0.235181E+02
  0.235187E+02
  0.235192E+02
  0.235198E+02
  0.235203E+02
  0.235208E+02
  0.235214E+02
  0.235219E+02
  0.235224E+02
  0.235230E+02
  0.235235E+02
  0.235240E+02
  0.235246E+02
  0.235251E+02
  0.235257E+02
  0.235262E+02
  0.235267E+02
  0.235273E+02
  0.235278E+02
  0.235283E+02
  0.235289E+02
  0.235294E+02
  0.235299E+02
  0.235305E+02
  0.235310E+02
  0.235316E+02
  0.235321E+02
  0.235326E+02
  0.235332E+02
  0.235337E+02
  0.235342E+02
  0.235348E+02
  0.235353E+02
  0.235358E+02
  0.235364E+02
  0.235369E+02
  0.235375E+02
  0.235380E+02
  0.235385E+02
  0.235391E+02
  0.235396E+02
  0.235401E+02
  0.235407E+02
  0.235412E+02
  0.235417E+02
  0.235423E+02
  0.235428E+02
  0.235434E+02
  0.235439E+02
  0.235444E+02
  0.235450E+02
  0.235455E+02
  0.235460E+02
  0.235466E+02
  0.235471E+02
  0.235477E+02
  0.235482E+02
  0.235487E+02
  0.235493E+02
  0.235498E+02
  0.235503E+02
  0.235509E+02
  0.235514E+02
  0.235519E+02
  0.235525E+02
  0.235530E+02
  0.235536E+02
  0.235541E+02
  0.235546E+02
  0.235552E+02
  0.235557E+02
  0.235562E+02
  0.235568E+02
  0.235573E+02
  0.235579E+02
  0.235584E+02
  0.235589E+02
  0.235595E+02
  0.235600E+02
  0.235605E+02
  0.235611E+02
  0.235616E+02
  0.235621E+02
  0.235627E+02
  0.235632E+02
  0.235638E+02
  0.235643E+02
  0.235648E+02
  0.235654E+02
  0.235659E+02
  0.235664E+02
  0.235670E+02
  0.235675E+02
  0.235681E+02
  0.235686E+02
  0.235691E+02
  0.235697E+02
  0.235702E+02
  0.235707E+02
  0.235713E+02
  0.235718E+02
  0.235724E+02
  0.235729E+02
  0.235734E+02
  0.235740E+02
  0.235745E+02
  0.235750E+02
  0.235756E+02
  0.235761E+02
  0.235766E+02
  0.235772E+02
  0.235777E+02
  0.235783E+02
  0.235788E+02
  0.235793E+02
  0.235799E+02
  0.235804E+02
  0.235809E+02
  0.235815E+02
  0.235820E+02
  0.235826E+02
  0.235831E+02
  0.235836E+02
  0.235842E+02
  0.235847E+02
  0.235852E+02
  0.235858E+02
  0.235863E+02
  0.235869E+02
  0.235874E+02
  0.235879E+02
  0.235885E+02
  0.235890E+02
  0.235895E+02
  0.235901E+02
  0.235906E+02
  0.235912E+02
  0.235917E+02
  0.235922E+02
  0.235928E+02
  0.235933E+02
  0.235938E+02
  0.235944E+02
  0.235949E+02
  0.235954E+02
  0.235960E+02
  0.235965E+02
  0.235971E+02
  0.235976E+02
  0.235981E+02
  0.235987E+02
  0.235992E+02
  0.235997E+02
  0.236003E+02
  0.236008E+02
  0.236014E+02
  0.236019E+02
  0.236024E+02
  0.236030E+02
  0.236035E+02
  0.236040E+02
  0.236046E+02
  0.236051E+02
  0.236057E+02
  0.236062E+02
  0.236067E+02
  0.236073E+02
  0.236078E+02
  0.236083E+02
  0.236089E+02
  0.236094E+02
  0.236100E+02
  0.236105E+02
  0.236110E+02
  0.236116E+02
  0.236121E+02
  0.236126E+02
  0.236132E+02
  0.236137E+02
  0.236143E+02
  0.236148E+02
  0.236153E+02
  0.236159E+02
  0.236164E+02
  0.236169E+02
  0.236175E+02
  0.236180E+02
  0.236186E+02
  0.236191E+02
  0.236196E+02
  0.236202E+02
  0.236207E+02
  0.236212E+02
  0.236218E+02
  0.236223E+02
  0.236229E+02
  0.236234E+02
  0.236239E+02
  0.236245E+02
  0.236250E+02
  0.236256E+02
  0.236261E+02
  0.236266E+02
  0.236272E+02
  0.236277E+02
  0.236282E+02
  0.236288E+02
  0.236293E+02
  0.236299E+02
  0.236304E+02
  0.236309E+02
  0.236315E+02
  0.236320E+02
  0.236325E+02
  0.236331E+02
  0.236336E+02
  0.236342E+02
  0.236347E+02
  0.236352E+02
  0.236358E+02
  0.236363E+02
  0.236368E+02
  0.236374E+02
  0.236379E+02
  0.236385E+02
  0.236390E+02
  0.236395E+02
  0.236401E+02
  0.236406E+02
  0.236411E+02
  0.236417E+02
  0.236422E+02
  0.236428E+02
  0.236433E+02
  0.236438E+02
  0.236444E+02
  0.236449E+02
  0.236455E+02
  0.236460E+02
  0.236465E+02
  0.236471E+02
  0.236476E+02
  0.236481E+02
  0.236487E+02
  0.236492E+02
  0.236498E+02
  0.236503E+02
  0.236508E+02
  0.236514E+02
  0.236519E+02
  0.236524E+02
  0.236530E+02
  0.236535E+02
  0.236541E+02
  0.236546E+02
  0.236551E+02
  0.236557E+02
  0.236562E+02
  0.236568E+02
  0.236573E+02
  0.236578E+02
  0.236584E+02
  0.236589E+02
  0.236594E+02
  0.236600E+02
  0.236605E+02
  0.236611E+02
  0.236616E+02
  0.236621E+02
  0.236627E+02
  0.236632E+02
  0.236637E+02
  0.236643E+02
  0.236648E+02
  0.236654E+02
  0.236659E+02
  0.236664E+02
  0.236670E+02
  0.236675E+02
  0.236681E+02
  0.236686E+02
  0.236691E+02
  0.236697E+02
  0.236702E+02
  0.236707E+02
  0.236713E+02
  0.236718E+02
  0.236724E+02
  0.236729E+02
  0.236734E+02
  0.236740E+02
  0.236745E+02
  0.236751E+02
  0.236756E+02
  0.236761E+02
  0.236767E+02
  0.236772E+02
  0.236777E+02
  0.236783E+02
  0.236788E+02
  0.236794E+02
  0.236799E+02
  0.236804E+02
  0.236810E+02
  0.236815E+02
  0.236821E+02
  0.236826E+02
  0.236831E+02
  0.236837E+02
  0.236842E+02
  0.236847E+02
  0.236853E+02
  0.236858E+02
  0.236864E+02
  0.236869E+02
  0.236874E+02
  0.236880E+02
  0.236885E+02
  0.236891E+02
  0.236896E+02
  0.236901E+02
  0.236907E+02
  0.236912E+02
  0.236917E+02
  0.236923E+02
  0.236928E+02
  0.236934E+02
  0.236939E+02
  0.236944E+02
  0.236950E+02
  0.236955E+02
  0.236961E+02
  0.236966E+02
  0.236971E+02
  0.236977E+02
  0.236982E+02
  0.236987E+02
  0.236993E+02
  0.236998E+02
  0.237004E+02
  0.237009E+02
  0.237014E+02
  0.237020E+02
  0.237025E+02
  0.237031E+02
  0.237036E+02
  0.237041E+02
  0.237047E+02
  0.237052E+02
  0.237058E+02
  0.237063E+02
  0.237068E+02
  0.237074E+02
  0.237079E+02
  0.237084E+02
  0.237090E+02
  0.237095E+02
  0.237101E+02
  0.237106E+02
  0.237111E+02
  0.237117E+02
  0.237122E+02
  0.237128E+02
  0.237133E+02
  0.237138E+02
  0.237144E+02
  0.237149E+02
  0.237155E+02
  0.237160E+02
  0.237165E+02
  0.237171E+02
  0.237176E+02
  0.237181E+02
  0.237187E+02
  0.237192E+02
  0.237198E+02
  0.237203E+02
  0.237208E+02
  0.237214E+02
  0.237219E+02
  0.237225E+02
  0.237230E+02
  0.237235E+02
  0.237241E+02
  0.237246E+02
  0.237252E+02
  0.237257E+02
  0.237262E+02
  0.237268E+02
  0.237273E+02
  0.237278E+02
  0.237284E+02
  0.237289E+02
  0.237295E+02
  0.237300E+02
  0.237305E+02
  0.237311E+02
  0.237316E+02
  0.237322E+02
  0.237327E+02
  0.237332E+02
  0.237338E+02
  0.237343E+02
  0.237349E+02
  0.237354E+02
  0.237359E+02
  0.237365E+02
  0.237370E+02
  0.237376E+02
  0.237381E+02
  0.237386E+02
  0.237392E+02
  0.237397E+02
  0.237402E+02
  0.237408E+02
  0.237413E+02
  0.237419E+02
  0.237424E+02
  0.237429E+02
  0.237435E+02
  0.237440E+02
  0.237446E+02
  0.237451E+02
  0.237456E+02
  0.237462E+02
  0.237467E+02
  0.237473E+02
  0.237478E+02
  0.237483E+02
  0.237489E+02
  0.237494E+02
  0.237500E+02
  0.237505E+02
  0.237510E+02
  0.237516E+02
  0.237521E+02
  0.237527E+02
  0.237532E+02
  0.237537E+02
  0.237543E+02
  0.237548E+02
  0.237554E+02
  0.237559E+02
  0.237564E+02
  0.237570E+02
  0.237575E+02
  0.237580E+02
  0.237586E+02
  0.237591E+02
  0.237597E+02
  0.237602E+02
  0.237607E+02
  0.237613E+02
  0.237618E+02
  0.237624E+02
  0.237629E+02
  0.237634E+02
  0.237640E+02
  0.237645E+02
  0.237651E+02
  0.237656E+02
  0.237661E+02
  0.237667E+02
  0.237672E+02
  0.237678E+02
  0.237683E+02
  0.237688E+02
  0.237694E+02
  0.237699E+02
  0.237705E+02
  0.237710E+02
  0.237715E+02
  0.237721E+02
  0.237726E+02
  0.237732E+02
  0.237737E+02
  0.237742E+02
  0.237748E+02
  0.237753E+02
  0.237759E+02
  0.237764E+02
  0.237769E+02
  0.237775E+02
  0.237780E+02
  0.237786E+02
  0.237791E+02
  0.237796E+02
  0.237802E+02
  0.237807E+02
  0.237813E+02
  0.237818E+02
  0.237823E+02
  0.237829E+02
  0.237834E+02
  0.237840E+02
  0.237845E+02
  0.237850E+02
  0.237856E+02
  0.237861E+02
  0.237867E+02
  0.237872E+02
  0.237877E+02
  0.237883E+02
  0.237888E+02
  0.237894E+02
  0.237899E+02
  0.237904E+02
  0.237910E+02
  0.237915E+02
  0.237921E+02
  0.237926E+02
  0.237931E+02
  0.237937E+02
  0.237942E+02
  0.237948E+02
  0.237953E+02
  0.237958E+02
  0.237964E+02
  0.237969E+02
  0.237975E+02
  0.237980E+02
  0.237985E+02
  0.237991E+02
  0.237996E+02
  0.238002E+02
  0.238007E+02
  0.238012E+02
  0.238018E+02
  0.238023E+02
  0.238029E+02
  0.238034E+02
  0.238039E+02
  0.238045E+02
  0.238050E+02
  0.238056E+02
  0.238061E+02
  0.238066E+02
  0.238072E+02
  0.238077E+02
  0.238083E+02
  0.238088E+02
  0.238093E+02
  0.238099E+02
  0.238104E+02
  0.238110E+02
  0.238115E+02
  0.238120E+02
  0.238126E+02
  0.238131E+02
  0.238137E+02
  0.238142E+02
  0.238147E+02
  0.238153E+02
  0.238158E+02
  0.238164E+02
  0.238169E+02
  0.238174E+02
  0.238180E+02
  0.238185E+02
  0.238191E+02
  0.238196E+02
  0.238201E+02
  0.238207E+02
  0.238212E+02
  0.238218E+02
  0.238223E+02
  0.238229E+02
  0.238234E+02
  0.238239E+02
  0.238245E+02
  0.238250E+02
  0.238256E+02
  0.238261E+02
  0.238266E+02
  0.238272E+02
  0.238277E+02
  0.238283E+02
  0.238288E+02
  0.238293E+02
  0.238299E+02
  0.238304E+02
  0.238310E+02
  0.238315E+02
  0.238320E+02
  0.238326E+02
  0.238331E+02
  0.238337E+02
  0.238342E+02
  0.238347E+02
  0.238353E+02
  0.238358E+02
  0.238364E+02
  0.238369E+02
  0.238374E+02
  0.238380E+02
  0.238385E+02
  0.238391E+02
  0.238396E+02
  0.238401E+02
  0.238407E+02
  0.238412E+02
  0.238418E+02
  0.238423E+02
  0.238429E+02
  0.238434E+02
  0.238439E+02
  0.238445E+02
  0.238450E+02
  0.238456E+02
  0.238461E+02
  0.238466E+02
  0.238472E+02
  0.238477E+02
  0.238483E+02
  0.238488E+02
  0.238493E+02
  0.238499E+02
  0.238504E+02
  0.238510E+02
  0.238515E+02
  0.238520E+02
  0.238526E+02
  0.238531E+02
  0.238537E+02
  0.238542E+02
  0.238548E+02
  0.238553E+02
  0.238558E+02
  0.238564E+02
  0.238569E+02
  0.238575E+02
  0.238580E+02
  0.238585E+02
  0.238591E+02
  0.238596E+02
  0.238602E+02
  0.238607E+02
  0.238612E+02
  0.238618E+02
  0.238623E+02
  0.238629E+02
  0.238634E+02
  0.238639E+02
  0.238645E+02
  0.238650E+02
  0.238656E+02
  0.238661E+02
  0.238667E+02
  0.238672E+02
  0.238677E+02
  0.238683E+02
  0.238688E+02
  0.238694E+02
  0.238699E+02
  0.238704E+02
  0.238710E+02
  0.238715E+02
  0.238721E+02
  0.238726E+02
  0.238731E+02
  0.238737E+02
  0.238742E+02
  0.238748E+02
  0.238753E+02
  0.238759E+02
  0.238764E+02
  0.238769E+02
  0.238775E+02
  0.238780E+02
  0.238786E+02
  0.238791E+02
  0.238796E+02
  0.238802E+02
  0.238807E+02
  0.238813E+02
  0.238818E+02
  0.238824E+02
  0.238829E+02
  0.238834E+02
  0.238840E+02
  0.238845E+02
  0.238851E+02
  0.238856E+02
  0.238861E+02
  0.238867E+02
  0.238872E+02
  0.238878E+02
  0.238883E+02
  0.238888E+02
  0.238894E+02
  0.238899E+02
  0.238905E+02
  0.238910E+02
  0.238916E+02
  0.238921E+02
  0.238926E+02
  0.238932E+02
  0.238937E+02
  0.238943E+02
  0.238948E+02
  0.238953E+02
  0.238959E+02
  0.238964E+02
  0.238970E+02
  0.238975E+02
  0.238981E+02
  0.238986E+02
  0.238991E+02
  0.238997E+02
  0.239002E+02
  0.239008E+02
  0.239013E+02
  0.239018E+02
  0.239024E+02
  0.239029E+02
  0.239035E+02
  0.239040E+02
  0.239046E+02
  0.239051E+02
  0.239056E+02
  0.239062E+02
  0.239067E+02
  0.239073E+02
  0.239078E+02
  0.239083E+02
  0.239089E+02
  0.239094E+02
  0.239100E+02
  0.239105E+02
  0.239111E+02
  0.239116E+02
  0.239121E+02
  0.239127E+02
  0.239132E+02
  0.239138E+02
  0.239143E+02
  0.239148E+02
  0.239154E+02
  0.239159E+02
  0.239165E+02
  0.239170E+02
  0.239176E+02
  0.239181E+02
  0.239186E+02
  0.239192E+02
  0.239197E+02
  0.239203E+02
  0.239208E+02
  0.239214E+02
  0.239219E+02
  0.239224E+02
  0.239230E+02
  0.239235E+02
  0.239241E+02
  0.239246E+02
  0.239251E+02
  0.239257E+02
  0.239262E+02
  0.239268E+02
  0.239273E+02
  0.239279E+02
  0.239284E+02
  0.239289E+02
  0.239295E+02
  0.239300E+02
  0.239306E+02
  0.239311E+02
  0.239317E+02
  0.239322E+02
  0.239327E+02
  0.239333E+02
  0.239338E+02
  0.239344E+02
  0.239349E+02
  0.239354E+02
  0.239360E+02
  0.239365E+02
  0.239371E+02
  0.239376E+02
  0.239382E+02
  0.239387E+02
  0.239392E+02
  0.239398E+02
  0.239403E+02
  0.239409E+02
  0.239414E+02
  0.239420E+02
  0.239425E+02
  0.239430E+02
  0.239436E+02
  0.239441E+02
  0.239447E+02
  0.239452E+02
  0.239458E+02
  0.239463E+02
  0.239468E+02
  0.239474E+02
  0.239479E+02
  0.239485E+02
  0.239490E+02
  0.239495E+02
  0.239501E+02
  0.239506E+02
  0.239512E+02
  0.239517E+02
  0.239523E+02
  0.239528E+02
  0.239533E+02
  0.239539E+02
  0.239544E+02
  0.239550E+02
  0.239555E+02
  0.239561E+02
  0.239566E+02
  0.239571E+02
  0.239577E+02
  0.239582E+02
  0.239588E+02
  0.239593E+02
  0.239599E+02
  0.239604E+02
  0.239609E+02
  0.239615E+02
  0.239620E+02
  0.239626E+02
  0.239631E+02
  0.239637E+02
  0.239642E+02
  0.239647E+02
  0.239653E+02
  0.239658E+02
  0.239664E+02
  0.239669E+02
  0.239675E+02
  0.239680E+02
  0.239685E+02
  0.239691E+02
  0.239696E+02
  0.239702E+02
  0.239707E+02
  0.239713E+02
  0.239718E+02
  0.239723E+02
  0.239729E+02
  0.239734E+02
  0.239740E+02
  0.239745E+02
  0.239751E+02
  0.239756E+02
  0.239761E+02
  0.239767E+02
  0.239772E+02
  0.239778E+02
  0.239783E+02
  0.239789E+02
  0.239794E+02
  0.239799E+02
  0.239805E+02
  0.239810E+02
  0.239816E+02
  0.239821E+02
  0.239827E+02
  0.239832E+02
  0.239837E+02
  0.239843E+02
  0.239848E+02
  0.239854E+02
  0.239859E+02
  0.239865E+02
  0.239870E+02
  0.239875E+02
  0.239881E+02
  0.239886E+02
  0.239892E+02
  0.239897E+02
  0.239903E+02
  0.239908E+02
  0.239913E+02
  0.239919E+02
  0.239924E+02
  0.239930E+02
  0.239935E+02
  0.239941E+02
  0.239946E+02
  0.239951E+02
  0.239957E+02
  0.239962E+02
  0.239968E+02
  0.239973E+02
  0.239979E+02
  0.239984E+02
  0.239989E+02
  0.239995E+02
  0.240000E+02
  0.240006E+02
  0.240011E+02
  0.240017E+02
  0.240022E+02
  0.240027E+02
  0.240033E+02
  0.240038E+02
  0.240044E+02
  0.240049E+02
  0.240055E+02
  0.240060E+02
  0.240066E+02
  0.240071E+02
  0.240076E+02
  0.240082E+02
  0.240087E+02
  0.240093E+02
  0.240098E+02
  0.240104E+02
  0.240109E+02
  0.240115E+02
  0.240120E+02
  0.240125E+02
  0.240131E+02
  0.240136E+02
  0.240142E+02
  0.240147E+02
  0.240153E+02
  0.240158E+02
  0.240164E+02
  0.240169E+02
  0.240174E+02
  0.240180E+02
  0.240185E+02
  0.240191E+02
  0.240196E+02
  0.240202E+02
  0.240207E+02
  0.240213E+02
  0.240218E+02
  0.240223E+02
  0.240229E+02
  0.240234E+02
  0.240240E+02
  0.240245E+02
  0.240251E+02
  0.240256E+02
  0.240262E+02
  0.240267E+02
  0.240273E+02
  0.240278E+02
  0.240283E+02
  0.240289E+02
  0.240294E+02
  0.240300E+02
  0.240305E+02
  0.240311E+02
  0.240316E+02
  0.240322E+02
  0.240327E+02
  0.240333E+02
  0.240338E+02
  0.240344E+02
  0.240349E+02
  0.240355E+02
  0.240360E+02
  0.240365E+02
  0.240371E+02
  0.240376E+02
  0.240382E+02
  0.240387E+02
  0.240393E+02
  0.240398E+02
  0.240404E+02
  0.240409E+02
  0.240415E+02
  0.240420E+02
  0.240426E+02
  0.240431E+02
  0.240437E+02
  0.240442E+02
  0.240447E+02
  0.240453E+02
  0.240458E+02
  0.240464E+02
  0.240469E+02
  0.240475E+02
  0.240480E+02
  0.240486E+02
  0.240491E+02
  0.240497E+02
  0.240502E+02
  0.240508E+02
  0.240513E+02
  0.240519E+02
  0.240524E+02
  0.240530E+02
  0.240535E+02
  0.240541E+02
  0.240546E+02
  0.240552E+02
  0.240557E+02
  0.240563E+02
  0.240568E+02
  0.240574E+02
  0.240579E+02
  0.240585E+02
  0.240590E+02
  0.240595E+02
  0.240601E+02
  0.240606E+02
  0.240612E+02
  0.240617E+02
  0.240623E+02
  0.240628E+02
  0.240634E+02
  0.240639E+02
  0.240645E+02
  0.240650E+02
  0.240656E+02
  0.240661E+02
  0.240667E+02
  0.240672E+02
  0.240678E+02
  0.240683E+02
  0.240689E+02
  0.240694E+02
  0.240700E+02
  0.240705E+02
  0.240711E+02
  0.240716E+02
  0.240722E+02
  0.240727E+02
  0.240733E+02
  0.240738E+02
  0.240744E+02
  0.240749E+02
  0.240755E+02
  0.240760E+02
  0.240766E+02
  0.240771E+02
  0.240777E+02
  0.240782E+02
  0.240788E+02
  0.240793E+02
  0.240799E+02
  0.240804E+02
  0.240810E+02
  0.240815E+02
  0.240821E+02
  0.240826E+02
  0.240832E+02
  0.240838E+02
  0.240843E+02
  0.240849E+02
  0.240854E+02
  0.240860E+02
  0.240865E+02
  0.240871E+02
  0.240876E+02
  0.240882E+02
  0.240887E+02
  0.240893E+02
  0.240898E+02
  0.240904E+02
  0.240909E+02
  0.240915E+02
  0.240920E+02
  0.240926E+02
  0.240931E+02
  0.240937E+02
  0.240942E+02
  0.240948E+02
  0.240953E+02
  0.240959E+02
  0.240964E+02
  0.240970E+02
  0.240975E+02
  0.240981E+02
  0.240987E+02
  0.240992E+02
  0.240998E+02
  0.241003E+02
  0.241009E+02
  0.241014E+02
  0.241020E+02
  0.241025E+02
  0.241031E+02
  0.241036E+02
  0.241042E+02
  0.241047E+02
  0.241053E+02
  0.241058E+02
  0.241064E+02
  0.241070E+02
  0.241075E+02
  0.241081E+02
  0.241086E+02
  0.241092E+02
  0.241097E+02
  0.241103E+02
  0.241108E+02
  0.241114E+02
  0.241119E+02
  0.241125E+02
  0.241130E+02
  0.241136E+02
  0.241142E+02
  0.241147E+02
  0.241153E+02
  0.241158E+02
  0.241164E+02
  0.241169E+02
  0.241175E+02
  0.241180E+02
  0.241186E+02
  0.241191E+02
  0.241197E+02
  0.241203E+02
  0.241208E+02
  0.241214E+02
  0.241219E+02
  0.241225E+02
  0.241230E+02
  0.241236E+02
  0.241241E+02
  0.241247E+02
  0.241252E+02
  0.241258E+02
  0.241264E+02
  0.241269E+02
  0.241275E+02
  0.241280E+02
  0.241286E+02
  0.241291E+02
  0.241297E+02
  0.241302E+02
  0.241308E+02
  0.241314E+02
  0.241319E+02
  0.241325E+02
  0.241330E+02
  0.241336E+02
  0.241341E+02
  0.241347E+02
  0.241353E+02
  0.241358E+02
  0.241364E+02
  0.241369E+02
  0.241375E+02
  0.241380E+02
  0.241386E+02
  0.241391E+02
  0.241397E+02
  0.241403E+02
  0.241408E+02
  0.241414E+02
  0.241419E+02
  0.241425E+02
  0.241430E+02
  0.241436E+02
  0.241442E+02
  0.241447E+02
  0.241453E+02
  0.241458E+02
  0.241464E+02
  0.241469E+02
  0.241475E+02
  0.241481E+02
  0.241486E+02
  0.241492E+02
  0.241497E+02
  0.241503E+02
  0.241509E+02
  0.241514E+02
  0.241520E+02
  0.241525E+02
  0.241531E+02
  0.241536E+02
  0.241542E+02
  0.241548E+02
  0.241553E+02
  0.241559E+02
  0.241564E+02
  0.241570E+02
  0.241575E+02
  0.241581E+02
  0.241587E+02
  0.241592E+02
  0.241598E+02
  0.241603E+02
  0.241609E+02
  0.241615E+02
  0.241620E+02
  0.241626E+02
  0.241631E+02
  0.241637E+02
  0.241643E+02
  0.241648E+02
  0.241654E+02
  0.241659E+02
  0.241665E+02
  0.241671E+02
  0.241676E+02
  0.241682E+02
  0.241687E+02
  0.241693E+02
  0.241699E+02
  0.241704E+02
  0.241710E+02
  0.241715E+02
  0.241721E+02
  0.241727E+02
  0.241732E+02
  0.241738E+02
  0.241743E+02
  0.241749E+02
  0.241755E+02
  0.241760E+02
  0.241766E+02
  0.241771E+02
  0.241777E+02
  0.241783E+02
  0.241788E+02
  0.241794E+02
  0.241799E+02
  0.241805E+02
  0.241811E+02
  0.241816E+02
  0.241822E+02
  0.241827E+02
  0.241833E+02
  0.241839E+02
  0.241844E+02
  0.241850E+02
  0.241855E+02
  0.241861E+02
  0.241867E+02
  0.241872E+02
  0.241878E+02
  0.241884E+02
  0.241889E+02
  0.241895E+02
  0.241900E+02
  0.241906E+02
  0.241912E+02
  0.241917E+02
  0.241923E+02
  0.241929E+02
  0.241934E+02
  0.241940E+02
  0.241945E+02
  0.241951E+02
  0.241957E+02
  0.241962E+02
  0.241968E+02
  0.241974E+02
  0.241979E+02
  0.241985E+02
  0.241990E+02
  0.241996E+02
  0.242002E+02
  0.242007E+02
  0.242013E+02
  0.242019E+02
  0.242024E+02
  0.242030E+02
  0.242035E+02
  0.242041E+02
  0.242047E+02
  0.242052E+02
  0.242058E+02
  0.242064E+02
  0.242069E+02
  0.242075E+02
  0.242081E+02
  0.242086E+02
  0.242092E+02
  0.242097E+02
  0.242103E+02
  0.242109E+02
  0.242114E+02
  0.242120E+02
  0.242126E+02
  0.242131E+02
  0.242137E+02
  0.242143E+02
  0.242148E+02
  0.242154E+02
  0.242160E+02
  0.242165E+02
  0.242171E+02
  0.242176E+02
  0.242182E+02
  0.242188E+02
  0.242193E+02
  0.242199E+02
  0.242205E+02
  0.242210E+02
  0.242216E+02
  0.242222E+02
  0.242227E+02
  0.242233E+02
  0.242239E+02
  0.242244E+02
  0.242250E+02
  0.242256E+02
  0.242261E+02
  0.242267E+02
  0.242273E+02
  0.242278E+02
  0.242284E+02
  0.242290E+02
  0.242295E+02
  0.242301E+02
  0.242307E+02
  0.242312E+02
  0.242318E+02
  0.242324E+02
  0.242329E+02
  0.242335E+02
  0.242341E+02
  0.242346E+02
  0.242352E+02
  0.242358E+02
  0.242363E+02
  0.242369E+02
  0.242375E+02
  0.242380E+02
  0.242386E+02
  0.242392E+02
  0.242397E+02
  0.242403E+02
  0.242409E+02
  0.242414E+02
  0.242420E+02
  0.242426E+02
  0.242431E+02
  0.242437E+02
  0.242443E+02
  0.242448E+02
  0.242454E+02
  0.242460E+02
  0.242465E+02
  0.242471E+02
  0.242477E+02
  0.242482E+02
  0.242488E+02
  0.242494E+02
  0.242499E+02
  0.242505E+02
  0.242511E+02
  0.242516E+02
  0.242522E+02
  0.242528E+02
  0.242533E+02
  0.242539E+02
  0.242545E+02
  0.242551E+02
  0.242556E+02
  0.242562E+02
  0.242568E+02
  0.242573E+02
  0.242579E+02
  0.242585E+02
  0.242590E+02
  0.242596E+02
  0.242602E+02
  0.242607E+02
  0.242613E+02
  0.242619E+02
  0.242625E+02
  0.242630E+02
  0.242636E+02
  0.242642E+02
  0.242647E+02
  0.242653E+02
  0.242659E+02
  0.242664E+02
  0.242670E+02
  0.242676E+02
  0.242682E+02
  0.242687E+02
  0.242693E+02
  0.242699E+02
  0.242704E+02
  0.242710E+02
  0.242716E+02
  0.242721E+02
  0.242727E+02
  0.242733E+02
  0.242739E+02
  0.242744E+02
  0.242750E+02
  0.242756E+02
  0.242761E+02
  0.242767E+02
  0.242773E+02
  0.242779E+02
  0.242784E+02
  0.242790E+02
  0.242796E+02
  0.242801E+02
  0.242807E+02
  0.242813E+02
  0.242819E+02
  0.242824E+02
  0.242830E+02
  0.242836E+02
  0.242841E+02
  0.242847E+02
  0.242853E+02
  0.242859E+02
  0.242864E+02
  0.242870E+02
  0.242876E+02
  0.242881E+02
  0.242887E+02
  0.242893E+02
  0.242899E+02
  0.242904E+02
  0.242910E+02
  0.242916E+02
  0.242922E+02
  0.242927E+02
  0.242933E+02
  0.242939E+02
  0.242944E+02
  0.242950E+02
  0.242956E+02
  0.242962E+02
  0.242967E+02
  0.242973E+02
  0.242979E+02
  0.242985E+02
  0.242990E+02
  0.242996E+02
  0.243002E+02
  0.243008E+02
  0.243013E+02
  0.243019E+02
  0.243025E+02
  0.243031E+02
  0.243036E+02
  0.243042E+02
  0.243048E+02
  0.243054E+02
  0.243059E+02
  0.243065E+02
  0.243071E+02
  0.243076E+02
  0.243082E+02
  0.243088E+02
  0.243094E+02
  0.243099E+02
  0.243105E+02
  0.243111E+02
  0.243117E+02
  0.243122E+02
  0.243128E+02
  0.243134E+02
  0.243140E+02
  0.243145E+02
  0.243151E+02
  0.243157E+02
  0.243163E+02
  0.243168E+02
  0.243174E+02
  0.243180E+02
  0.243186E+02
  0.243192E+02
  0.243197E+02
  0.243203E+02
  0.243209E+02
  0.243215E+02
  0.243220E+02
  0.243226E+02
  0.243232E+02
  0.243238E+02
  0.243243E+02
  0.243249E+02
  0.243255E+02
  0.243261E+02
  0.243266E+02
  0.243272E+02
  0.243278E+02
  0.243284E+02
  0.243290E+02
  0.243295E+02
  0.243301E+02
  0.243307E+02
  0.243313E+02
  0.243318E+02
  0.243324E+02
  0.243330E+02
  0.243336E+02
  0.243341E+02
  0.243347E+02
  0.243353E+02
  0.243359E+02
  0.243365E+02
  0.243370E+02
  0.243376E+02
  0.243382E+02
  0.243388E+02
  0.243393E+02
  0.243399E+02
  0.243405E+02
  0.243411E+02
  0.243417E+02
  0.243422E+02
  0.243428E+02
  0.243434E+02
  0.243440E+02
  0.243446E+02
  0.243451E+02
  0.243457E+02
  0.243463E+02
  0.243469E+02
  0.243474E+02
  0.243480E+02
  0.243486E+02
  0.243492E+02
  0.243498E+02
  0.243503E+02
  0.243509E+02
  0.243515E+02
  0.243521E+02
  0.243527E+02
  0.243532E+02
  0.243538E+02
  0.243544E+02
  0.243550E+02
  0.243556E+02
  0.243561E+02
  0.243567E+02
  0.243573E+02
  0.243579E+02
  0.243585E+02
  0.243590E+02
  0.243596E+02
  0.243602E+02
  0.243608E+02
  0.243614E+02
  0.243619E+02
  0.243625E+02
  0.243631E+02
  0.243637E+02
  0.243643E+02
  0.243648E+02
  0.243654E+02
  0.243660E+02
  0.243666E+02
  0.243672E+02
  0.243678E+02
  0.243683E+02
  0.243689E+02
  0.243695E+02
  0.243701E+02
  0.243707E+02
  0.243712E+02
  0.243718E+02
  0.243724E+02
  0.243730E+02
  0.243736E+02
  0.243742E+02
  0.243747E+02
  0.243753E+02
  0.243759E+02
  0.243765E+02
  0.243771E+02
  0.243776E+02
  0.243782E+02
  0.243788E+02
  0.243794E+02
  0.243800E+02
  0.243806E+02
  0.243811E+02
  0.243817E+02
  0.243823E+02
  0.243829E+02
  0.243835E+02
  0.243841E+02
  0.243846E+02
  0.243852E+02
  0.243858E+02
  0.243864E+02
  0.243870E+02
  0.243876E+02
  0.243881E+02
  0.243887E+02
  0.243893E+02
  0.243899E+02
  0.243905E+02
  0.243911E+02
  0.243916E+02
  0.243922E+02
  0.243928E+02
  0.243934E+02
  0.243940E+02
  0.243946E+02
  0.243952E+02
  0.243957E+02
  0.243963E+02
  0.243969E+02
  0.243975E+02
  0.243981E+02
  0.243987E+02
  0.243992E+02
  0.243998E+02
  0.244004E+02
  0.244010E+02
  0.244016E+02
  0.244022E+02
  0.244028E+02
  0.244033E+02
  0.244039E+02
  0.244045E+02
  0.244051E+02
  0.244057E+02
  0.244063E+02
  0.244069E+02
  0.244074E+02
  0.244080E+02
  0.244086E+02
  0.244092E+02
  0.244098E+02
  0.244104E+02
  0.244110E+02
  0.244115E+02
  0.244121E+02
  0.244127E+02
  0.244133E+02
  0.244139E+02
  0.244145E+02
  0.244151E+02
  0.244157E+02
  0.244162E+02
  0.244168E+02
  0.244174E+02
  0.244180E+02
  0.244186E+02
  0.244192E+02
  0.244198E+02
  0.244204E+02
  0.244209E+02
  0.244215E+02
  0.244221E+02
  0.244227E+02
  0.244233E+02
  0.244239E+02
  0.244245E+02
  0.244251E+02
  0.244256E+02
  0.244262E+02
  0.244268E+02
  0.244274E+02
  0.244280E+02
  0.244286E+02
  0.244292E+02
  0.244298E+02
  0.244304E+02
  0.244309E+02
  0.244315E+02
  0.244321E+02
  0.244327E+02
  0.244333E+02
  0.244339E+02
  0.244345E+02
  0.244351E+02
  0.244357E+02
  0.244362E+02
  0.244368E+02
  0.244374E+02
  0.244380E+02
  0.244386E+02
  0.244392E+02
  0.244398E+02
  0.244404E+02
  0.244410E+02
  0.244416E+02
  0.244421E+02
  0.244427E+02
  0.244433E+02
  0.244439E+02
  0.244445E+02
  0.244451E+02
  0.244457E+02
  0.244463E+02
  0.244469E+02
  0.244475E+02
  0.244480E+02
  0.244486E+02
  0.244492E+02
  0.244498E+02
  0.244504E+02
  0.244510E+02
  0.244516E+02
  0.244522E+02
  0.244528E+02
  0.244534E+02
  0.244540E+02
  0.244545E+02
  0.244551E+02
  0.244557E+02
  0.244563E+02
  0.244569E+02
  0.244575E+02
  0.244581E+02
  0.244587E+02
  0.244593E+02
  0.244599E+02
  0.244605E+02
  0.244611E+02
  0.244617E+02
  0.244622E+02
  0.244628E+02
  0.244634E+02
  0.244640E+02
  0.244646E+02
  0.244652E+02
  0.244658E+02
  0.244664E+02
  0.244670E+02
  0.244676E+02
  0.244682E+02
  0.244688E+02
  0.244694E+02
  0.244700E+02
  0.244706E+02
  0.244711E+02
  0.244717E+02
  0.244723E+02
  0.244729E+02
  0.244735E+02
  0.244741E+02
  0.244747E+02
  0.244753E+02
  0.244759E+02
  0.244765E+02
  0.244771E+02
  0.244777E+02
  0.244783E+02
  0.244789E+02
  0.244795E+02
  0.244801E+02
  0.244807E+02
  0.244812E+02
  0.244818E+02
  0.244824E+02
  0.244830E+02
  0.244836E+02
  0.244842E+02
  0.244848E+02
  0.244854E+02
  0.244860E+02
  0.244866E+02
  0.244872E+02
  0.244878E+02
  0.244884E+02
  0.244890E+02
  0.244896E+02
  0.244902E+02
  0.244908E+02
  0.244914E+02
  0.244920E+02
  0.244926E+02
  0.244932E+02
  0.244938E+02
  0.244944E+02
  0.244950E+02
  0.244955E+02
  0.244961E+02
  0.244967E+02
  0.244973E+02
  0.244979E+02
  0.244985E+02
  0.244991E+02
  0.244997E+02
  0.245003E+02
  0.245009E+02
  0.245015E+02
  0.245021E+02
  0.245027E+02
  0.245033E+02
  0.245039E+02
  0.245045E+02
  0.245051E+02
  0.245057E+02
  0.245063E+02
  0.245069E+02
  0.245075E+02
  0.245081E+02
  0.245087E+02
  0.245093E+02
  0.245099E+02
  0.245105E+02
  0.245111E+02
  0.245117E+02
  0.245123E+02
  0.245129E+02
  0.245135E+02
  0.245141E+02
  0.245147E+02
  0.245153E+02
  0.245159E+02
  0.245165E+02
  0.245171E+02
  0.245177E+02
  0.245183E+02
  0.245189E+02
  0.245195E+02
  0.245201E+02
  0.245207E+02
  0.245213E+02
  0.245219E+02
  0.245225E+02
  0.245232E+02
  0.245238E+02
  0.245244E+02
  0.245250E+02
  0.245256E+02
  0.245262E+02
  0.245268E+02
  0.245274E+02
  0.245280E+02
  0.245286E+02
  0.245292E+02
  0.245298E+02
  0.245304E+02
  0.245310E+02
  0.245316E+02
  0.245322E+02
  0.245328E+02
  0.245334E+02
  0.245341E+02
  0.245347E+02
  0.245353E+02
  0.245359E+02
  0.245365E+02
  0.245371E+02
  0.245377E+02
  0.245383E+02
  0.245389E+02
  0.245395E+02
  0.245401E+02
  0.245407E+02
  0.245414E+02
  0.245420E+02
  0.245426E+02
  0.245432E+02
  0.245438E+02
  0.245444E+02
  0.245450E+02
  0.245456E+02
  0.245462E+02
  0.245468E+02
  0.245475E+02
  0.245481E+02
  0.245487E+02
  0.245493E+02
  0.245499E+02
  0.245505E+02
  0.245511E+02
  0.245517E+02
  0.245524E+02
  0.245530E+02
  0.245536E+02
  0.245542E+02
  0.245548E+02
  0.245554E+02
  0.245560E+02
  0.245567E+02
  0.245573E+02
  0.245579E+02
  0.245585E+02
  0.245591E+02
  0.245597E+02
  0.245603E+02
  0.245610E+02
  0.245616E+02
  0.245622E+02
  0.245628E+02
  0.245634E+02
  0.245640E+02
  0.245647E+02
  0.245653E+02
  0.245659E+02
  0.245665E+02
  0.245671E+02
  0.245677E+02
  0.245684E+02
  0.245690E+02
  0.245696E+02
  0.245702E+02
  0.245708E+02
  0.245714E+02
  0.245721E+02
  0.245727E+02
  0.245733E+02
  0.245739E+02
  0.245745E+02
  0.245752E+02
  0.245758E+02
  0.245764E+02
  0.245770E+02
  0.245776E+02
  0.245783E+02
  0.245789E+02
  0.245795E+02
  0.245801E+02
  0.245808E+02
  0.245814E+02
  0.245820E+02
  0.245826E+02
  0.245832E+02
  0.245839E+02
  0.245845E+02
  0.245851E+02
  0.245857E+02
  0.245864E+02
  0.245870E+02
  0.245876E+02
  0.245882E+02
  0.245888E+02
  0.245895E+02
  0.245901E+02
  0.245907E+02
  0.245913E+02
  0.245920E+02
  0.245926E+02
  0.245932E+02
  0.245939E+02
  0.245945E+02
  0.245951E+02
  0.245957E+02
  0.245964E+02
  0.245970E+02
  0.245976E+02
  0.245982E+02
  0.245989E+02
  0.245995E+02
  0.246001E+02
  0.246007E+02
  0.246014E+02
  0.246020E+02
  0.246026E+02
  0.246033E+02
  0.246039E+02
  0.246045E+02
  0.246052E+02
  0.246058E+02
  0.246064E+02
  0.246070E+02
  0.246077E+02
  0.246083E+02
  0.246089E+02
  0.246096E+02
  0.246102E+02
  0.246108E+02
  0.246115E+02
  0.246121E+02
  0.246127E+02
  0.246134E+02
  0.246140E+02
  0.246146E+02
  0.246152E+02
  0.246159E+02
  0.246165E+02
  0.246171E+02
  0.246178E+02
  0.246184E+02
  0.246191E+02
  0.246197E+02
  0.246203E+02
  0.246210E+02
  0.246216E+02
  0.246222E+02
  0.246229E+02
  0.246235E+02
  0.246241E+02
  0.246248E+02
  0.246254E+02
  0.246260E+02
  0.246267E+02
  0.246273E+02
  0.246280E+02
  0.246286E+02
  0.246292E+02
  0.246299E+02
  0.246305E+02
  0.246311E+02
  0.246318E+02
  0.246324E+02
  0.246331E+02
  0.246337E+02
  0.246343E+02
  0.246350E+02
  0.246356E+02
  0.246363E+02
  0.246369E+02
  0.246375E+02
  0.246382E+02
  0.246388E+02
  0.246395E+02
  0.246401E+02
  0.246407E+02
  0.246414E+02
  0.246420E+02
  0.246427E+02
  0.246433E+02
  0.246439E+02
  0.246446E+02
  0.246452E+02
  0.246459E+02
  0.246465E+02
  0.246472E+02
  0.246478E+02
  0.246485E+02
  0.246491E+02
  0.246497E+02
  0.246504E+02
  0.246510E+02
  0.246517E+02
  0.246523E+02
  0.246530E+02
  0.246536E+02
  0.246543E+02
  0.246549E+02
  0.246555E+02
  0.246562E+02
  0.246568E+02
  0.246575E+02
  0.246581E+02
  0.246588E+02
  0.246594E+02
  0.246601E+02
  0.246607E+02
  0.246614E+02
  0.246620E+02
  0.246627E+02
  0.246633E+02
  0.246640E+02
  0.246646E+02
  0.246653E+02
  0.246659E+02
  0.246666E+02
  0.246672E+02
  0.246679E+02
  0.246685E+02
  0.246692E+02
  0.246698E+02
  0.246705E+02
  0.246711E+02
  0.246718E+02
  0.246724E+02
  0.246731E+02
  0.246737E+02
  0.246744E+02
  0.246751E+02
  0.246757E+02
  0.246764E+02
  0.246770E+02
  0.246777E+02
  0.246783E+02
  0.246790E+02
  0.246796E+02
  0.246803E+02
  0.246809E+02
  0.246816E+02
  0.246823E+02
  0.246829E+02
  0.246836E+02
  0.246842E+02
  0.246849E+02
  0.246855E+02
  0.246862E+02
  0.246869E+02
  0.246875E+02
  0.246882E+02
  0.246888E+02
  0.246895E+02
  0.246901E+02
  0.246908E+02
  0.246915E+02
  0.246921E+02
  0.246928E+02
  0.246934E+02
  0.246941E+02
  0.246948E+02
  0.246954E+02
  0.246961E+02
  0.246967E+02
  0.246974E+02
  0.246981E+02
  0.246987E+02
  0.246994E+02
  0.247001E+02
  0.247007E+02
  0.247014E+02
  0.247020E+02
  0.247027E+02
  0.247034E+02
  0.247040E+02
  0.247047E+02
  0.247054E+02
  0.247060E+02
  0.247067E+02
  0.247074E+02
  0.247080E+02
  0.247087E+02
  0.247094E+02
  0.247100E+02
  0.247107E+02
  0.247114E+02
  0.247120E+02
  0.247127E+02
  0.247134E+02
  0.247140E+02
  0.247147E+02
  0.247154E+02
  0.247160E+02
  0.247167E+02
  0.247174E+02
  0.247180E+02
  0.247187E+02
  0.247194E+02
  0.247200E+02
  0.247207E+02
  0.247214E+02
  0.247221E+02
  0.247227E+02
  0.247234E+02
  0.247241E+02
  0.247247E+02
  0.247254E+02
  0.247261E+02
  0.247268E+02
  0.247274E+02
  0.247281E+02
  0.247288E+02
  0.247294E+02
  0.247301E+02
  0.247308E+02
  0.247315E+02
  0.247321E+02
  0.247328E+02
  0.247335E+02
  0.247342E+02
  0.247348E+02
  0.247355E+02
  0.247362E+02
  0.247369E+02
  0.247375E+02
  0.247382E+02
  0.247389E+02
  0.247396E+02
  0.247403E+02
  0.247409E+02
  0.247416E+02
  0.247423E+02
  0.247430E+02
  0.247436E+02
  0.247443E+02
  0.247450E+02
  0.247457E+02
  0.247464E+02
  0.247470E+02
  0.247477E+02
  0.247484E+02
  0.247491E+02
  0.247498E+02
  0.247505E+02
  0.247511E+02
  0.247518E+02
  0.247525E+02
  0.247532E+02
  0.247539E+02
  0.247545E+02
  0.247552E+02
  0.247559E+02
  0.247566E+02
  0.247573E+02
  0.247580E+02
  0.247587E+02
  0.247593E+02
  0.247600E+02
  0.247607E+02
  0.247614E+02
  0.247621E+02
  0.247628E+02
  0.247635E+02
  0.247641E+02
  0.247648E+02
  0.247655E+02
  0.247662E+02
  0.247669E+02
  0.247676E+02
  0.247683E+02
  0.247690E+02
  0.247696E+02
  0.247703E+02
  0.247710E+02
  0.247717E+02
  0.247724E+02
  0.247731E+02
  0.247738E+02
  0.247745E+02
  0.247752E+02
  0.247759E+02
  0.247766E+02
  0.247772E+02
  0.247779E+02
  0.247786E+02
  0.247793E+02
  0.247800E+02
  0.247807E+02
  0.247814E+02
  0.247821E+02
  0.247828E+02
  0.247835E+02
  0.247842E+02
  0.247849E+02
  0.247856E+02
  0.247863E+02
  0.247870E+02
  0.247877E+02
  0.247884E+02
  0.247891E+02
  0.247898E+02
  0.247905E+02
  0.247912E+02
  0.247919E+02
  0.247925E+02
  0.247932E+02
  0.247939E+02
  0.247946E+02
  0.247953E+02
  0.247960E+02
  0.247967E+02
  0.247974E+02
  0.247981E+02
  0.247988E+02
  0.247996E+02
  0.248003E+02
  0.248010E+02
  0.248017E+02
  0.248024E+02
  0.248031E+02
  0.248038E+02
  0.248045E+02
  0.248052E+02
  0.248059E+02
  0.248066E+02
  0.248073E+02
  0.248080E+02
  0.248087E+02
  0.248094E+02
  0.248101E+02
  0.248108E+02
  0.248115E+02
  0.248122E+02
  0.248129E+02
  0.248136E+02
  0.248144E+02
  0.248151E+02
  0.248158E+02
  0.248165E+02
  0.248172E+02
  0.248179E+02
  0.248186E+02
  0.248193E+02
  0.248200E+02
  0.248207E+02
  0.248214E+02
  0.248222E+02
  0.248229E+02
  0.248236E+02
  0.248243E+02
  0.248250E+02
  0.248257E+02
  0.248264E+02
  0.248271E+02
  0.248279E+02
  0.248286E+02
  0.248293E+02
  0.248300E+02
  0.248307E+02
  0.248314E+02
  0.248321E+02
  0.248329E+02
  0.248336E+02
  0.248343E+02
  0.248350E+02
  0.248357E+02
  0.248364E+02
  0.248372E+02
  0.248379E+02
  0.248386E+02
  0.248393E+02
  0.248400E+02
  0.248408E+02
  0.248415E+02
  0.248422E+02
  0.248429E+02
  0.248436E+02
  0.248444E+02
  0.248451E+02
  0.248458E+02
  0.248465E+02
  0.248472E+02
  0.248480E+02
  0.248487E+02
  0.248494E+02
  0.248501E+02
  0.248509E+02
  0.248516E+02
  0.248523E+02
  0.248530E+02
  0.248538E+02
  0.248545E+02
  0.248552E+02
  0.248559E+02
  0.248567E+02
  0.248574E+02
  0.248581E+02
  0.248588E+02
  0.248596E+02
  0.248603E+02
  0.248610E+02
  0.248618E+02
  0.248625E+02
  0.248632E+02
  0.248640E+02
  0.248647E+02
  0.248654E+02
  0.248661E+02
  0.248669E+02
  0.248676E+02
  0.248683E+02
  0.248691E+02
  0.248698E+02
  0.248705E+02
  0.248713E+02
  0.248720E+02
  0.248727E+02
  0.248735E+02
  0.248742E+02
  0.248749E+02
  0.248757E+02
  0.248764E+02
  0.248771E+02
  0.248779E+02
  0.248786E+02
  0.248794E+02
  0.248801E+02
  0.248808E+02
  0.248816E+02
  0.248823E+02
  0.248830E+02
  0.248838E+02
  0.248845E+02
  0.248853E+02
  0.248860E+02
  0.248867E+02
  0.248875E+02
  0.248882E+02
  0.248890E+02
  0.248897E+02
  0.248905E+02
  0.248912E+02
  0.248919E+02
  0.248927E+02
  0.248934E+02
  0.248942E+02
  0.248949E+02
  0.248957E+02
  0.248964E+02
  0.248972E+02
  0.248979E+02
  0.248986E+02
  0.248994E+02
  0.249001E+02
  0.249009E+02
  0.249016E+02
  0.249024E+02
  0.249031E+02
  0.249039E+02
  0.249046E+02
  0.249054E+02
  0.249061E+02
  0.249069E+02
  0.249076E+02
  0.249084E+02
  0.249091E+02
  0.249099E+02
  0.249106E+02
  0.249114E+02
  0.249121E+02
  0.249129E+02
  0.249136E+02
  0.249144E+02
  0.249152E+02
  0.249159E+02
  0.249167E+02
  0.249174E+02
  0.249182E+02
  0.249189E+02
  0.249197E+02
  0.249204E+02
  0.249212E+02
  0.249220E+02
  0.249227E+02
  0.249235E+02
  0.249242E+02
  0.249250E+02
  0.249258E+02
  0.249265E+02
  0.249273E+02
  0.249280E+02
  0.249288E+02
  0.249296E+02
  0.249303E+02
  0.249311E+02
  0.249318E+02
  0.249326E+02
  0.249334E+02
  0.249341E+02
  0.249349E+02
  0.249357E+02
  0.249364E+02
  0.249372E+02
  0.249380E+02
  0.249387E+02
  0.249395E+02
  0.249403E+02
  0.249410E+02
  0.249418E+02
  0.249426E+02
  0.249433E+02
  0.249441E+02
  0.249449E+02
  0.249456E+02
  0.249464E+02
  0.249472E+02
  0.249480E+02
  0.249487E+02
  0.249495E+02
  0.249503E+02
  0.249510E+02
  0.249518E+02
  0.249526E+02
  0.249534E+02
  0.249541E+02
  0.249549E+02
  0.249557E+02
  0.249565E+02
  0.249572E+02
  0.249580E+02
  0.249588E+02
  0.249596E+02
  0.249603E+02
  0.249611E+02
  0.249619E+02
  0.249627E+02
  0.249635E+02
  0.249642E+02
  0.249650E+02
  0.249658E+02
  0.249666E+02
  0.249674E+02
  0.249681E+02
  0.249689E+02
  0.249697E+02
  0.249705E+02
  0.249713E+02
  0.249721E+02
  0.249728E+02
  0.249736E+02
  0.249744E+02
  0.249752E+02
  0.249760E+02
  0.249768E+02
  0.249776E+02
  0.249783E+02
  0.249791E+02
  0.249799E+02
  0.249807E+02
  0.249815E+02
  0.249823E+02
  0.249831E+02
  0.249839E+02
  0.249847E+02
  0.249854E+02
  0.249862E+02
  0.249870E+02
  0.249878E+02
  0.249886E+02
  0.249894E+02
  0.249902E+02
  0.249910E+02
  0.249918E+02
  0.249926E+02
  0.249934E+02
  0.249942E+02
  0.249950E+02
  0.249958E+02
  0.249966E+02
  0.249974E+02
  0.249982E+02
  0.249990E+02
  0.249998E+02
  0.250006E+02
  0.250014E+02
  0.250022E+02
  0.250030E+02
  0.250038E+02
  0.250046E+02
  0.250054E+02
  0.250062E+02
  0.250070E+02
  0.250078E+02
  0.250086E+02
  0.250094E+02
  0.250102E+02
  0.250110E+02
  0.250118E+02
  0.250126E+02
  0.250134E+02
  0.250142E+02
  0.250151E+02
  0.250159E+02
  0.250167E+02
  0.250175E+02
  0.250183E+02
  0.250191E+02
  0.250199E+02
  0.250207E+02
  0.250216E+02
  0.250224E+02
  0.250232E+02
  0.250240E+02
  0.250248E+02
  0.250256E+02
  0.250265E+02
  0.250273E+02
  0.250281E+02
  0.250289E+02
  0.250297E+02
  0.250306E+02
  0.250314E+02
  0.250322E+02
  0.250330E+02
  0.250339E+02
  0.250347E+02
  0.250355E+02
  0.250363E+02
  0.250372E+02
  0.250380E+02
  0.250388E+02
  0.250396E+02
  0.250405E+02
  0.250413E+02
  0.250421E+02
  0.250430E+02
  0.250438E+02
  0.250446E+02
  0.250455E+02
  0.250463E+02
  0.250471E+02
  0.250480E+02
  0.250488E+02
  0.250496E+02
  0.250505E+02
  0.250513E+02
  0.250522E+02
  0.250530E+02
  0.250538E+02
  0.250547E+02
  0.250555E+02
  0.250564E+02
  0.250572E+02
  0.250580E+02
  0.250589E+02
  0.250597E+02
  0.250606E+02
  0.250614E+02
  0.250623E+02
  0.250631E+02
  0.250640E+02
  0.250648E+02
  0.250657E+02
  0.250665E+02
  0.250674E+02
  0.250682E+02
  0.250691E+02
  0.250699E+02
  0.250708E+02
  0.250716E+02
  0.250725E+02
  0.250733E+02
  0.250742E+02
  0.250751E+02
  0.250759E+02
  0.250768E+02
  0.250776E+02
  0.250785E+02
  0.250794E+02
  0.250802E+02
  0.250811E+02
  0.250819E+02
  0.250828E+02
  0.250837E+02
  0.250845E+02
  0.250854E+02
  0.250863E+02
  0.250871E+02
  0.250880E+02
  0.250889E+02
  0.250897E+02
  0.250906E+02
  0.250915E+02
  0.250924E+02
  0.250932E+02
  0.250941E+02
  0.250950E+02
  0.250959E+02
  0.250967E+02
  0.250976E+02
  0.250985E+02
  0.250994E+02
  0.251002E+02
  0.251011E+02
  0.251020E+02
  0.251029E+02
  0.251038E+02
  0.251047E+02
  0.251055E+02
  0.251064E+02
  0.251073E+02
  0.251082E+02
  0.251091E+02
  0.251100E+02
  0.251109E+02
  0.251117E+02
  0.251126E+02
  0.251135E+02
  0.251144E+02
  0.251153E+02
  0.251162E+02
  0.251171E+02
  0.251180E+02
  0.251189E+02
  0.251198E+02
  0.251207E+02
  0.251216E+02
  0.251225E+02
  0.251234E+02
  0.251243E+02
  0.251252E+02
  0.251261E+02
  0.251270E+02
  0.251279E+02
  0.251288E+02
  0.251297E+02
  0.251306E+02
  0.251315E+02
  0.251324E+02
  0.251333E+02
  0.251342E+02
  0.251352E+02
  0.251361E+02
  0.251370E+02
  0.251379E+02
  0.251388E+02
  0.251397E+02
  0.251406E+02
  0.251416E+02
  0.251425E+02
  0.251434E+02
  0.251443E+02
  0.251452E+02
  0.251462E+02
  0.251471E+02
  0.251480E+02
  0.251489E+02
  0.251499E+02
  0.251508E+02
  0.251517E+02
  0.251526E+02
  0.251536E+02
  0.251545E+02
  0.251554E+02
  0.251564E+02
  0.251573E+02
  0.251582E+02
  0.251592E+02
  0.251601E+02
  0.251610E+02
  0.251620E+02
  0.251629E+02
  0.251639E+02
  0.251648E+02
  0.251657E+02
  0.251667E+02
  0.251676E+02
  0.251686E+02
  0.251695E+02
  0.251705E+02
  0.251714E+02
  0.251723E+02
  0.251733E+02
  0.251742E+02
  0.251752E+02
  0.251762E+02
  0.251771E+02
  0.251781E+02
  0.251790E+02
  0.251800E+02
  0.251809E+02
  0.251819E+02
  0.251828E+02
  0.251838E+02
  0.251848E+02
  0.251857E+02
  0.251867E+02
  0.251877E+02
  0.251886E+02
  0.251896E+02
  0.251906E+02
  0.251915E+02
  0.251925E+02
  0.251935E+02
  0.251944E+02
  0.251954E+02
  0.251964E+02
  0.251974E+02
  0.251983E+02
  0.251993E+02
  0.252003E+02
  0.252013E+02
  0.252023E+02
  0.252032E+02
  0.252042E+02
  0.252052E+02
  0.252062E+02
  0.252072E+02
  0.252082E+02
  0.252091E+02
  0.252101E+02
  0.252111E+02
  0.252121E+02
  0.252131E+02
  0.252141E+02
  0.252151E+02
  0.252161E+02
  0.252171E+02
  0.252181E+02
  0.252191E+02
  0.252201E+02
  0.252211E+02
  0.252221E+02
  0.252231E+02
  0.252241E+02
  0.252251E+02
  0.252261E+02
  0.252271E+02
  0.252281E+02
  0.252292E+02
  0.252302E+02
  0.252312E+02
  0.252322E+02
  0.252332E+02
  0.252342E+02
  0.252352E+02
  0.252363E+02
  0.252373E+02
  0.252383E+02
  0.252393E+02
  0.252404E+02
  0.252414E+02
  0.252424E+02
  0.252434E+02
  0.252445E+02
  0.252455E+02
  0.252465E+02
  0.252476E+02
  0.252486E+02
  0.252496E+02
  0.252507E+02
  0.252517E+02
  0.252528E+02
  0.252538E+02
  0.252548E+02
  0.252559E+02
  0.252569E+02
  0.252580E+02
  0.252590E+02
  0.252601E+02
  0.252611E+02
  0.252622E+02
  0.252632E+02
  0.252643E+02
  0.252654E+02
  0.252664E+02
  0.252675E+02
  0.252685E+02
  0.252696E+02
  0.252707E+02
  0.252717E+02
  0.252728E+02
  0.252739E+02
  0.252749E+02
  0.252760E+02
  0.252771E+02
  0.252782E+02
  0.252792E+02
  0.252803E+02
  0.252814E+02
  0.252825E+02
  0.252835E+02
  0.252846E+02
  0.252857E+02
  0.252868E+02
  0.252879E+02
  0.252890E+02
  0.252901E+02
  0.252912E+02
  0.252922E+02
  0.252933E+02
  0.252944E+02
  0.252955E+02
  0.252966E+02
  0.252977E+02
  0.252988E+02
  0.252999E+02
  0.253011E+02
  0.253022E+02
  0.253033E+02
  0.253044E+02
  0.253055E+02
  0.253066E+02
  0.253077E+02
  0.253088E+02
  0.253100E+02
  0.253111E+02
  0.253122E+02
  0.253133E+02
  0.253145E+02
  0.253156E+02
  0.253167E+02
  0.253178E+02
  0.253190E+02
  0.253201E+02
  0.253212E+02
  0.253224E+02
  0.253235E+02
  0.253247E+02
  0.253258E+02
  0.253270E+02
  0.253281E+02
  0.253292E+02
  0.253304E+02
  0.253316E+02
  0.253327E+02
  0.253339E+02
  0.253350E+02
  0.253362E+02
  0.253373E+02
  0.253385E+02
  0.253397E+02
  0.253408E+02
  0.253420E+02
  0.253432E+02
  0.253443E+02
  0.253455E+02
  0.253467E+02
  0.253479E+02
  0.253491E+02
  0.253502E+02
  0.253514E+02
  0.253526E+02
  0.253538E+02
  0.253550E+02
  0.253562E+02
  0.253574E+02
  0.253586E+02
  0.253598E+02
  0.253610E+02
  0.253622E+02
  0.253634E+02
  0.253646E+02
  0.253658E+02
  0.253670E+02
  0.253682E+02
  0.253694E+02
  0.253707E+02
  0.253719E+02
  0.253731E+02
  0.253743E+02
  0.253755E+02
  0.253768E+02
  0.253780E+02
  0.253792E+02
  0.253805E+02
  0.253817E+02
  0.253830E+02
  0.253842E+02
  0.253854E+02
  0.253867E+02
  0.253879E+02
  0.253892E+02
  0.253904E+02
  0.253917E+02
  0.253930E+02
  0.253942E+02
  0.253955E+02
  0.253967E+02
  0.253980E+02
  0.253993E+02
  0.254006E+02
  0.254018E+02
  0.254031E+02
  0.254044E+02
  0.254057E+02
  0.254070E+02
  0.254083E+02
  0.254095E+02
  0.254108E+02
  0.254121E+02
  0.254134E+02
  0.254147E+02
  0.254160E+02
  0.254173E+02
  0.254187E+02
  0.254200E+02
  0.254213E+02
  0.254226E+02
  0.254239E+02
  0.254252E+02
  0.254266E+02
  0.254279E+02
  0.254292E+02
  0.254306E+02
  0.254319E+02
  0.254332E+02
  0.254346E+02
  0.254359E+02
  0.254373E+02
  0.254386E+02
  0.254400E+02
  0.254413E+02
  0.254427E+02
  0.254441E+02
  0.254454E+02
  0.254468E+02
  0.254482E+02
  0.254496E+02
  0.254509E+02
  0.254523E+02
  0.254537E+02
  0.254551E+02
  0.254565E+02
  0.254579E+02
  0.254593E+02
  0.254607E+02
  0.254621E+02
  0.254635E+02
  0.254649E+02
  0.254663E+02
  0.254678E+02
  0.254692E+02
  0.254706E+02
  0.254720E+02
  0.254735E+02
  0.254749E+02
  0.254764E+02
  0.254778E+02
  0.254792E+02
  0.254807E+02
  0.254822E+02
  0.254836E+02
  0.254851E+02
  0.254865E+02
  0.254880E+02
  0.254895E+02
  0.254910E+02
  0.254925E+02
  0.254939E+02
  0.254954E+02
  0.254969E+02
  0.254984E+02
  0.254999E+02
  0.255014E+02
  0.255029E+02
  0.255045E+02
  0.255060E+02
  0.255075E+02
  0.255090E+02
  0.255105E+02
  0.255121E+02
  0.255136E+02
  0.255151E+02
  0.255167E+02
  0.255182E+02
  0.255198E+02
  0.255213E+02
  0.255229E+02
  0.255244E+02
  0.255260E+02
  0.255276E+02
  0.255291E+02
  0.255307E+02
  0.255323E+02
  0.255338E+02
  0.255354E+02
  0.255370E+02
  0.255386E+02
  0.255402E+02
  0.255418E+02
  0.255434E+02
  0.255450E+02
  0.255466E+02
  0.255482E+02
  0.255498E+02
  0.255514E+02
  0.255531E+02
  0.255547E+02
  0.255563E+02
  0.255579E+02
  0.255596E+02
  0.255612E+02
  0.255629E+02
  0.255645E+02
  0.255662E+02
  0.255678E+02
  0.255695E+02
  0.255712E+02
  0.255728E+02
  0.255745E+02
  0.255762E+02
  0.255779E+02
  0.255796E+02
  0.255812E+02
  0.255829E+02
  0.255846E+02
  0.255864E+02
  0.255881E+02
  0.255898E+02
  0.255915E+02
  0.255932E+02
  0.255950E+02
  0.255967E+02
  0.255984E+02
  0.256002E+02
  0.256019E+02
  0.256037E+02
  0.256054E+02
  0.256072E+02
  0.256090E+02
  0.256107E+02
  0.256125E+02
  0.256143E+02
  0.256161E+02
  0.256179E+02
  0.256197E+02
  0.256215E+02
  0.256233E+02
  0.256251E+02
  0.256269E+02
  0.256288E+02
  0.256306E+02
  0.256324E+02
  0.256343E+02
  0.256361E+02
  0.256380E+02
  0.256399E+02
  0.256417E+02
  0.256436E+02
  0.256455E+02
  0.256474E+02
  0.256493E+02
  0.256512E+02
  0.256531E+02
  0.256550E+02
  0.256569E+02
  0.256588E+02
  0.256608E+02
  0.256627E+02
  0.256646E+02
  0.256666E+02
  0.256686E+02
  0.256705E+02
  0.256725E+02
  0.256745E+02
  0.256765E+02
  0.256785E+02
  0.256805E+02
  0.256825E+02
  0.256845E+02
  0.256865E+02
  0.256885E+02
  0.256906E+02
  0.256926E+02
  0.256947E+02
  0.256968E+02
  0.256988E+02
  0.257009E+02
  0.257030E+02
  0.257051E+02
  0.257072E+02
  0.257093E+02
  0.257115E+02
  0.257136E+02
  0.257157E+02
  0.257179E+02
  0.257201E+02
  0.257222E+02
  0.257244E+02
  0.257266E+02
  0.257288E+02
  0.257310E+02
  0.257332E+02
  0.257355E+02
  0.257377E+02
  0.257400E+02
  0.257422E+02
  0.257445E+02
  0.257468E+02
  0.257491E+02
  0.257514E+02
  0.257537E+02
  0.257561E+02
  0.257584E+02
  0.257608E+02
  0.257631E+02
  0.257655E+02
  0.257679E+02
  0.257703E+02
  0.257727E+02
  0.257752E+02
  0.257776E+02
  0.257801E+02
  0.257826E+02
  0.257851E+02
  0.257876E+02
  0.257901E+02
  0.257926E+02
  0.257952E+02
  0.257978E+02
  0.258003E+02
  0.258029E+02
  0.258056E+02
  0.258082E+02
  0.258109E+02
  0.258135E+02
  0.258162E+02
  0.258189E+02
  0.258216E+02
  0.258244E+02
  0.258272E+02
  0.258300E+02
  0.258328E+02
  0.258356E+02
  0.258384E+02
  0.258413E+02
  0.258442E+02
  0.258471E+02
  0.258501E+02
  0.258531E+02
  0.258560E+02
  0.258591E+02
  0.258621E+02
  0.258652E+02
  0.258683E+02
  0.258714E+02
  0.258746E+02
  0.258778E+02
  0.258810E+02
  0.258843E+02
  0.258876E+02
  0.258909E+02
  0.258943E+02
  0.258977E+02
  0.259011E+02
  0.259046E+02
  0.259081E+02
  0.259117E+02
  0.259153E+02
  0.259189E+02
  0.259226E+02
  0.259264E+02
  0.259302E+02
  0.259340E+02
  0.259380E+02
  0.259419E+02
  0.259460E+02
  0.259501E+02
  0.259543E+02
  0.259585E+02
  0.259628E+02
  0.259672E+02
  0.259717E+02
  0.259763E+02
  0.259810E+02
  0.259858E+02
  0.259907E+02
  0.259957E+02
  0.260008E+02
  0.260060E+02
  0.260113E+02
  0.260166E+02
  0.260220E+02
  0.260274E+02
  0.260329E+02
  0.260384E+02
  0.260440E+02
  0.260497E+02
  0.260554E+02
  0.260612E+02
  0.260671E+02
  0.260730E+02
  0.260790E+02
  0.260851E+02
  0.260913E+02
  0.260975E+02
  0.261039E+02
  0.261103E+02
  0.261168E+02
  0.261234E+02
  0.261302E+02
  0.261370E+02
  0.261440E+02
  0.261510E+02
  0.261583E+02
  0.261656E+02
  0.261731E+02
  0.261807E+02
  0.261885E+02
  0.261965E+02
  0.262047E+02
  0.262131E+02
  0.262217E+02
  0.262305E+02
  0.262396E+02
  0.262490E+02
  0.262587E+02
  0.262687E+02
  0.262791E+02
  0.262899E+02
  0.263013E+02
  0.263132E+02
  0.263258E+02
  0.263391E+02
  0.263535E+02
  0.263690E+02
  0.263862E+02
  0.264056E+02
  0.264285E+02
  0.264578E+02
  0.265095E+02
  0.265955E+02
  0.267049E+02
  0.268933E+02
  0.274261E+02
  0.276657E+02
  0.400000E+02
