       18001
   40.0000000000000     
  0.374484E-02
  0.374483E-02
  0.374482E-02
  0.374481E-02
  0.374480E-02
  0.374479E-02
  0.374479E-02
  0.374478E-02
  0.374477E-02
  0.374476E-02
  0.374475E-02
  0.374474E-02
  0.374473E-02
  0.374472E-02
  0.374471E-02
  0.374470E-02
  0.374470E-02
  0.374469E-02
  0.374468E-02
  0.374467E-02
  0.374466E-02
  0.374465E-02
  0.374464E-02
  0.374463E-02
  0.374462E-02
  0.374461E-02
  0.374461E-02
  0.374460E-02
  0.374459E-02
  0.374458E-02
  0.374457E-02
  0.374456E-02
  0.374455E-02
  0.374454E-02
  0.374453E-02
  0.374452E-02
  0.374452E-02
  0.374451E-02
  0.374450E-02
  0.374449E-02
  0.374448E-02
  0.374447E-02
  0.374446E-02
  0.374445E-02
  0.374444E-02
  0.374443E-02
  0.374442E-02
  0.374442E-02
  0.374441E-02
  0.374440E-02
  0.374439E-02
  0.374438E-02
  0.374437E-02
  0.374436E-02
  0.374435E-02
  0.374434E-02
  0.374433E-02
  0.374433E-02
  0.374432E-02
  0.374431E-02
  0.374430E-02
  0.374429E-02
  0.374428E-02
  0.374427E-02
  0.374426E-02
  0.374425E-02
  0.374424E-02
  0.374424E-02
  0.374423E-02
  0.374422E-02
  0.374421E-02
  0.374420E-02
  0.374419E-02
  0.374418E-02
  0.374417E-02
  0.374416E-02
  0.374415E-02
  0.374415E-02
  0.374414E-02
  0.374413E-02
  0.374412E-02
  0.374411E-02
  0.374410E-02
  0.374409E-02
  0.374408E-02
  0.374407E-02
  0.374406E-02
  0.374406E-02
  0.374405E-02
  0.374404E-02
  0.374403E-02
  0.374402E-02
  0.374401E-02
  0.374400E-02
  0.374399E-02
  0.374398E-02
  0.374397E-02
  0.374396E-02
  0.374396E-02
  0.374395E-02
  0.374394E-02
  0.374393E-02
  0.374392E-02
  0.374391E-02
  0.374390E-02
  0.374389E-02
  0.374388E-02
  0.374387E-02
  0.374387E-02
  0.374386E-02
  0.374385E-02
  0.374384E-02
  0.374383E-02
  0.374382E-02
  0.374381E-02
  0.374380E-02
  0.374379E-02
  0.374378E-02
  0.374378E-02
  0.374377E-02
  0.374376E-02
  0.374375E-02
  0.374374E-02
  0.374373E-02
  0.374372E-02
  0.374371E-02
  0.374370E-02
  0.374369E-02
  0.374369E-02
  0.374368E-02
  0.374367E-02
  0.374366E-02
  0.374365E-02
  0.374364E-02
  0.374363E-02
  0.374362E-02
  0.374361E-02
  0.374360E-02
  0.374359E-02
  0.374359E-02
  0.374358E-02
  0.374357E-02
  0.374356E-02
  0.374355E-02
  0.374354E-02
  0.374353E-02
  0.374352E-02
  0.374351E-02
  0.374350E-02
  0.374350E-02
  0.374349E-02
  0.374348E-02
  0.374347E-02
  0.374346E-02
  0.374345E-02
  0.374344E-02
  0.374343E-02
  0.374342E-02
  0.374341E-02
  0.374341E-02
  0.374340E-02
  0.374339E-02
  0.374338E-02
  0.374337E-02
  0.374336E-02
  0.374335E-02
  0.374334E-02
  0.374333E-02
  0.374332E-02
  0.374332E-02
  0.374331E-02
  0.374330E-02
  0.374329E-02
  0.374328E-02
  0.374327E-02
  0.374326E-02
  0.374325E-02
  0.374324E-02
  0.374323E-02
  0.374323E-02
  0.374322E-02
  0.374321E-02
  0.374320E-02
  0.374319E-02
  0.374318E-02
  0.374317E-02
  0.374316E-02
  0.374315E-02
  0.374314E-02
  0.374313E-02
  0.374313E-02
  0.374312E-02
  0.374311E-02
  0.374310E-02
  0.374309E-02
  0.374308E-02
  0.374307E-02
  0.374306E-02
  0.374305E-02
  0.374304E-02
  0.374304E-02
  0.374303E-02
  0.374302E-02
  0.374301E-02
  0.374300E-02
  0.374299E-02
  0.374298E-02
  0.374297E-02
  0.374296E-02
  0.374295E-02
  0.374295E-02
  0.374294E-02
  0.374293E-02
  0.374292E-02
  0.374291E-02
  0.374290E-02
  0.374289E-02
  0.374288E-02
  0.374287E-02
  0.374286E-02
  0.374286E-02
  0.374285E-02
  0.374284E-02
  0.374283E-02
  0.374282E-02
  0.374281E-02
  0.374278E-02
  0.374276E-02
  0.374273E-02
  0.374271E-02
  0.374268E-02
  0.374266E-02
  0.374263E-02
  0.374261E-02
  0.374258E-02
  0.374256E-02
  0.374253E-02
  0.374251E-02
  0.374248E-02
  0.374246E-02
  0.374243E-02
  0.374241E-02
  0.374238E-02
  0.374235E-02
  0.374233E-02
  0.374230E-02
  0.374228E-02
  0.374225E-02
  0.374223E-02
  0.374220E-02
  0.374218E-02
  0.374215E-02
  0.374213E-02
  0.374210E-02
  0.374208E-02
  0.374205E-02
  0.374203E-02
  0.374200E-02
  0.374198E-02
  0.374195E-02
  0.374192E-02
  0.374190E-02
  0.374187E-02
  0.374185E-02
  0.374182E-02
  0.374180E-02
  0.374177E-02
  0.374175E-02
  0.374172E-02
  0.374170E-02
  0.374167E-02
  0.374165E-02
  0.374162E-02
  0.374160E-02
  0.374157E-02
  0.374155E-02
  0.374152E-02
  0.374149E-02
  0.374147E-02
  0.374144E-02
  0.374142E-02
  0.374139E-02
  0.374137E-02
  0.374134E-02
  0.374132E-02
  0.374129E-02
  0.374127E-02
  0.374124E-02
  0.374122E-02
  0.374119E-02
  0.374117E-02
  0.374114E-02
  0.374112E-02
  0.374109E-02
  0.374107E-02
  0.374104E-02
  0.374101E-02
  0.374099E-02
  0.374096E-02
  0.374094E-02
  0.374091E-02
  0.374089E-02
  0.374086E-02
  0.374084E-02
  0.374081E-02
  0.374079E-02
  0.374076E-02
  0.374074E-02
  0.374071E-02
  0.374069E-02
  0.374066E-02
  0.374064E-02
  0.374061E-02
  0.374058E-02
  0.374056E-02
  0.374053E-02
  0.374051E-02
  0.374048E-02
  0.374046E-02
  0.374043E-02
  0.374041E-02
  0.374038E-02
  0.374036E-02
  0.374033E-02
  0.374031E-02
  0.374028E-02
  0.374026E-02
  0.374023E-02
  0.374021E-02
  0.374018E-02
  0.374015E-02
  0.374013E-02
  0.374010E-02
  0.374008E-02
  0.374005E-02
  0.374003E-02
  0.374000E-02
  0.373998E-02
  0.373995E-02
  0.373993E-02
  0.373990E-02
  0.373988E-02
  0.373985E-02
  0.373983E-02
  0.373980E-02
  0.373978E-02
  0.373975E-02
  0.373972E-02
  0.373970E-02
  0.373967E-02
  0.373965E-02
  0.373962E-02
  0.373960E-02
  0.373957E-02
  0.373955E-02
  0.373952E-02
  0.373950E-02
  0.373947E-02
  0.373945E-02
  0.373942E-02
  0.373940E-02
  0.373937E-02
  0.373935E-02
  0.373932E-02
  0.373929E-02
  0.373927E-02
  0.373924E-02
  0.373922E-02
  0.373919E-02
  0.373917E-02
  0.373914E-02
  0.373912E-02
  0.373909E-02
  0.373907E-02
  0.373904E-02
  0.373902E-02
  0.373899E-02
  0.373897E-02
  0.373894E-02
  0.373892E-02
  0.373889E-02
  0.373886E-02
  0.373884E-02
  0.373881E-02
  0.373879E-02
  0.373876E-02
  0.373874E-02
  0.373871E-02
  0.373869E-02
  0.373866E-02
  0.373864E-02
  0.373861E-02
  0.373859E-02
  0.373856E-02
  0.373854E-02
  0.373851E-02
  0.373849E-02
  0.373846E-02
  0.373844E-02
  0.373841E-02
  0.373838E-02
  0.373836E-02
  0.373833E-02
  0.373831E-02
  0.373828E-02
  0.373826E-02
  0.373823E-02
  0.373821E-02
  0.373818E-02
  0.373816E-02
  0.373813E-02
  0.373811E-02
  0.373808E-02
  0.373806E-02
  0.373803E-02
  0.373801E-02
  0.373798E-02
  0.373795E-02
  0.373793E-02
  0.373790E-02
  0.373788E-02
  0.373785E-02
  0.373783E-02
  0.373780E-02
  0.373778E-02
  0.373775E-02
  0.373773E-02
  0.373770E-02
  0.373768E-02
  0.373765E-02
  0.373763E-02
  0.373760E-02
  0.373758E-02
  0.373755E-02
  0.373752E-02
  0.373750E-02
  0.373747E-02
  0.373745E-02
  0.373742E-02
  0.373740E-02
  0.373737E-02
  0.373735E-02
  0.373732E-02
  0.373730E-02
  0.373727E-02
  0.373725E-02
  0.373722E-02
  0.373720E-02
  0.373717E-02
  0.373715E-02
  0.373712E-02
  0.373710E-02
  0.373709E-02
  0.373707E-02
  0.373705E-02
  0.373704E-02
  0.373702E-02
  0.373700E-02
  0.373698E-02
  0.373697E-02
  0.373695E-02
  0.373693E-02
  0.373692E-02
  0.373690E-02
  0.373688E-02
  0.373687E-02
  0.373685E-02
  0.373683E-02
  0.373682E-02
  0.373680E-02
  0.373678E-02
  0.373677E-02
  0.373675E-02
  0.373673E-02
  0.373671E-02
  0.373670E-02
  0.373668E-02
  0.373666E-02
  0.373665E-02
  0.373663E-02
  0.373661E-02
  0.373660E-02
  0.373658E-02
  0.373656E-02
  0.373655E-02
  0.373653E-02
  0.373651E-02
  0.373650E-02
  0.373648E-02
  0.373646E-02
  0.373644E-02
  0.373643E-02
  0.373641E-02
  0.373639E-02
  0.373638E-02
  0.373636E-02
  0.373634E-02
  0.373633E-02
  0.373631E-02
  0.373629E-02
  0.373628E-02
  0.373626E-02
  0.373624E-02
  0.373622E-02
  0.373621E-02
  0.373619E-02
  0.373617E-02
  0.373616E-02
  0.373614E-02
  0.373612E-02
  0.373611E-02
  0.373609E-02
  0.373607E-02
  0.373606E-02
  0.373604E-02
  0.373602E-02
  0.373601E-02
  0.373599E-02
  0.373597E-02
  0.373595E-02
  0.373594E-02
  0.373592E-02
  0.373590E-02
  0.373589E-02
  0.373587E-02
  0.373585E-02
  0.373584E-02
  0.373582E-02
  0.373580E-02
  0.373579E-02
  0.373577E-02
  0.373575E-02
  0.373574E-02
  0.373572E-02
  0.373570E-02
  0.373568E-02
  0.373567E-02
  0.373565E-02
  0.373563E-02
  0.373562E-02
  0.373560E-02
  0.373558E-02
  0.373557E-02
  0.373555E-02
  0.373553E-02
  0.373552E-02
  0.373550E-02
  0.373548E-02
  0.373546E-02
  0.373545E-02
  0.373543E-02
  0.373541E-02
  0.373540E-02
  0.373538E-02
  0.373536E-02
  0.373535E-02
  0.373533E-02
  0.373531E-02
  0.373530E-02
  0.373528E-02
  0.373526E-02
  0.373525E-02
  0.373523E-02
  0.373521E-02
  0.373519E-02
  0.373518E-02
  0.373516E-02
  0.373514E-02
  0.373513E-02
  0.373511E-02
  0.373509E-02
  0.373508E-02
  0.373506E-02
  0.373504E-02
  0.373503E-02
  0.373501E-02
  0.373499E-02
  0.373498E-02
  0.373496E-02
  0.373494E-02
  0.373492E-02
  0.373491E-02
  0.373489E-02
  0.373487E-02
  0.373486E-02
  0.373484E-02
  0.373482E-02
  0.373481E-02
  0.373479E-02
  0.373477E-02
  0.373476E-02
  0.373474E-02
  0.373472E-02
  0.373470E-02
  0.373469E-02
  0.373467E-02
  0.373465E-02
  0.373464E-02
  0.373462E-02
  0.373460E-02
  0.373459E-02
  0.373457E-02
  0.373455E-02
  0.373454E-02
  0.373452E-02
  0.373450E-02
  0.373449E-02
  0.373447E-02
  0.373445E-02
  0.373443E-02
  0.373442E-02
  0.373440E-02
  0.373438E-02
  0.373437E-02
  0.373435E-02
  0.373433E-02
  0.373432E-02
  0.373430E-02
  0.373428E-02
  0.373427E-02
  0.373425E-02
  0.373423E-02
  0.373422E-02
  0.373420E-02
  0.373418E-02
  0.373416E-02
  0.373415E-02
  0.373413E-02
  0.373411E-02
  0.373410E-02
  0.373408E-02
  0.373406E-02
  0.373405E-02
  0.373403E-02
  0.373401E-02
  0.373400E-02
  0.373398E-02
  0.373396E-02
  0.373394E-02
  0.373393E-02
  0.373391E-02
  0.373389E-02
  0.373388E-02
  0.373386E-02
  0.373384E-02
  0.373383E-02
  0.373381E-02
  0.373379E-02
  0.373378E-02
  0.373376E-02
  0.373374E-02
  0.373373E-02
  0.373371E-02
  0.373369E-02
  0.373367E-02
  0.373366E-02
  0.373364E-02
  0.373362E-02
  0.373361E-02
  0.373359E-02
  0.373357E-02
  0.373356E-02
  0.373354E-02
  0.373352E-02
  0.373351E-02
  0.373349E-02
  0.373347E-02
  0.373346E-02
  0.373344E-02
  0.373342E-02
  0.373340E-02
  0.373339E-02
  0.373337E-02
  0.373335E-02
  0.373334E-02
  0.373332E-02
  0.373333E-02
  0.373334E-02
  0.373334E-02
  0.373335E-02
  0.373336E-02
  0.373337E-02
  0.373337E-02
  0.373338E-02
  0.373339E-02
  0.373340E-02
  0.373340E-02
  0.373341E-02
  0.373342E-02
  0.373343E-02
  0.373343E-02
  0.373344E-02
  0.373345E-02
  0.373346E-02
  0.373346E-02
  0.373347E-02
  0.373348E-02
  0.373349E-02
  0.373349E-02
  0.373350E-02
  0.373351E-02
  0.373352E-02
  0.373352E-02
  0.373353E-02
  0.373354E-02
  0.373355E-02
  0.373355E-02
  0.373356E-02
  0.373357E-02
  0.373358E-02
  0.373358E-02
  0.373359E-02
  0.373360E-02
  0.373361E-02
  0.373361E-02
  0.373362E-02
  0.373363E-02
  0.373364E-02
  0.373364E-02
  0.373365E-02
  0.373366E-02
  0.373367E-02
  0.373368E-02
  0.373368E-02
  0.373369E-02
  0.373370E-02
  0.373371E-02
  0.373371E-02
  0.373372E-02
  0.373373E-02
  0.373374E-02
  0.373374E-02
  0.373375E-02
  0.373376E-02
  0.373377E-02
  0.373377E-02
  0.373378E-02
  0.373379E-02
  0.373380E-02
  0.373380E-02
  0.373381E-02
  0.373382E-02
  0.373383E-02
  0.373383E-02
  0.373384E-02
  0.373385E-02
  0.373386E-02
  0.373386E-02
  0.373387E-02
  0.373388E-02
  0.373389E-02
  0.373389E-02
  0.373390E-02
  0.373391E-02
  0.373392E-02
  0.373392E-02
  0.373393E-02
  0.373394E-02
  0.373395E-02
  0.373395E-02
  0.373396E-02
  0.373397E-02
  0.373398E-02
  0.373398E-02
  0.373399E-02
  0.373400E-02
  0.373401E-02
  0.373402E-02
  0.373402E-02
  0.373403E-02
  0.373404E-02
  0.373405E-02
  0.373405E-02
  0.373406E-02
  0.373407E-02
  0.373408E-02
  0.373408E-02
  0.373409E-02
  0.373410E-02
  0.373411E-02
  0.373411E-02
  0.373412E-02
  0.373413E-02
  0.373414E-02
  0.373414E-02
  0.373415E-02
  0.373416E-02
  0.373417E-02
  0.373417E-02
  0.373418E-02
  0.373419E-02
  0.373420E-02
  0.373420E-02
  0.373421E-02
  0.373422E-02
  0.373423E-02
  0.373423E-02
  0.373424E-02
  0.373425E-02
  0.373426E-02
  0.373426E-02
  0.373427E-02
  0.373428E-02
  0.373429E-02
  0.373429E-02
  0.373430E-02
  0.373431E-02
  0.373432E-02
  0.373432E-02
  0.373433E-02
  0.373434E-02
  0.373435E-02
  0.373436E-02
  0.373436E-02
  0.373437E-02
  0.373438E-02
  0.373439E-02
  0.373439E-02
  0.373440E-02
  0.373441E-02
  0.373442E-02
  0.373442E-02
  0.373443E-02
  0.373444E-02
  0.373445E-02
  0.373445E-02
  0.373446E-02
  0.373447E-02
  0.373448E-02
  0.373448E-02
  0.373449E-02
  0.373450E-02
  0.373451E-02
  0.373451E-02
  0.373452E-02
  0.373453E-02
  0.373454E-02
  0.373454E-02
  0.373455E-02
  0.373456E-02
  0.373457E-02
  0.373457E-02
  0.373458E-02
  0.373459E-02
  0.373460E-02
  0.373460E-02
  0.373461E-02
  0.373462E-02
  0.373463E-02
  0.373463E-02
  0.373464E-02
  0.373465E-02
  0.373466E-02
  0.373466E-02
  0.373467E-02
  0.373468E-02
  0.373469E-02
  0.373470E-02
  0.373470E-02
  0.373471E-02
  0.373472E-02
  0.373473E-02
  0.373473E-02
  0.373474E-02
  0.373475E-02
  0.373476E-02
  0.373476E-02
  0.373477E-02
  0.373478E-02
  0.373479E-02
  0.373479E-02
  0.373480E-02
  0.373481E-02
  0.373482E-02
  0.373482E-02
  0.373483E-02
  0.373484E-02
  0.373485E-02
  0.373485E-02
  0.373486E-02
  0.373487E-02
  0.373488E-02
  0.373488E-02
  0.373489E-02
  0.373490E-02
  0.373491E-02
  0.373491E-02
  0.373492E-02
  0.373493E-02
  0.373494E-02
  0.373494E-02
  0.373495E-02
  0.373496E-02
  0.373497E-02
  0.373497E-02
  0.373498E-02
  0.373499E-02
  0.373500E-02
  0.373500E-02
  0.373501E-02
  0.373502E-02
  0.373503E-02
  0.373504E-02
  0.373505E-02
  0.373506E-02
  0.373507E-02
  0.373508E-02
  0.373509E-02
  0.373510E-02
  0.373511E-02
  0.373512E-02
  0.373513E-02
  0.373514E-02
  0.373515E-02
  0.373516E-02
  0.373517E-02
  0.373518E-02
  0.373519E-02
  0.373520E-02
  0.373521E-02
  0.373522E-02
  0.373523E-02
  0.373524E-02
  0.373526E-02
  0.373527E-02
  0.373528E-02
  0.373529E-02
  0.373530E-02
  0.373531E-02
  0.373532E-02
  0.373533E-02
  0.373534E-02
  0.373535E-02
  0.373536E-02
  0.373537E-02
  0.373538E-02
  0.373539E-02
  0.373540E-02
  0.373541E-02
  0.373542E-02
  0.373543E-02
  0.373544E-02
  0.373545E-02
  0.373546E-02
  0.373547E-02
  0.373548E-02
  0.373549E-02
  0.373550E-02
  0.373551E-02
  0.373552E-02
  0.373553E-02
  0.373554E-02
  0.373555E-02
  0.373556E-02
  0.373557E-02
  0.373558E-02
  0.373559E-02
  0.373560E-02
  0.373561E-02
  0.373562E-02
  0.373563E-02
  0.373564E-02
  0.373565E-02
  0.373566E-02
  0.373567E-02
  0.373568E-02
  0.373569E-02
  0.373570E-02
  0.373572E-02
  0.373573E-02
  0.373574E-02
  0.373575E-02
  0.373576E-02
  0.373577E-02
  0.373578E-02
  0.373579E-02
  0.373580E-02
  0.373581E-02
  0.373582E-02
  0.373583E-02
  0.373584E-02
  0.373585E-02
  0.373586E-02
  0.373587E-02
  0.373588E-02
  0.373589E-02
  0.373590E-02
  0.373591E-02
  0.373592E-02
  0.373593E-02
  0.373594E-02
  0.373595E-02
  0.373596E-02
  0.373597E-02
  0.373598E-02
  0.373599E-02
  0.373600E-02
  0.373601E-02
  0.373602E-02
  0.373603E-02
  0.373604E-02
  0.373605E-02
  0.373606E-02
  0.373607E-02
  0.373608E-02
  0.373609E-02
  0.373610E-02
  0.373611E-02
  0.373612E-02
  0.373613E-02
  0.373614E-02
  0.373615E-02
  0.373616E-02
  0.373618E-02
  0.373619E-02
  0.373620E-02
  0.373621E-02
  0.373622E-02
  0.373623E-02
  0.373624E-02
  0.373625E-02
  0.373626E-02
  0.373627E-02
  0.373628E-02
  0.373629E-02
  0.373630E-02
  0.373631E-02
  0.373632E-02
  0.373633E-02
  0.373634E-02
  0.373635E-02
  0.373636E-02
  0.373637E-02
  0.373638E-02
  0.373639E-02
  0.373640E-02
  0.373641E-02
  0.373642E-02
  0.373643E-02
  0.373644E-02
  0.373645E-02
  0.373646E-02
  0.373647E-02
  0.373648E-02
  0.373649E-02
  0.373650E-02
  0.373651E-02
  0.373652E-02
  0.373653E-02
  0.373654E-02
  0.373655E-02
  0.373656E-02
  0.373657E-02
  0.373658E-02
  0.373659E-02
  0.373660E-02
  0.373661E-02
  0.373662E-02
  0.373664E-02
  0.373665E-02
  0.373666E-02
  0.373667E-02
  0.373668E-02
  0.373669E-02
  0.373670E-02
  0.373671E-02
  0.373672E-02
  0.373673E-02
  0.373674E-02
  0.373675E-02
  0.373676E-02
  0.373677E-02
  0.373678E-02
  0.373679E-02
  0.373680E-02
  0.373681E-02
  0.373682E-02
  0.373683E-02
  0.373684E-02
  0.373685E-02
  0.373686E-02
  0.373687E-02
  0.373688E-02
  0.373689E-02
  0.373690E-02
  0.373691E-02
  0.373692E-02
  0.373693E-02
  0.373694E-02
  0.373695E-02
  0.373696E-02
  0.373697E-02
  0.373698E-02
  0.373699E-02
  0.373700E-02
  0.373701E-02
  0.373702E-02
  0.373703E-02
  0.373704E-02
  0.373705E-02
  0.373706E-02
  0.373707E-02
  0.373708E-02
  0.373710E-02
  0.373711E-02
  0.373712E-02
  0.373713E-02
  0.373714E-02
  0.373715E-02
  0.373716E-02
  0.373717E-02
  0.373718E-02
  0.373719E-02
  0.373720E-02
  0.373721E-02
  0.373722E-02
  0.373723E-02
  0.373724E-02
  0.373725E-02
  0.373726E-02
  0.373727E-02
  0.373728E-02
  0.373729E-02
  0.373730E-02
  0.373731E-02
  0.373732E-02
  0.373731E-02
  0.373730E-02
  0.373729E-02
  0.373728E-02
  0.373727E-02
  0.373726E-02
  0.373725E-02
  0.373724E-02
  0.373723E-02
  0.373722E-02
  0.373721E-02
  0.373720E-02
  0.373719E-02
  0.373718E-02
  0.373716E-02
  0.373715E-02
  0.373714E-02
  0.373713E-02
  0.373712E-02
  0.373711E-02
  0.373710E-02
  0.373709E-02
  0.373708E-02
  0.373707E-02
  0.373706E-02
  0.373705E-02
  0.373704E-02
  0.373703E-02
  0.373702E-02
  0.373701E-02
  0.373700E-02
  0.373699E-02
  0.373698E-02
  0.373697E-02
  0.373696E-02
  0.373695E-02
  0.373694E-02
  0.373693E-02
  0.373692E-02
  0.373691E-02
  0.373690E-02
  0.373689E-02
  0.373687E-02
  0.373686E-02
  0.373685E-02
  0.373684E-02
  0.373683E-02
  0.373682E-02
  0.373681E-02
  0.373680E-02
  0.373679E-02
  0.373678E-02
  0.373677E-02
  0.373676E-02
  0.373675E-02
  0.373674E-02
  0.373673E-02
  0.373672E-02
  0.373671E-02
  0.373670E-02
  0.373669E-02
  0.373668E-02
  0.373667E-02
  0.373666E-02
  0.373665E-02
  0.373664E-02
  0.373663E-02
  0.373662E-02
  0.373661E-02
  0.373660E-02
  0.373658E-02
  0.373657E-02
  0.373656E-02
  0.373655E-02
  0.373654E-02
  0.373653E-02
  0.373652E-02
  0.373651E-02
  0.373650E-02
  0.373649E-02
  0.373648E-02
  0.373647E-02
  0.373646E-02
  0.373645E-02
  0.373644E-02
  0.373643E-02
  0.373642E-02
  0.373641E-02
  0.373640E-02
  0.373639E-02
  0.373638E-02
  0.373637E-02
  0.373636E-02
  0.373635E-02
  0.373634E-02
  0.373633E-02
  0.373632E-02
  0.373631E-02
  0.373629E-02
  0.373628E-02
  0.373627E-02
  0.373626E-02
  0.373625E-02
  0.373624E-02
  0.373623E-02
  0.373622E-02
  0.373621E-02
  0.373620E-02
  0.373619E-02
  0.373618E-02
  0.373617E-02
  0.373616E-02
  0.373615E-02
  0.373614E-02
  0.373613E-02
  0.373612E-02
  0.373611E-02
  0.373610E-02
  0.373609E-02
  0.373608E-02
  0.373607E-02
  0.373606E-02
  0.373605E-02
  0.373604E-02
  0.373603E-02
  0.373602E-02
  0.373600E-02
  0.373599E-02
  0.373598E-02
  0.373597E-02
  0.373596E-02
  0.373595E-02
  0.373594E-02
  0.373593E-02
  0.373592E-02
  0.373591E-02
  0.373590E-02
  0.373589E-02
  0.373588E-02
  0.373587E-02
  0.373586E-02
  0.373585E-02
  0.373584E-02
  0.373583E-02
  0.373582E-02
  0.373581E-02
  0.373580E-02
  0.373579E-02
  0.373578E-02
  0.373577E-02
  0.373576E-02
  0.373575E-02
  0.373574E-02
  0.373573E-02
  0.373571E-02
  0.373570E-02
  0.373569E-02
  0.373568E-02
  0.373567E-02
  0.373566E-02
  0.373565E-02
  0.373564E-02
  0.373563E-02
  0.373562E-02
  0.373561E-02
  0.373560E-02
  0.373559E-02
  0.373558E-02
  0.373557E-02
  0.373556E-02
  0.373555E-02
  0.373554E-02
  0.373553E-02
  0.373552E-02
  0.373551E-02
  0.373550E-02
  0.373549E-02
  0.373548E-02
  0.373547E-02
  0.373546E-02
  0.373545E-02
  0.373544E-02
  0.373542E-02
  0.373541E-02
  0.373540E-02
  0.373539E-02
  0.373538E-02
  0.373537E-02
  0.373536E-02
  0.373535E-02
  0.373534E-02
  0.373533E-02
  0.373532E-02
  0.373531E-02
  0.373530E-02
  0.373529E-02
  0.373528E-02
  0.373527E-02
  0.373526E-02
  0.373525E-02
  0.373524E-02
  0.373523E-02
  0.373522E-02
  0.373521E-02
  0.373520E-02
  0.373519E-02
  0.373518E-02
  0.373517E-02
  0.373516E-02
  0.373515E-02
  0.373513E-02
  0.373512E-02
  0.373511E-02
  0.373510E-02
  0.373509E-02
  0.373508E-02
  0.373507E-02
  0.373506E-02
  0.373505E-02
  0.373504E-02
  0.373503E-02
  0.373502E-02
  0.373501E-02
  0.373500E-02
  0.373499E-02
  0.373498E-02
  0.373497E-02
  0.373495E-02
  0.373494E-02
  0.373493E-02
  0.373492E-02
  0.373491E-02
  0.373489E-02
  0.373488E-02
  0.373487E-02
  0.373486E-02
  0.373485E-02
  0.373483E-02
  0.373482E-02
  0.373481E-02
  0.373480E-02
  0.373479E-02
  0.373477E-02
  0.373476E-02
  0.373475E-02
  0.373474E-02
  0.373473E-02
  0.373471E-02
  0.373470E-02
  0.373469E-02
  0.373468E-02
  0.373467E-02
  0.373465E-02
  0.373464E-02
  0.373463E-02
  0.373462E-02
  0.373461E-02
  0.373459E-02
  0.373458E-02
  0.373457E-02
  0.373456E-02
  0.373455E-02
  0.373453E-02
  0.373452E-02
  0.373451E-02
  0.373450E-02
  0.373449E-02
  0.373447E-02
  0.373446E-02
  0.373445E-02
  0.373444E-02
  0.373443E-02
  0.373441E-02
  0.373440E-02
  0.373439E-02
  0.373438E-02
  0.373437E-02
  0.373435E-02
  0.373434E-02
  0.373433E-02
  0.373432E-02
  0.373431E-02
  0.373429E-02
  0.373428E-02
  0.373427E-02
  0.373426E-02
  0.373425E-02
  0.373423E-02
  0.373422E-02
  0.373421E-02
  0.373420E-02
  0.373419E-02
  0.373417E-02
  0.373416E-02
  0.373415E-02
  0.373414E-02
  0.373413E-02
  0.373411E-02
  0.373410E-02
  0.373409E-02
  0.373408E-02
  0.373407E-02
  0.373405E-02
  0.373404E-02
  0.373403E-02
  0.373402E-02
  0.373401E-02
  0.373399E-02
  0.373398E-02
  0.373397E-02
  0.373396E-02
  0.373395E-02
  0.373393E-02
  0.373392E-02
  0.373391E-02
  0.373390E-02
  0.373389E-02
  0.373387E-02
  0.373386E-02
  0.373385E-02
  0.373384E-02
  0.373383E-02
  0.373381E-02
  0.373380E-02
  0.373379E-02
  0.373378E-02
  0.373377E-02
  0.373375E-02
  0.373374E-02
  0.373373E-02
  0.373372E-02
  0.373371E-02
  0.373369E-02
  0.373368E-02
  0.373367E-02
  0.373366E-02
  0.373365E-02
  0.373363E-02
  0.373362E-02
  0.373361E-02
  0.373360E-02
  0.373359E-02
  0.373357E-02
  0.373356E-02
  0.373355E-02
  0.373354E-02
  0.373353E-02
  0.373351E-02
  0.373350E-02
  0.373349E-02
  0.373348E-02
  0.373347E-02
  0.373345E-02
  0.373344E-02
  0.373343E-02
  0.373342E-02
  0.373341E-02
  0.373339E-02
  0.373338E-02
  0.373337E-02
  0.373336E-02
  0.373335E-02
  0.373333E-02
  0.373332E-02
  0.373331E-02
  0.373330E-02
  0.373329E-02
  0.373327E-02
  0.373326E-02
  0.373325E-02
  0.373324E-02
  0.373323E-02
  0.373321E-02
  0.373320E-02
  0.373319E-02
  0.373318E-02
  0.373317E-02
  0.373315E-02
  0.373314E-02
  0.373313E-02
  0.373312E-02
  0.373311E-02
  0.373309E-02
  0.373308E-02
  0.373307E-02
  0.373306E-02
  0.373305E-02
  0.373303E-02
  0.373302E-02
  0.373301E-02
  0.373300E-02
  0.373299E-02
  0.373297E-02
  0.373296E-02
  0.373295E-02
  0.373294E-02
  0.373293E-02
  0.373291E-02
  0.373290E-02
  0.373289E-02
  0.373288E-02
  0.373287E-02
  0.373285E-02
  0.373284E-02
  0.373283E-02
  0.373282E-02
  0.373281E-02
  0.373279E-02
  0.373278E-02
  0.373277E-02
  0.373276E-02
  0.373275E-02
  0.373273E-02
  0.373272E-02
  0.373271E-02
  0.373270E-02
  0.373269E-02
  0.373267E-02
  0.373266E-02
  0.373265E-02
  0.373264E-02
  0.373263E-02
  0.373261E-02
  0.373260E-02
  0.373259E-02
  0.373258E-02
  0.373257E-02
  0.373255E-02
  0.373254E-02
  0.373253E-02
  0.373252E-02
  0.373251E-02
  0.373249E-02
  0.373248E-02
  0.373247E-02
  0.373246E-02
  0.373245E-02
  0.373243E-02
  0.373242E-02
  0.373241E-02
  0.373240E-02
  0.373239E-02
  0.373237E-02
  0.373236E-02
  0.373235E-02
  0.373234E-02
  0.373233E-02
  0.373231E-02
  0.373230E-02
  0.373229E-02
  0.373230E-02
  0.373231E-02
  0.373232E-02
  0.373233E-02
  0.373234E-02
  0.373235E-02
  0.373236E-02
  0.373237E-02
  0.373238E-02
  0.373239E-02
  0.373240E-02
  0.373241E-02
  0.373242E-02
  0.373243E-02
  0.373244E-02
  0.373245E-02
  0.373247E-02
  0.373248E-02
  0.373249E-02
  0.373250E-02
  0.373251E-02
  0.373252E-02
  0.373253E-02
  0.373254E-02
  0.373255E-02
  0.373256E-02
  0.373257E-02
  0.373258E-02
  0.373259E-02
  0.373260E-02
  0.373261E-02
  0.373262E-02
  0.373263E-02
  0.373264E-02
  0.373265E-02
  0.373266E-02
  0.373267E-02
  0.373268E-02
  0.373269E-02
  0.373270E-02
  0.373271E-02
  0.373272E-02
  0.373273E-02
  0.373274E-02
  0.373275E-02
  0.373276E-02
  0.373277E-02
  0.373278E-02
  0.373280E-02
  0.373281E-02
  0.373282E-02
  0.373283E-02
  0.373284E-02
  0.373285E-02
  0.373286E-02
  0.373287E-02
  0.373288E-02
  0.373289E-02
  0.373290E-02
  0.373291E-02
  0.373292E-02
  0.373293E-02
  0.373294E-02
  0.373295E-02
  0.373296E-02
  0.373297E-02
  0.373298E-02
  0.373299E-02
  0.373300E-02
  0.373301E-02
  0.373302E-02
  0.373303E-02
  0.373304E-02
  0.373305E-02
  0.373306E-02
  0.373307E-02
  0.373308E-02
  0.373309E-02
  0.373310E-02
  0.373311E-02
  0.373313E-02
  0.373314E-02
  0.373315E-02
  0.373316E-02
  0.373317E-02
  0.373318E-02
  0.373319E-02
  0.373320E-02
  0.373321E-02
  0.373322E-02
  0.373323E-02
  0.373324E-02
  0.373325E-02
  0.373326E-02
  0.373327E-02
  0.373328E-02
  0.373329E-02
  0.373330E-02
  0.373331E-02
  0.373332E-02
  0.373333E-02
  0.373334E-02
  0.373335E-02
  0.373336E-02
  0.373337E-02
  0.373338E-02
  0.373339E-02
  0.373340E-02
  0.373341E-02
  0.373342E-02
  0.373343E-02
  0.373344E-02
  0.373346E-02
  0.373347E-02
  0.373348E-02
  0.373349E-02
  0.373350E-02
  0.373351E-02
  0.373352E-02
  0.373353E-02
  0.373354E-02
  0.373355E-02
  0.373356E-02
  0.373357E-02
  0.373358E-02
  0.373359E-02
  0.373360E-02
  0.373361E-02
  0.373362E-02
  0.373363E-02
  0.373364E-02
  0.373365E-02
  0.373366E-02
  0.373367E-02
  0.373368E-02
  0.373369E-02
  0.373370E-02
  0.373371E-02
  0.373372E-02
  0.373373E-02
  0.373374E-02
  0.373375E-02
  0.373376E-02
  0.373377E-02
  0.373379E-02
  0.373380E-02
  0.373381E-02
  0.373382E-02
  0.373383E-02
  0.373384E-02
  0.373385E-02
  0.373386E-02
  0.373387E-02
  0.373388E-02
  0.373389E-02
  0.373390E-02
  0.373391E-02
  0.373392E-02
  0.373393E-02
  0.373394E-02
  0.373395E-02
  0.373396E-02
  0.373397E-02
  0.373398E-02
  0.373399E-02
  0.373400E-02
  0.373401E-02
  0.373402E-02
  0.373403E-02
  0.373404E-02
  0.373405E-02
  0.373406E-02
  0.373407E-02
  0.373408E-02
  0.373409E-02
  0.373410E-02
  0.373412E-02
  0.373413E-02
  0.373414E-02
  0.373415E-02
  0.373416E-02
  0.373417E-02
  0.373418E-02
  0.373419E-02
  0.373420E-02
  0.373421E-02
  0.373422E-02
  0.373423E-02
  0.373424E-02
  0.373425E-02
  0.373426E-02
  0.373427E-02
  0.373428E-02
  0.373429E-02
  0.373430E-02
  0.373431E-02
  0.373432E-02
  0.373433E-02
  0.373434E-02
  0.373435E-02
  0.373436E-02
  0.373437E-02
  0.373438E-02
  0.373439E-02
  0.373440E-02
  0.373441E-02
  0.373442E-02
  0.373443E-02
  0.373445E-02
  0.373446E-02
  0.373447E-02
  0.373448E-02
  0.373449E-02
  0.373450E-02
  0.373451E-02
  0.373452E-02
  0.373453E-02
  0.373454E-02
  0.373455E-02
  0.373456E-02
  0.373457E-02
  0.373458E-02
  0.373459E-02
  0.373460E-02
  0.373461E-02
  0.373463E-02
  0.373465E-02
  0.373468E-02
  0.373470E-02
  0.373472E-02
  0.373474E-02
  0.373477E-02
  0.373479E-02
  0.373481E-02
  0.373483E-02
  0.373485E-02
  0.373488E-02
  0.373490E-02
  0.373492E-02
  0.373494E-02
  0.373497E-02
  0.373499E-02
  0.373501E-02
  0.373503E-02
  0.373506E-02
  0.373508E-02
  0.373510E-02
  0.373512E-02
  0.373514E-02
  0.373517E-02
  0.373519E-02
  0.373521E-02
  0.373523E-02
  0.373526E-02
  0.373528E-02
  0.373530E-02
  0.373532E-02
  0.373534E-02
  0.373537E-02
  0.373539E-02
  0.373541E-02
  0.373543E-02
  0.373546E-02
  0.373548E-02
  0.373550E-02
  0.373552E-02
  0.373555E-02
  0.373557E-02
  0.373559E-02
  0.373561E-02
  0.373563E-02
  0.373566E-02
  0.373568E-02
  0.373570E-02
  0.373572E-02
  0.373575E-02
  0.373577E-02
  0.373579E-02
  0.373581E-02
  0.373583E-02
  0.373586E-02
  0.373588E-02
  0.373590E-02
  0.373592E-02
  0.373595E-02
  0.373597E-02
  0.373599E-02
  0.373601E-02
  0.373604E-02
  0.373606E-02
  0.373608E-02
  0.373610E-02
  0.373612E-02
  0.373615E-02
  0.373617E-02
  0.373619E-02
  0.373621E-02
  0.373624E-02
  0.373626E-02
  0.373628E-02
  0.373630E-02
  0.373632E-02
  0.373635E-02
  0.373637E-02
  0.373639E-02
  0.373641E-02
  0.373644E-02
  0.373646E-02
  0.373648E-02
  0.373650E-02
  0.373652E-02
  0.373655E-02
  0.373657E-02
  0.373659E-02
  0.373661E-02
  0.373664E-02
  0.373666E-02
  0.373668E-02
  0.373670E-02
  0.373673E-02
  0.373675E-02
  0.373677E-02
  0.373679E-02
  0.373681E-02
  0.373684E-02
  0.373686E-02
  0.373688E-02
  0.373690E-02
  0.373693E-02
  0.373695E-02
  0.373697E-02
  0.373699E-02
  0.373701E-02
  0.373704E-02
  0.373706E-02
  0.373708E-02
  0.373710E-02
  0.373713E-02
  0.373715E-02
  0.373717E-02
  0.373719E-02
  0.373722E-02
  0.373724E-02
  0.373726E-02
  0.373728E-02
  0.373730E-02
  0.373733E-02
  0.373735E-02
  0.373737E-02
  0.373739E-02
  0.373742E-02
  0.373744E-02
  0.373746E-02
  0.373748E-02
  0.373750E-02
  0.373753E-02
  0.373755E-02
  0.373757E-02
  0.373759E-02
  0.373762E-02
  0.373764E-02
  0.373766E-02
  0.373768E-02
  0.373771E-02
  0.373773E-02
  0.373775E-02
  0.373777E-02
  0.373779E-02
  0.373782E-02
  0.373784E-02
  0.373786E-02
  0.373788E-02
  0.373791E-02
  0.373793E-02
  0.373795E-02
  0.373797E-02
  0.373799E-02
  0.373802E-02
  0.373804E-02
  0.373806E-02
  0.373808E-02
  0.373811E-02
  0.373813E-02
  0.373815E-02
  0.373817E-02
  0.373819E-02
  0.373822E-02
  0.373824E-02
  0.373826E-02
  0.373828E-02
  0.373831E-02
  0.373833E-02
  0.373835E-02
  0.373837E-02
  0.373840E-02
  0.373842E-02
  0.373844E-02
  0.373846E-02
  0.373848E-02
  0.373851E-02
  0.373853E-02
  0.373855E-02
  0.373857E-02
  0.373860E-02
  0.373862E-02
  0.373864E-02
  0.373866E-02
  0.373868E-02
  0.373871E-02
  0.373873E-02
  0.373875E-02
  0.373877E-02
  0.373880E-02
  0.373882E-02
  0.373884E-02
  0.373886E-02
  0.373889E-02
  0.373891E-02
  0.373893E-02
  0.373895E-02
  0.373897E-02
  0.373900E-02
  0.373902E-02
  0.373904E-02
  0.373906E-02
  0.373909E-02
  0.373911E-02
  0.373913E-02
  0.373915E-02
  0.373917E-02
  0.373920E-02
  0.373922E-02
  0.373924E-02
  0.373926E-02
  0.373929E-02
  0.373931E-02
  0.373933E-02
  0.373935E-02
  0.373938E-02
  0.373940E-02
  0.373942E-02
  0.373944E-02
  0.373946E-02
  0.373949E-02
  0.373951E-02
  0.373953E-02
  0.373955E-02
  0.373958E-02
  0.373960E-02
  0.373962E-02
  0.373962E-02
  0.373963E-02
  0.373963E-02
  0.373963E-02
  0.373964E-02
  0.373964E-02
  0.373965E-02
  0.373965E-02
  0.373965E-02
  0.373966E-02
  0.373966E-02
  0.373966E-02
  0.373967E-02
  0.373967E-02
  0.373967E-02
  0.373968E-02
  0.373968E-02
  0.373968E-02
  0.373969E-02
  0.373969E-02
  0.373970E-02
  0.373970E-02
  0.373970E-02
  0.373971E-02
  0.373971E-02
  0.373971E-02
  0.373972E-02
  0.373972E-02
  0.373972E-02
  0.373973E-02
  0.373973E-02
  0.373974E-02
  0.373974E-02
  0.373974E-02
  0.373975E-02
  0.373975E-02
  0.373975E-02
  0.373976E-02
  0.373976E-02
  0.373976E-02
  0.373977E-02
  0.373977E-02
  0.373977E-02
  0.373978E-02
  0.373978E-02
  0.373979E-02
  0.373979E-02
  0.373979E-02
  0.373980E-02
  0.373980E-02
  0.373980E-02
  0.373981E-02
  0.373981E-02
  0.373981E-02
  0.373982E-02
  0.373982E-02
  0.373983E-02
  0.373983E-02
  0.373983E-02
  0.373984E-02
  0.373984E-02
  0.373984E-02
  0.373985E-02
  0.373985E-02
  0.373985E-02
  0.373986E-02
  0.373986E-02
  0.373986E-02
  0.373987E-02
  0.373987E-02
  0.373988E-02
  0.373988E-02
  0.373988E-02
  0.373989E-02
  0.373989E-02
  0.373989E-02
  0.373990E-02
  0.373990E-02
  0.373990E-02
  0.373991E-02
  0.373991E-02
  0.373992E-02
  0.373992E-02
  0.373992E-02
  0.373993E-02
  0.373993E-02
  0.373993E-02
  0.373994E-02
  0.373994E-02
  0.373994E-02
  0.373995E-02
  0.373995E-02
  0.373995E-02
  0.373996E-02
  0.373996E-02
  0.373997E-02
  0.373997E-02
  0.373997E-02
  0.373998E-02
  0.373998E-02
  0.373998E-02
  0.373999E-02
  0.373999E-02
  0.373999E-02
  0.374000E-02
  0.374000E-02
  0.374001E-02
  0.374001E-02
  0.374001E-02
  0.374002E-02
  0.374002E-02
  0.374002E-02
  0.374003E-02
  0.374003E-02
  0.374003E-02
  0.374004E-02
  0.374004E-02
  0.374004E-02
  0.374005E-02
  0.374005E-02
  0.374006E-02
  0.374006E-02
  0.374006E-02
  0.374007E-02
  0.374007E-02
  0.374007E-02
  0.374008E-02
  0.374008E-02
  0.374008E-02
  0.374009E-02
  0.374009E-02
  0.374010E-02
  0.374010E-02
  0.374010E-02
  0.374011E-02
  0.374011E-02
  0.374011E-02
  0.374012E-02
  0.374012E-02
  0.374012E-02
  0.374013E-02
  0.374013E-02
  0.374013E-02
  0.374014E-02
  0.374014E-02
  0.374015E-02
  0.374015E-02
  0.374015E-02
  0.374016E-02
  0.374016E-02
  0.374016E-02
  0.374017E-02
  0.374017E-02
  0.374017E-02
  0.374018E-02
  0.374018E-02
  0.374019E-02
  0.374019E-02
  0.374019E-02
  0.374020E-02
  0.374020E-02
  0.374020E-02
  0.374021E-02
  0.374021E-02
  0.374021E-02
  0.374022E-02
  0.374022E-02
  0.374022E-02
  0.374023E-02
  0.374023E-02
  0.374024E-02
  0.374024E-02
  0.374024E-02
  0.374025E-02
  0.374025E-02
  0.374025E-02
  0.374026E-02
  0.374026E-02
  0.374026E-02
  0.374027E-02
  0.374027E-02
  0.374028E-02
  0.374028E-02
  0.374028E-02
  0.374029E-02
  0.374029E-02
  0.374029E-02
  0.374030E-02
  0.374030E-02
  0.374030E-02
  0.374031E-02
  0.374031E-02
  0.374031E-02
  0.374032E-02
  0.374032E-02
  0.374033E-02
  0.374033E-02
  0.374033E-02
  0.374034E-02
  0.374034E-02
  0.374034E-02
  0.374035E-02
  0.374035E-02
  0.374035E-02
  0.374036E-02
  0.374036E-02
  0.374037E-02
  0.374037E-02
  0.374037E-02
  0.374038E-02
  0.374038E-02
  0.374038E-02
  0.374039E-02
  0.374039E-02
  0.374039E-02
  0.374040E-02
  0.374040E-02
  0.374040E-02
  0.374041E-02
  0.374041E-02
  0.374042E-02
  0.374042E-02
  0.374042E-02
  0.374043E-02
  0.374043E-02
  0.374041E-02
  0.374039E-02
  0.374036E-02
  0.374034E-02
  0.374032E-02
  0.374030E-02
  0.374027E-02
  0.374025E-02
  0.374023E-02
  0.374021E-02
  0.374019E-02
  0.374016E-02
  0.374014E-02
  0.374012E-02
  0.374010E-02
  0.374007E-02
  0.374005E-02
  0.374003E-02
  0.374001E-02
  0.373998E-02
  0.373996E-02
  0.373994E-02
  0.373992E-02
  0.373990E-02
  0.373987E-02
  0.373985E-02
  0.373983E-02
  0.373981E-02
  0.373978E-02
  0.373976E-02
  0.373974E-02
  0.373972E-02
  0.373970E-02
  0.373967E-02
  0.373965E-02
  0.373963E-02
  0.373961E-02
  0.373958E-02
  0.373956E-02
  0.373954E-02
  0.373952E-02
  0.373949E-02
  0.373947E-02
  0.373945E-02
  0.373943E-02
  0.373941E-02
  0.373938E-02
  0.373936E-02
  0.373934E-02
  0.373932E-02
  0.373929E-02
  0.373927E-02
  0.373925E-02
  0.373923E-02
  0.373921E-02
  0.373918E-02
  0.373916E-02
  0.373914E-02
  0.373912E-02
  0.373909E-02
  0.373907E-02
  0.373905E-02
  0.373903E-02
  0.373900E-02
  0.373898E-02
  0.373896E-02
  0.373894E-02
  0.373892E-02
  0.373889E-02
  0.373887E-02
  0.373885E-02
  0.373883E-02
  0.373880E-02
  0.373878E-02
  0.373876E-02
  0.373874E-02
  0.373872E-02
  0.373869E-02
  0.373867E-02
  0.373865E-02
  0.373863E-02
  0.373860E-02
  0.373858E-02
  0.373856E-02
  0.373854E-02
  0.373852E-02
  0.373849E-02
  0.373847E-02
  0.373845E-02
  0.373843E-02
  0.373840E-02
  0.373838E-02
  0.373836E-02
  0.373834E-02
  0.373831E-02
  0.373829E-02
  0.373827E-02
  0.373825E-02
  0.373823E-02
  0.373820E-02
  0.373818E-02
  0.373816E-02
  0.373814E-02
  0.373811E-02
  0.373809E-02
  0.373807E-02
  0.373805E-02
  0.373803E-02
  0.373800E-02
  0.373798E-02
  0.373796E-02
  0.373794E-02
  0.373791E-02
  0.373789E-02
  0.373787E-02
  0.373785E-02
  0.373782E-02
  0.373780E-02
  0.373778E-02
  0.373776E-02
  0.373774E-02
  0.373771E-02
  0.373769E-02
  0.373767E-02
  0.373765E-02
  0.373762E-02
  0.373760E-02
  0.373758E-02
  0.373756E-02
  0.373754E-02
  0.373751E-02
  0.373749E-02
  0.373747E-02
  0.373745E-02
  0.373742E-02
  0.373740E-02
  0.373738E-02
  0.373736E-02
  0.373733E-02
  0.373731E-02
  0.373729E-02
  0.373727E-02
  0.373725E-02
  0.373722E-02
  0.373720E-02
  0.373718E-02
  0.373716E-02
  0.373713E-02
  0.373711E-02
  0.373709E-02
  0.373707E-02
  0.373705E-02
  0.373702E-02
  0.373700E-02
  0.373698E-02
  0.373696E-02
  0.373693E-02
  0.373691E-02
  0.373689E-02
  0.373687E-02
  0.373685E-02
  0.373682E-02
  0.373680E-02
  0.373678E-02
  0.373676E-02
  0.373673E-02
  0.373671E-02
  0.373669E-02
  0.373667E-02
  0.373664E-02
  0.373662E-02
  0.373660E-02
  0.373658E-02
  0.373656E-02
  0.373653E-02
  0.373651E-02
  0.373649E-02
  0.373647E-02
  0.373644E-02
  0.373642E-02
  0.373640E-02
  0.373638E-02
  0.373636E-02
  0.373633E-02
  0.373631E-02
  0.373629E-02
  0.373627E-02
  0.373624E-02
  0.373622E-02
  0.373620E-02
  0.373618E-02
  0.373615E-02
  0.373613E-02
  0.373611E-02
  0.373609E-02
  0.373607E-02
  0.373604E-02
  0.373602E-02
  0.373600E-02
  0.373598E-02
  0.373595E-02
  0.373593E-02
  0.373591E-02
  0.373589E-02
  0.373587E-02
  0.373584E-02
  0.373582E-02
  0.373580E-02
  0.373578E-02
  0.373575E-02
  0.373573E-02
  0.373571E-02
  0.373569E-02
  0.373566E-02
  0.373564E-02
  0.373562E-02
  0.373560E-02
  0.373558E-02
  0.373555E-02
  0.373553E-02
  0.373551E-02
  0.373549E-02
  0.373546E-02
  0.373544E-02
  0.373542E-02
  0.373540E-02
  0.373538E-02
  0.373536E-02
  0.373534E-02
  0.373532E-02
  0.373530E-02
  0.373528E-02
  0.373526E-02
  0.373524E-02
  0.373522E-02
  0.373520E-02
  0.373518E-02
  0.373516E-02
  0.373514E-02
  0.373512E-02
  0.373510E-02
  0.373509E-02
  0.373507E-02
  0.373505E-02
  0.373503E-02
  0.373501E-02
  0.373499E-02
  0.373497E-02
  0.373495E-02
  0.373493E-02
  0.373491E-02
  0.373489E-02
  0.373487E-02
  0.373485E-02
  0.373483E-02
  0.373481E-02
  0.373479E-02
  0.373477E-02
  0.373475E-02
  0.373473E-02
  0.373471E-02
  0.373469E-02
  0.373467E-02
  0.373465E-02
  0.373463E-02
  0.373461E-02
  0.373459E-02
  0.373457E-02
  0.373455E-02
  0.373453E-02
  0.373451E-02
  0.373449E-02
  0.373447E-02
  0.373446E-02
  0.373444E-02
  0.373442E-02
  0.373440E-02
  0.373438E-02
  0.373436E-02
  0.373434E-02
  0.373432E-02
  0.373430E-02
  0.373428E-02
  0.373426E-02
  0.373424E-02
  0.373422E-02
  0.373420E-02
  0.373418E-02
  0.373416E-02
  0.373414E-02
  0.373412E-02
  0.373410E-02
  0.373408E-02
  0.373406E-02
  0.373404E-02
  0.373402E-02
  0.373400E-02
  0.373398E-02
  0.373396E-02
  0.373394E-02
  0.373392E-02
  0.373390E-02
  0.373388E-02
  0.373386E-02
  0.373384E-02
  0.373383E-02
  0.373381E-02
  0.373379E-02
  0.373377E-02
  0.373375E-02
  0.373373E-02
  0.373371E-02
  0.373369E-02
  0.373367E-02
  0.373365E-02
  0.373363E-02
  0.373361E-02
  0.373359E-02
  0.373357E-02
  0.373355E-02
  0.373353E-02
  0.373351E-02
  0.373349E-02
  0.373347E-02
  0.373345E-02
  0.373343E-02
  0.373341E-02
  0.373339E-02
  0.373337E-02
  0.373335E-02
  0.373333E-02
  0.373331E-02
  0.373329E-02
  0.373327E-02
  0.373325E-02
  0.373323E-02
  0.373321E-02
  0.373320E-02
  0.373318E-02
  0.373316E-02
  0.373314E-02
  0.373312E-02
  0.373310E-02
  0.373308E-02
  0.373306E-02
  0.373304E-02
  0.373302E-02
  0.373300E-02
  0.373298E-02
  0.373296E-02
  0.373294E-02
  0.373292E-02
  0.373290E-02
  0.373288E-02
  0.373286E-02
  0.373284E-02
  0.373282E-02
  0.373280E-02
  0.373278E-02
  0.373276E-02
  0.373274E-02
  0.373272E-02
  0.373270E-02
  0.373268E-02
  0.373266E-02
  0.373264E-02
  0.373262E-02
  0.373260E-02
  0.373258E-02
  0.373257E-02
  0.373255E-02
  0.373253E-02
  0.373251E-02
  0.373249E-02
  0.373247E-02
  0.373245E-02
  0.373243E-02
  0.373241E-02
  0.373239E-02
  0.373237E-02
  0.373235E-02
  0.373233E-02
  0.373231E-02
  0.373229E-02
  0.373227E-02
  0.373225E-02
  0.373223E-02
  0.373221E-02
  0.373219E-02
  0.373217E-02
  0.373215E-02
  0.373213E-02
  0.373211E-02
  0.373209E-02
  0.373207E-02
  0.373205E-02
  0.373203E-02
  0.373201E-02
  0.373199E-02
  0.373197E-02
  0.373195E-02
  0.373194E-02
  0.373192E-02
  0.373190E-02
  0.373188E-02
  0.373186E-02
  0.373184E-02
  0.373182E-02
  0.373180E-02
  0.373178E-02
  0.373176E-02
  0.373174E-02
  0.373172E-02
  0.373170E-02
  0.373168E-02
  0.373166E-02
  0.373164E-02
  0.373162E-02
  0.373160E-02
  0.373158E-02
  0.373156E-02
  0.373154E-02
  0.373152E-02
  0.373150E-02
  0.373148E-02
  0.373146E-02
  0.373144E-02
  0.373142E-02
  0.373140E-02
  0.373138E-02
  0.373136E-02
  0.373134E-02
  0.373132E-02
  0.373131E-02
  0.373129E-02
  0.373127E-02
  0.373125E-02
  0.373123E-02
  0.373121E-02
  0.373119E-02
  0.373117E-02
  0.373115E-02
  0.373113E-02
  0.373111E-02
  0.373109E-02
  0.373107E-02
  0.373105E-02
  0.373103E-02
  0.373101E-02
  0.373099E-02
  0.373101E-02
  0.373102E-02
  0.373103E-02
  0.373105E-02
  0.373106E-02
  0.373108E-02
  0.373109E-02
  0.373111E-02
  0.373112E-02
  0.373114E-02
  0.373115E-02
  0.373117E-02
  0.373118E-02
  0.373120E-02
  0.373121E-02
  0.373123E-02
  0.373124E-02
  0.373126E-02
  0.373127E-02
  0.373129E-02
  0.373130E-02
  0.373132E-02
  0.373133E-02
  0.373135E-02
  0.373136E-02
  0.373138E-02
  0.373139E-02
  0.373141E-02
  0.373142E-02
  0.373144E-02
  0.373145E-02
  0.373147E-02
  0.373148E-02
  0.373149E-02
  0.373151E-02
  0.373152E-02
  0.373154E-02
  0.373155E-02
  0.373157E-02
  0.373158E-02
  0.373160E-02
  0.373161E-02
  0.373163E-02
  0.373164E-02
  0.373166E-02
  0.373167E-02
  0.373169E-02
  0.373170E-02
  0.373172E-02
  0.373173E-02
  0.373175E-02
  0.373176E-02
  0.373178E-02
  0.373179E-02
  0.373181E-02
  0.373182E-02
  0.373184E-02
  0.373185E-02
  0.373187E-02
  0.373188E-02
  0.373190E-02
  0.373191E-02
  0.373193E-02
  0.373194E-02
  0.373195E-02
  0.373197E-02
  0.373198E-02
  0.373200E-02
  0.373201E-02
  0.373203E-02
  0.373204E-02
  0.373206E-02
  0.373207E-02
  0.373209E-02
  0.373210E-02
  0.373212E-02
  0.373213E-02
  0.373215E-02
  0.373216E-02
  0.373218E-02
  0.373219E-02
  0.373221E-02
  0.373222E-02
  0.373224E-02
  0.373225E-02
  0.373227E-02
  0.373228E-02
  0.373230E-02
  0.373231E-02
  0.373233E-02
  0.373234E-02
  0.373236E-02
  0.373237E-02
  0.373239E-02
  0.373240E-02
  0.373242E-02
  0.373243E-02
  0.373244E-02
  0.373246E-02
  0.373247E-02
  0.373249E-02
  0.373250E-02
  0.373252E-02
  0.373253E-02
  0.373255E-02
  0.373256E-02
  0.373258E-02
  0.373259E-02
  0.373261E-02
  0.373262E-02
  0.373264E-02
  0.373265E-02
  0.373267E-02
  0.373268E-02
  0.373270E-02
  0.373271E-02
  0.373273E-02
  0.373274E-02
  0.373276E-02
  0.373277E-02
  0.373279E-02
  0.373280E-02
  0.373282E-02
  0.373283E-02
  0.373285E-02
  0.373286E-02
  0.373288E-02
  0.373289E-02
  0.373290E-02
  0.373292E-02
  0.373293E-02
  0.373295E-02
  0.373296E-02
  0.373298E-02
  0.373299E-02
  0.373301E-02
  0.373302E-02
  0.373304E-02
  0.373305E-02
  0.373307E-02
  0.373308E-02
  0.373310E-02
  0.373311E-02
  0.373313E-02
  0.373314E-02
  0.373316E-02
  0.373317E-02
  0.373319E-02
  0.373320E-02
  0.373322E-02
  0.373323E-02
  0.373325E-02
  0.373326E-02
  0.373328E-02
  0.373329E-02
  0.373331E-02
  0.373332E-02
  0.373334E-02
  0.373335E-02
  0.373337E-02
  0.373338E-02
  0.373339E-02
  0.373341E-02
  0.373342E-02
  0.373344E-02
  0.373345E-02
  0.373347E-02
  0.373348E-02
  0.373350E-02
  0.373351E-02
  0.373353E-02
  0.373354E-02
  0.373356E-02
  0.373357E-02
  0.373359E-02
  0.373360E-02
  0.373362E-02
  0.373363E-02
  0.373365E-02
  0.373366E-02
  0.373368E-02
  0.373369E-02
  0.373371E-02
  0.373372E-02
  0.373374E-02
  0.373375E-02
  0.373377E-02
  0.373378E-02
  0.373380E-02
  0.373381E-02
  0.373383E-02
  0.373384E-02
  0.373385E-02
  0.373387E-02
  0.373388E-02
  0.373390E-02
  0.373391E-02
  0.373393E-02
  0.373394E-02
  0.373396E-02
  0.373397E-02
  0.373399E-02
  0.373400E-02
  0.373402E-02
  0.373403E-02
  0.373405E-02
  0.373406E-02
  0.373408E-02
  0.373409E-02
  0.373411E-02
  0.373412E-02
  0.373414E-02
  0.373415E-02
  0.373417E-02
  0.373418E-02
  0.373420E-02
  0.373421E-02
  0.373423E-02
  0.373424E-02
  0.373426E-02
  0.373427E-02
  0.373429E-02
  0.373430E-02
  0.373432E-02
  0.373433E-02
  0.373436E-02
  0.373439E-02
  0.373442E-02
  0.373445E-02
  0.373448E-02
  0.373451E-02
  0.373454E-02
  0.373457E-02
  0.373460E-02
  0.373463E-02
  0.373466E-02
  0.373469E-02
  0.373472E-02
  0.373475E-02
  0.373478E-02
  0.373481E-02
  0.373483E-02
  0.373486E-02
  0.373489E-02
  0.373492E-02
  0.373495E-02
  0.373498E-02
  0.373501E-02
  0.373504E-02
  0.373507E-02
  0.373510E-02
  0.373513E-02
  0.373516E-02
  0.373519E-02
  0.373522E-02
  0.373525E-02
  0.373528E-02
  0.373531E-02
  0.373534E-02
  0.373537E-02
  0.373540E-02
  0.373543E-02
  0.373546E-02
  0.373549E-02
  0.373552E-02
  0.373555E-02
  0.373558E-02
  0.373561E-02
  0.373564E-02
  0.373567E-02
  0.373570E-02
  0.373573E-02
  0.373576E-02
  0.373578E-02
  0.373581E-02
  0.373584E-02
  0.373587E-02
  0.373590E-02
  0.373593E-02
  0.373596E-02
  0.373599E-02
  0.373602E-02
  0.373605E-02
  0.373608E-02
  0.373611E-02
  0.373614E-02
  0.373617E-02
  0.373620E-02
  0.373623E-02
  0.373626E-02
  0.373629E-02
  0.373632E-02
  0.373635E-02
  0.373638E-02
  0.373641E-02
  0.373644E-02
  0.373647E-02
  0.373650E-02
  0.373653E-02
  0.373656E-02
  0.373659E-02
  0.373662E-02
  0.373665E-02
  0.373668E-02
  0.373671E-02
  0.373673E-02
  0.373676E-02
  0.373679E-02
  0.373682E-02
  0.373685E-02
  0.373688E-02
  0.373691E-02
  0.373694E-02
  0.373697E-02
  0.373700E-02
  0.373703E-02
  0.373706E-02
  0.373709E-02
  0.373712E-02
  0.373715E-02
  0.373718E-02
  0.373721E-02
  0.373724E-02
  0.373727E-02
  0.373730E-02
  0.373733E-02
  0.373736E-02
  0.373739E-02
  0.373742E-02
  0.373745E-02
  0.373748E-02
  0.373751E-02
  0.373754E-02
  0.373757E-02
  0.373760E-02
  0.373763E-02
  0.373766E-02
  0.373768E-02
  0.373771E-02
  0.373774E-02
  0.373777E-02
  0.373780E-02
  0.373783E-02
  0.373786E-02
  0.373789E-02
  0.373792E-02
  0.373795E-02
  0.373798E-02
  0.373801E-02
  0.373804E-02
  0.373807E-02
  0.373810E-02
  0.373813E-02
  0.373816E-02
  0.373819E-02
  0.373822E-02
  0.373825E-02
  0.373828E-02
  0.373831E-02
  0.373834E-02
  0.373837E-02
  0.373840E-02
  0.373843E-02
  0.373846E-02
  0.373849E-02
  0.373852E-02
  0.373855E-02
  0.373858E-02
  0.373861E-02
  0.373863E-02
  0.373866E-02
  0.373869E-02
  0.373872E-02
  0.373875E-02
  0.373878E-02
  0.373881E-02
  0.373884E-02
  0.373887E-02
  0.373890E-02
  0.373893E-02
  0.373896E-02
  0.373899E-02
  0.373902E-02
  0.373905E-02
  0.373908E-02
  0.373911E-02
  0.373914E-02
  0.373917E-02
  0.373920E-02
  0.373923E-02
  0.373926E-02
  0.373929E-02
  0.373932E-02
  0.373935E-02
  0.373938E-02
  0.373941E-02
  0.373944E-02
  0.373947E-02
  0.373950E-02
  0.373953E-02
  0.373956E-02
  0.373958E-02
  0.373961E-02
  0.373964E-02
  0.373967E-02
  0.373970E-02
  0.373973E-02
  0.373976E-02
  0.373979E-02
  0.373982E-02
  0.373985E-02
  0.373988E-02
  0.373991E-02
  0.373994E-02
  0.373997E-02
  0.374000E-02
  0.374003E-02
  0.374006E-02
  0.374009E-02
  0.374012E-02
  0.374015E-02
  0.374018E-02
  0.374021E-02
  0.374024E-02
  0.374027E-02
  0.374030E-02
  0.374033E-02
  0.374036E-02
  0.374039E-02
  0.374042E-02
  0.374045E-02
  0.374048E-02
  0.374051E-02
  0.374053E-02
  0.374056E-02
  0.374059E-02
  0.374062E-02
  0.374065E-02
  0.374068E-02
  0.374071E-02
  0.374074E-02
  0.374077E-02
  0.374080E-02
  0.374083E-02
  0.374086E-02
  0.374089E-02
  0.374092E-02
  0.374095E-02
  0.374098E-02
  0.374100E-02
  0.374100E-02
  0.374099E-02
  0.374098E-02
  0.374097E-02
  0.374096E-02
  0.374095E-02
  0.374094E-02
  0.374093E-02
  0.374092E-02
  0.374091E-02
  0.374090E-02
  0.374089E-02
  0.374088E-02
  0.374087E-02
  0.374086E-02
  0.374085E-02
  0.374084E-02
  0.374083E-02
  0.374082E-02
  0.374081E-02
  0.374080E-02
  0.374079E-02
  0.374078E-02
  0.374077E-02
  0.374076E-02
  0.374075E-02
  0.374074E-02
  0.374073E-02
  0.374072E-02
  0.374071E-02
  0.374070E-02
  0.374069E-02
  0.374068E-02
  0.374067E-02
  0.374066E-02
  0.374065E-02
  0.374064E-02
  0.374063E-02
  0.374062E-02
  0.374061E-02
  0.374060E-02
  0.374059E-02
  0.374058E-02
  0.374057E-02
  0.374056E-02
  0.374055E-02
  0.374054E-02
  0.374053E-02
  0.374052E-02
  0.374051E-02
  0.374050E-02
  0.374049E-02
  0.374048E-02
  0.374047E-02
  0.374046E-02
  0.374045E-02
  0.374044E-02
  0.374043E-02
  0.374042E-02
  0.374041E-02
  0.374040E-02
  0.374039E-02
  0.374038E-02
  0.374037E-02
  0.374036E-02
  0.374035E-02
  0.374034E-02
  0.374033E-02
  0.374032E-02
  0.374031E-02
  0.374030E-02
  0.374029E-02
  0.374028E-02
  0.374027E-02
  0.374026E-02
  0.374025E-02
  0.374024E-02
  0.374023E-02
  0.374022E-02
  0.374021E-02
  0.374020E-02
  0.374019E-02
  0.374018E-02
  0.374017E-02
  0.374016E-02
  0.374015E-02
  0.374014E-02
  0.374013E-02
  0.374012E-02
  0.374011E-02
  0.374010E-02
  0.374009E-02
  0.374008E-02
  0.374007E-02
  0.374006E-02
  0.374005E-02
  0.374004E-02
  0.374003E-02
  0.374002E-02
  0.374001E-02
  0.374000E-02
  0.373999E-02
  0.373998E-02
  0.373997E-02
  0.373996E-02
  0.373995E-02
  0.373994E-02
  0.373993E-02
  0.373992E-02
  0.373991E-02
  0.373990E-02
  0.373989E-02
  0.373988E-02
  0.373987E-02
  0.373986E-02
  0.373985E-02
  0.373984E-02
  0.373983E-02
  0.373982E-02
  0.373981E-02
  0.373980E-02
  0.373979E-02
  0.373978E-02
  0.373977E-02
  0.373976E-02
  0.373975E-02
  0.373974E-02
  0.373973E-02
  0.373972E-02
  0.373971E-02
  0.373970E-02
  0.373969E-02
  0.373968E-02
  0.373967E-02
  0.373966E-02
  0.373965E-02
  0.373964E-02
  0.373963E-02
  0.373962E-02
  0.373961E-02
  0.373960E-02
  0.373959E-02
  0.373958E-02
  0.373957E-02
  0.373956E-02
  0.373955E-02
  0.373954E-02
  0.373953E-02
  0.373952E-02
  0.373951E-02
  0.373950E-02
  0.373949E-02
  0.373948E-02
  0.373947E-02
  0.373946E-02
  0.373945E-02
  0.373944E-02
  0.373943E-02
  0.373942E-02
  0.373941E-02
  0.373940E-02
  0.373939E-02
  0.373938E-02
  0.373937E-02
  0.373936E-02
  0.373935E-02
  0.373934E-02
  0.373933E-02
  0.373932E-02
  0.373931E-02
  0.373930E-02
  0.373929E-02
  0.373928E-02
  0.373927E-02
  0.373926E-02
  0.373925E-02
  0.373924E-02
  0.373923E-02
  0.373922E-02
  0.373921E-02
  0.373920E-02
  0.373919E-02
  0.373918E-02
  0.373917E-02
  0.373916E-02
  0.373915E-02
  0.373914E-02
  0.373913E-02
  0.373912E-02
  0.373911E-02
  0.373910E-02
  0.373909E-02
  0.373908E-02
  0.373907E-02
  0.373906E-02
  0.373905E-02
  0.373904E-02
  0.373903E-02
  0.373902E-02
  0.373901E-02
  0.373900E-02
  0.373899E-02
  0.373898E-02
  0.373897E-02
  0.373896E-02
  0.373895E-02
  0.373894E-02
  0.373893E-02
  0.373892E-02
  0.373891E-02
  0.373890E-02
  0.373889E-02
  0.373888E-02
  0.373887E-02
  0.373886E-02
  0.373885E-02
  0.373884E-02
  0.373883E-02
  0.373882E-02
  0.373881E-02
  0.373880E-02
  0.373879E-02
  0.373878E-02
  0.373877E-02
  0.373876E-02
  0.373873E-02
  0.373869E-02
  0.373866E-02
  0.373862E-02
  0.373859E-02
  0.373856E-02
  0.373852E-02
  0.373849E-02
  0.373845E-02
  0.373842E-02
  0.373838E-02
  0.373835E-02
  0.373832E-02
  0.373828E-02
  0.373825E-02
  0.373821E-02
  0.373818E-02
  0.373815E-02
  0.373811E-02
  0.373808E-02
  0.373804E-02
  0.373801E-02
  0.373797E-02
  0.373794E-02
  0.373791E-02
  0.373787E-02
  0.373784E-02
  0.373780E-02
  0.373777E-02
  0.373774E-02
  0.373770E-02
  0.373767E-02
  0.373763E-02
  0.373760E-02
  0.373757E-02
  0.373753E-02
  0.373750E-02
  0.373746E-02
  0.373743E-02
  0.373739E-02
  0.373736E-02
  0.373733E-02
  0.373729E-02
  0.373726E-02
  0.373722E-02
  0.373719E-02
  0.373716E-02
  0.373712E-02
  0.373709E-02
  0.373705E-02
  0.373702E-02
  0.373699E-02
  0.373695E-02
  0.373692E-02
  0.373688E-02
  0.373685E-02
  0.373681E-02
  0.373678E-02
  0.373675E-02
  0.373671E-02
  0.373668E-02
  0.373664E-02
  0.373661E-02
  0.373658E-02
  0.373654E-02
  0.373651E-02
  0.373647E-02
  0.373644E-02
  0.373640E-02
  0.373637E-02
  0.373634E-02
  0.373630E-02
  0.373627E-02
  0.373623E-02
  0.373620E-02
  0.373617E-02
  0.373613E-02
  0.373610E-02
  0.373606E-02
  0.373603E-02
  0.373600E-02
  0.373596E-02
  0.373593E-02
  0.373589E-02
  0.373586E-02
  0.373582E-02
  0.373579E-02
  0.373576E-02
  0.373572E-02
  0.373569E-02
  0.373565E-02
  0.373562E-02
  0.373559E-02
  0.373555E-02
  0.373552E-02
  0.373548E-02
  0.373545E-02
  0.373541E-02
  0.373538E-02
  0.373535E-02
  0.373531E-02
  0.373528E-02
  0.373524E-02
  0.373521E-02
  0.373518E-02
  0.373514E-02
  0.373511E-02
  0.373507E-02
  0.373504E-02
  0.373501E-02
  0.373497E-02
  0.373494E-02
  0.373490E-02
  0.373487E-02
  0.373483E-02
  0.373480E-02
  0.373477E-02
  0.373473E-02
  0.373470E-02
  0.373466E-02
  0.373463E-02
  0.373460E-02
  0.373456E-02
  0.373453E-02
  0.373449E-02
  0.373446E-02
  0.373443E-02
  0.373439E-02
  0.373436E-02
  0.373432E-02
  0.373429E-02
  0.373425E-02
  0.373422E-02
  0.373419E-02
  0.373415E-02
  0.373412E-02
  0.373408E-02
  0.373405E-02
  0.373402E-02
  0.373398E-02
  0.373395E-02
  0.373391E-02
  0.373388E-02
  0.373384E-02
  0.373381E-02
  0.373378E-02
  0.373374E-02
  0.373371E-02
  0.373367E-02
  0.373364E-02
  0.373361E-02
  0.373357E-02
  0.373354E-02
  0.373350E-02
  0.373347E-02
  0.373344E-02
  0.373340E-02
  0.373337E-02
  0.373333E-02
  0.373330E-02
  0.373326E-02
  0.373323E-02
  0.373320E-02
  0.373316E-02
  0.373313E-02
  0.373309E-02
  0.373306E-02
  0.373303E-02
  0.373299E-02
  0.373296E-02
  0.373292E-02
  0.373289E-02
  0.373285E-02
  0.373282E-02
  0.373279E-02
  0.373275E-02
  0.373272E-02
  0.373268E-02
  0.373265E-02
  0.373262E-02
  0.373258E-02
  0.373255E-02
  0.373251E-02
  0.373248E-02
  0.373245E-02
  0.373241E-02
  0.373238E-02
  0.373234E-02
  0.373231E-02
  0.373227E-02
  0.373224E-02
  0.373221E-02
  0.373217E-02
  0.373214E-02
  0.373210E-02
  0.373207E-02
  0.373204E-02
  0.373200E-02
  0.373197E-02
  0.373193E-02
  0.373190E-02
  0.373187E-02
  0.373183E-02
  0.373180E-02
  0.373176E-02
  0.373173E-02
  0.373169E-02
  0.373166E-02
  0.373163E-02
  0.373159E-02
  0.373156E-02
  0.373152E-02
  0.373149E-02
  0.373146E-02
  0.373142E-02
  0.373139E-02
  0.373135E-02
  0.373132E-02
  0.373128E-02
  0.373125E-02
  0.373122E-02
  0.373118E-02
  0.373115E-02
  0.373111E-02
  0.373109E-02
  0.373108E-02
  0.373107E-02
  0.373107E-02
  0.373106E-02
  0.373106E-02
  0.373106E-02
  0.373105E-02
  0.373105E-02
  0.373105E-02
  0.373104E-02
  0.373104E-02
  0.373103E-02
  0.373103E-02
  0.373103E-02
  0.373102E-02
  0.373102E-02
  0.373102E-02
  0.373101E-02
  0.373101E-02
  0.373100E-02
  0.373100E-02
  0.373100E-02
  0.373099E-02
  0.373099E-02
  0.373099E-02
  0.373098E-02
  0.373098E-02
  0.373097E-02
  0.373097E-02
  0.373097E-02
  0.373096E-02
  0.373096E-02
  0.373096E-02
  0.373095E-02
  0.373095E-02
  0.373094E-02
  0.373094E-02
  0.373094E-02
  0.373093E-02
  0.373093E-02
  0.373093E-02
  0.373092E-02
  0.373092E-02
  0.373091E-02
  0.373091E-02
  0.373091E-02
  0.373090E-02
  0.373090E-02
  0.373089E-02
  0.373089E-02
  0.373089E-02
  0.373088E-02
  0.373088E-02
  0.373088E-02
  0.373087E-02
  0.373087E-02
  0.373086E-02
  0.373086E-02
  0.373086E-02
  0.373085E-02
  0.373085E-02
  0.373085E-02
  0.373084E-02
  0.373084E-02
  0.373083E-02
  0.373083E-02
  0.373083E-02
  0.373082E-02
  0.373082E-02
  0.373082E-02
  0.373081E-02
  0.373081E-02
  0.373080E-02
  0.373080E-02
  0.373080E-02
  0.373079E-02
  0.373079E-02
  0.373079E-02
  0.373078E-02
  0.373078E-02
  0.373077E-02
  0.373077E-02
  0.373077E-02
  0.373076E-02
  0.373076E-02
  0.373076E-02
  0.373075E-02
  0.373075E-02
  0.373074E-02
  0.373074E-02
  0.373074E-02
  0.373073E-02
  0.373073E-02
  0.373072E-02
  0.373072E-02
  0.373072E-02
  0.373071E-02
  0.373071E-02
  0.373071E-02
  0.373070E-02
  0.373070E-02
  0.373069E-02
  0.373069E-02
  0.373069E-02
  0.373068E-02
  0.373068E-02
  0.373068E-02
  0.373067E-02
  0.373067E-02
  0.373066E-02
  0.373066E-02
  0.373066E-02
  0.373065E-02
  0.373065E-02
  0.373065E-02
  0.373064E-02
  0.373064E-02
  0.373063E-02
  0.373063E-02
  0.373063E-02
  0.373062E-02
  0.373062E-02
  0.373062E-02
  0.373061E-02
  0.373061E-02
  0.373060E-02
  0.373060E-02
  0.373060E-02
  0.373059E-02
  0.373059E-02
  0.373059E-02
  0.373058E-02
  0.373058E-02
  0.373057E-02
  0.373057E-02
  0.373057E-02
  0.373056E-02
  0.373056E-02
  0.373055E-02
  0.373055E-02
  0.373055E-02
  0.373054E-02
  0.373054E-02
  0.373054E-02
  0.373053E-02
  0.373053E-02
  0.373052E-02
  0.373052E-02
  0.373052E-02
  0.373051E-02
  0.373051E-02
  0.373051E-02
  0.373050E-02
  0.373050E-02
  0.373049E-02
  0.373049E-02
  0.373049E-02
  0.373048E-02
  0.373048E-02
  0.373048E-02
  0.373047E-02
  0.373047E-02
  0.373046E-02
  0.373046E-02
  0.373046E-02
  0.373045E-02
  0.373045E-02
  0.373045E-02
  0.373044E-02
  0.373044E-02
  0.373043E-02
  0.373043E-02
  0.373043E-02
  0.373042E-02
  0.373042E-02
  0.373042E-02
  0.373041E-02
  0.373041E-02
  0.373040E-02
  0.373040E-02
  0.373040E-02
  0.373039E-02
  0.373039E-02
  0.373038E-02
  0.373038E-02
  0.373038E-02
  0.373037E-02
  0.373037E-02
  0.373037E-02
  0.373036E-02
  0.373036E-02
  0.373035E-02
  0.373035E-02
  0.373035E-02
  0.373034E-02
  0.373034E-02
  0.373034E-02
  0.373033E-02
  0.373033E-02
  0.373032E-02
  0.373032E-02
  0.373032E-02
  0.373031E-02
  0.373031E-02
  0.373031E-02
  0.373030E-02
  0.373030E-02
  0.373029E-02
  0.373029E-02
  0.373029E-02
  0.373028E-02
  0.373028E-02
  0.373028E-02
  0.373027E-02
  0.373027E-02
  0.373026E-02
  0.373026E-02
  0.373026E-02
  0.373025E-02
  0.373025E-02
  0.373025E-02
  0.373024E-02
  0.373024E-02
  0.373023E-02
  0.373024E-02
  0.373026E-02
  0.373029E-02
  0.373032E-02
  0.373035E-02
  0.373038E-02
  0.373041E-02
  0.373044E-02
  0.373047E-02
  0.373050E-02
  0.373053E-02
  0.373056E-02
  0.373059E-02
  0.373062E-02
  0.373065E-02
  0.373068E-02
  0.373071E-02
  0.373074E-02
  0.373077E-02
  0.373080E-02
  0.373083E-02
  0.373086E-02
  0.373089E-02
  0.373092E-02
  0.373095E-02
  0.373098E-02
  0.373101E-02
  0.373104E-02
  0.373107E-02
  0.373110E-02
  0.373113E-02
  0.373116E-02
  0.373119E-02
  0.373122E-02
  0.373125E-02
  0.373128E-02
  0.373131E-02
  0.373134E-02
  0.373137E-02
  0.373140E-02
  0.373143E-02
  0.373146E-02
  0.373149E-02
  0.373152E-02
  0.373155E-02
  0.373158E-02
  0.373161E-02
  0.373164E-02
  0.373167E-02
  0.373170E-02
  0.373173E-02
  0.373176E-02
  0.373179E-02
  0.373182E-02
  0.373185E-02
  0.373188E-02
  0.373191E-02
  0.373194E-02
  0.373197E-02
  0.373200E-02
  0.373203E-02
  0.373206E-02
  0.373209E-02
  0.373212E-02
  0.373215E-02
  0.373218E-02
  0.373221E-02
  0.373224E-02
  0.373227E-02
  0.373230E-02
  0.373233E-02
  0.373236E-02
  0.373239E-02
  0.373242E-02
  0.373245E-02
  0.373248E-02
  0.373251E-02
  0.373254E-02
  0.373257E-02
  0.373260E-02
  0.373263E-02
  0.373266E-02
  0.373269E-02
  0.373272E-02
  0.373275E-02
  0.373278E-02
  0.373281E-02
  0.373284E-02
  0.373287E-02
  0.373290E-02
  0.373293E-02
  0.373296E-02
  0.373299E-02
  0.373302E-02
  0.373305E-02
  0.373308E-02
  0.373311E-02
  0.373314E-02
  0.373317E-02
  0.373320E-02
  0.373323E-02
  0.373326E-02
  0.373329E-02
  0.373332E-02
  0.373335E-02
  0.373338E-02
  0.373341E-02
  0.373344E-02
  0.373347E-02
  0.373350E-02
  0.373353E-02
  0.373356E-02
  0.373359E-02
  0.373362E-02
  0.373365E-02
  0.373368E-02
  0.373371E-02
  0.373374E-02
  0.373377E-02
  0.373380E-02
  0.373383E-02
  0.373386E-02
  0.373389E-02
  0.373392E-02
  0.373395E-02
  0.373398E-02
  0.373401E-02
  0.373404E-02
  0.373407E-02
  0.373410E-02
  0.373413E-02
  0.373416E-02
  0.373419E-02
  0.373422E-02
  0.373425E-02
  0.373428E-02
  0.373431E-02
  0.373434E-02
  0.373437E-02
  0.373440E-02
  0.373443E-02
  0.373446E-02
  0.373449E-02
  0.373452E-02
  0.373455E-02
  0.373458E-02
  0.373461E-02
  0.373464E-02
  0.373467E-02
  0.373470E-02
  0.373473E-02
  0.373476E-02
  0.373479E-02
  0.373482E-02
  0.373485E-02
  0.373488E-02
  0.373491E-02
  0.373494E-02
  0.373497E-02
  0.373500E-02
  0.373503E-02
  0.373506E-02
  0.373509E-02
  0.373512E-02
  0.373515E-02
  0.373518E-02
  0.373521E-02
  0.373524E-02
  0.373527E-02
  0.373530E-02
  0.373533E-02
  0.373536E-02
  0.373539E-02
  0.373542E-02
  0.373545E-02
  0.373548E-02
  0.373551E-02
  0.373554E-02
  0.373557E-02
  0.373560E-02
  0.373563E-02
  0.373566E-02
  0.373569E-02
  0.373572E-02
  0.373575E-02
  0.373578E-02
  0.373581E-02
  0.373584E-02
  0.373587E-02
  0.373590E-02
  0.373593E-02
  0.373596E-02
  0.373599E-02
  0.373602E-02
  0.373605E-02
  0.373608E-02
  0.373611E-02
  0.373614E-02
  0.373617E-02
  0.373620E-02
  0.373623E-02
  0.373626E-02
  0.373629E-02
  0.373632E-02
  0.373635E-02
  0.373638E-02
  0.373641E-02
  0.373644E-02
  0.373647E-02
  0.373650E-02
  0.373653E-02
  0.373656E-02
  0.373659E-02
  0.373662E-02
  0.373665E-02
  0.373668E-02
  0.373671E-02
  0.373674E-02
  0.373677E-02
  0.373680E-02
  0.373683E-02
  0.373686E-02
  0.373689E-02
  0.373692E-02
  0.373695E-02
  0.373698E-02
  0.373699E-02
  0.373701E-02
  0.373702E-02
  0.373703E-02
  0.373704E-02
  0.373706E-02
  0.373707E-02
  0.373708E-02
  0.373710E-02
  0.373711E-02
  0.373712E-02
  0.373713E-02
  0.373715E-02
  0.373716E-02
  0.373717E-02
  0.373719E-02
  0.373720E-02
  0.373721E-02
  0.373722E-02
  0.373724E-02
  0.373725E-02
  0.373726E-02
  0.373728E-02
  0.373729E-02
  0.373730E-02
  0.373732E-02
  0.373733E-02
  0.373734E-02
  0.373735E-02
  0.373737E-02
  0.373738E-02
  0.373739E-02
  0.373741E-02
  0.373742E-02
  0.373743E-02
  0.373744E-02
  0.373746E-02
  0.373747E-02
  0.373748E-02
  0.373750E-02
  0.373751E-02
  0.373752E-02
  0.373753E-02
  0.373755E-02
  0.373756E-02
  0.373757E-02
  0.373759E-02
  0.373760E-02
  0.373761E-02
  0.373762E-02
  0.373764E-02
  0.373765E-02
  0.373766E-02
  0.373768E-02
  0.373769E-02
  0.373770E-02
  0.373771E-02
  0.373773E-02
  0.373774E-02
  0.373775E-02
  0.373777E-02
  0.373778E-02
  0.373779E-02
  0.373780E-02
  0.373782E-02
  0.373783E-02
  0.373784E-02
  0.373786E-02
  0.373787E-02
  0.373788E-02
  0.373790E-02
  0.373791E-02
  0.373792E-02
  0.373793E-02
  0.373795E-02
  0.373796E-02
  0.373797E-02
  0.373799E-02
  0.373800E-02
  0.373801E-02
  0.373802E-02
  0.373804E-02
  0.373805E-02
  0.373806E-02
  0.373808E-02
  0.373809E-02
  0.373810E-02
  0.373811E-02
  0.373813E-02
  0.373814E-02
  0.373815E-02
  0.373817E-02
  0.373818E-02
  0.373819E-02
  0.373820E-02
  0.373822E-02
  0.373823E-02
  0.373824E-02
  0.373826E-02
  0.373827E-02
  0.373828E-02
  0.373829E-02
  0.373831E-02
  0.373832E-02
  0.373833E-02
  0.373835E-02
  0.373836E-02
  0.373837E-02
  0.373838E-02
  0.373840E-02
  0.373841E-02
  0.373842E-02
  0.373844E-02
  0.373845E-02
  0.373846E-02
  0.373848E-02
  0.373849E-02
  0.373850E-02
  0.373851E-02
  0.373853E-02
  0.373854E-02
  0.373855E-02
  0.373857E-02
  0.373858E-02
  0.373859E-02
  0.373860E-02
  0.373862E-02
  0.373863E-02
  0.373864E-02
  0.373866E-02
  0.373867E-02
  0.373868E-02
  0.373869E-02
  0.373871E-02
  0.373872E-02
  0.373873E-02
  0.373875E-02
  0.373876E-02
  0.373877E-02
  0.373878E-02
  0.373880E-02
  0.373881E-02
  0.373882E-02
  0.373884E-02
  0.373885E-02
  0.373886E-02
  0.373887E-02
  0.373889E-02
  0.373890E-02
  0.373891E-02
  0.373893E-02
  0.373894E-02
  0.373895E-02
  0.373896E-02
  0.373898E-02
  0.373899E-02
  0.373900E-02
  0.373902E-02
  0.373903E-02
  0.373904E-02
  0.373906E-02
  0.373907E-02
  0.373908E-02
  0.373909E-02
  0.373911E-02
  0.373912E-02
  0.373913E-02
  0.373915E-02
  0.373916E-02
  0.373917E-02
  0.373918E-02
  0.373920E-02
  0.373921E-02
  0.373922E-02
  0.373924E-02
  0.373925E-02
  0.373926E-02
  0.373927E-02
  0.373929E-02
  0.373930E-02
  0.373931E-02
  0.373933E-02
  0.373934E-02
  0.373935E-02
  0.373936E-02
  0.373938E-02
  0.373939E-02
  0.373940E-02
  0.373942E-02
  0.373943E-02
  0.373944E-02
  0.373945E-02
  0.373947E-02
  0.373948E-02
  0.373949E-02
  0.373951E-02
  0.373952E-02
  0.373953E-02
  0.373954E-02
  0.373956E-02
  0.373957E-02
  0.373958E-02
  0.373960E-02
  0.373961E-02
  0.373962E-02
  0.373964E-02
  0.373965E-02
  0.373966E-02
  0.373967E-02
  0.373969E-02
  0.373970E-02
  0.373971E-02
  0.373973E-02
  0.373974E-02
  0.373975E-02
  0.373976E-02
  0.373978E-02
  0.373979E-02
  0.373980E-02
  0.373982E-02
  0.373983E-02
  0.373984E-02
  0.373985E-02
  0.373987E-02
  0.373988E-02
  0.373987E-02
  0.373987E-02
  0.373986E-02
  0.373985E-02
  0.373985E-02
  0.373984E-02
  0.373983E-02
  0.373983E-02
  0.373982E-02
  0.373981E-02
  0.373980E-02
  0.373980E-02
  0.373979E-02
  0.373978E-02
  0.373978E-02
  0.373977E-02
  0.373976E-02
  0.373976E-02
  0.373975E-02
  0.373974E-02
  0.373974E-02
  0.373973E-02
  0.373972E-02
  0.373972E-02
  0.373971E-02
  0.373970E-02
  0.373970E-02
  0.373969E-02
  0.373968E-02
  0.373967E-02
  0.373967E-02
  0.373966E-02
  0.373965E-02
  0.373965E-02
  0.373964E-02
  0.373963E-02
  0.373963E-02
  0.373962E-02
  0.373961E-02
  0.373961E-02
  0.373960E-02
  0.373959E-02
  0.373959E-02
  0.373958E-02
  0.373957E-02
  0.373957E-02
  0.373956E-02
  0.373955E-02
  0.373954E-02
  0.373954E-02
  0.373953E-02
  0.373952E-02
  0.373952E-02
  0.373951E-02
  0.373950E-02
  0.373950E-02
  0.373949E-02
  0.373948E-02
  0.373948E-02
  0.373947E-02
  0.373946E-02
  0.373946E-02
  0.373945E-02
  0.373944E-02
  0.373944E-02
  0.373943E-02
  0.373942E-02
  0.373941E-02
  0.373941E-02
  0.373940E-02
  0.373939E-02
  0.373939E-02
  0.373938E-02
  0.373937E-02
  0.373937E-02
  0.373936E-02
  0.373935E-02
  0.373935E-02
  0.373934E-02
  0.373933E-02
  0.373933E-02
  0.373932E-02
  0.373931E-02
  0.373931E-02
  0.373930E-02
  0.373929E-02
  0.373928E-02
  0.373928E-02
  0.373927E-02
  0.373926E-02
  0.373926E-02
  0.373925E-02
  0.373924E-02
  0.373924E-02
  0.373923E-02
  0.373922E-02
  0.373922E-02
  0.373921E-02
  0.373920E-02
  0.373920E-02
  0.373919E-02
  0.373918E-02
  0.373918E-02
  0.373917E-02
  0.373916E-02
  0.373915E-02
  0.373915E-02
  0.373914E-02
  0.373913E-02
  0.373913E-02
  0.373912E-02
  0.373911E-02
  0.373911E-02
  0.373910E-02
  0.373909E-02
  0.373909E-02
  0.373908E-02
  0.373907E-02
  0.373907E-02
  0.373906E-02
  0.373905E-02
  0.373904E-02
  0.373904E-02
  0.373903E-02
  0.373902E-02
  0.373902E-02
  0.373901E-02
  0.373900E-02
  0.373900E-02
  0.373899E-02
  0.373898E-02
  0.373898E-02
  0.373897E-02
  0.373896E-02
  0.373896E-02
  0.373895E-02
  0.373894E-02
  0.373894E-02
  0.373893E-02
  0.373892E-02
  0.373891E-02
  0.373891E-02
  0.373890E-02
  0.373889E-02
  0.373889E-02
  0.373888E-02
  0.373887E-02
  0.373887E-02
  0.373886E-02
  0.373885E-02
  0.373885E-02
  0.373884E-02
  0.373883E-02
  0.373883E-02
  0.373882E-02
  0.373881E-02
  0.373881E-02
  0.373880E-02
  0.373879E-02
  0.373878E-02
  0.373878E-02
  0.373877E-02
  0.373876E-02
  0.373876E-02
  0.373875E-02
  0.373874E-02
  0.373874E-02
  0.373873E-02
  0.373872E-02
  0.373872E-02
  0.373871E-02
  0.373870E-02
  0.373870E-02
  0.373869E-02
  0.373868E-02
  0.373868E-02
  0.373867E-02
  0.373866E-02
  0.373865E-02
  0.373865E-02
  0.373864E-02
  0.373863E-02
  0.373863E-02
  0.373862E-02
  0.373861E-02
  0.373861E-02
  0.373860E-02
  0.373859E-02
  0.373859E-02
  0.373858E-02
  0.373857E-02
  0.373857E-02
  0.373856E-02
  0.373855E-02
  0.373855E-02
  0.373854E-02
  0.373853E-02
  0.373852E-02
  0.373852E-02
  0.373851E-02
  0.373850E-02
  0.373850E-02
  0.373849E-02
  0.373848E-02
  0.373848E-02
  0.373847E-02
  0.373846E-02
  0.373846E-02
  0.373845E-02
  0.373844E-02
  0.373844E-02
  0.373843E-02
  0.373842E-02
  0.373842E-02
  0.373841E-02
  0.373840E-02
  0.373839E-02
  0.373839E-02
  0.373838E-02
  0.373837E-02
  0.373837E-02
  0.373836E-02
  0.373835E-02
  0.373835E-02
  0.373834E-02
  0.373834E-02
  0.373834E-02
  0.373834E-02
  0.373834E-02
  0.373834E-02
  0.373834E-02
  0.373834E-02
  0.373835E-02
  0.373835E-02
  0.373835E-02
  0.373835E-02
  0.373835E-02
  0.373835E-02
  0.373835E-02
  0.373835E-02
  0.373835E-02
  0.373835E-02
  0.373835E-02
  0.373835E-02
  0.373835E-02
  0.373835E-02
  0.373835E-02
  0.373836E-02
  0.373836E-02
  0.373836E-02
  0.373836E-02
  0.373836E-02
  0.373836E-02
  0.373836E-02
  0.373836E-02
  0.373836E-02
  0.373836E-02
  0.373836E-02
  0.373836E-02
  0.373836E-02
  0.373836E-02
  0.373836E-02
  0.373837E-02
  0.373837E-02
  0.373837E-02
  0.373837E-02
  0.373837E-02
  0.373837E-02
  0.373837E-02
  0.373837E-02
  0.373837E-02
  0.373837E-02
  0.373837E-02
  0.373837E-02
  0.373837E-02
  0.373837E-02
  0.373837E-02
  0.373838E-02
  0.373838E-02
  0.373838E-02
  0.373838E-02
  0.373838E-02
  0.373838E-02
  0.373838E-02
  0.373838E-02
  0.373838E-02
  0.373838E-02
  0.373838E-02
  0.373838E-02
  0.373838E-02
  0.373838E-02
  0.373838E-02
  0.373839E-02
  0.373839E-02
  0.373839E-02
  0.373839E-02
  0.373839E-02
  0.373839E-02
  0.373839E-02
  0.373839E-02
  0.373839E-02
  0.373839E-02
  0.373839E-02
  0.373839E-02
  0.373839E-02
  0.373839E-02
  0.373839E-02
  0.373840E-02
  0.373840E-02
  0.373840E-02
  0.373840E-02
  0.373840E-02
  0.373840E-02
  0.373840E-02
  0.373840E-02
  0.373840E-02
  0.373840E-02
  0.373840E-02
  0.373840E-02
  0.373840E-02
  0.373840E-02
  0.373840E-02
  0.373841E-02
  0.373841E-02
  0.373841E-02
  0.373841E-02
  0.373841E-02
  0.373841E-02
  0.373841E-02
  0.373841E-02
  0.373841E-02
  0.373841E-02
  0.373841E-02
  0.373841E-02
  0.373841E-02
  0.373841E-02
  0.373841E-02
  0.373842E-02
  0.373842E-02
  0.373842E-02
  0.373842E-02
  0.373842E-02
  0.373842E-02
  0.373842E-02
  0.373842E-02
  0.373842E-02
  0.373842E-02
  0.373842E-02
  0.373842E-02
  0.373842E-02
  0.373842E-02
  0.373842E-02
  0.373843E-02
  0.373843E-02
  0.373843E-02
  0.373843E-02
  0.373843E-02
  0.373843E-02
  0.373843E-02
  0.373843E-02
  0.373843E-02
  0.373843E-02
  0.373843E-02
  0.373843E-02
  0.373843E-02
  0.373843E-02
  0.373843E-02
  0.373844E-02
  0.373844E-02
  0.373844E-02
  0.373844E-02
  0.373844E-02
  0.373844E-02
  0.373844E-02
  0.373844E-02
  0.373844E-02
  0.373844E-02
  0.373844E-02
  0.373844E-02
  0.373844E-02
  0.373844E-02
  0.373844E-02
  0.373845E-02
  0.373845E-02
  0.373845E-02
  0.373845E-02
  0.373845E-02
  0.373845E-02
  0.373845E-02
  0.373845E-02
  0.373845E-02
  0.373845E-02
  0.373845E-02
  0.373845E-02
  0.373845E-02
  0.373845E-02
  0.373845E-02
  0.373846E-02
  0.373846E-02
  0.373846E-02
  0.373846E-02
  0.373846E-02
  0.373846E-02
  0.373846E-02
  0.373846E-02
  0.373846E-02
  0.373846E-02
  0.373846E-02
  0.373846E-02
  0.373846E-02
  0.373846E-02
  0.373846E-02
  0.373847E-02
  0.373847E-02
  0.373847E-02
  0.373847E-02
  0.373847E-02
  0.373847E-02
  0.373847E-02
  0.373847E-02
  0.373847E-02
  0.373847E-02
  0.373847E-02
  0.373847E-02
  0.373847E-02
  0.373847E-02
  0.373847E-02
  0.373848E-02
  0.373848E-02
  0.373848E-02
  0.373848E-02
  0.373848E-02
  0.373848E-02
  0.373848E-02
  0.373848E-02
  0.373848E-02
  0.373848E-02
  0.373848E-02
  0.373848E-02
  0.373848E-02
  0.373848E-02
  0.373848E-02
  0.373849E-02
  0.373849E-02
  0.373849E-02
  0.373849E-02
  0.373849E-02
  0.373849E-02
  0.373849E-02
  0.373849E-02
  0.373848E-02
  0.373846E-02
  0.373845E-02
  0.373844E-02
  0.373843E-02
  0.373841E-02
  0.373840E-02
  0.373839E-02
  0.373838E-02
  0.373836E-02
  0.373835E-02
  0.373834E-02
  0.373833E-02
  0.373831E-02
  0.373830E-02
  0.373829E-02
  0.373828E-02
  0.373826E-02
  0.373825E-02
  0.373824E-02
  0.373823E-02
  0.373821E-02
  0.373820E-02
  0.373819E-02
  0.373818E-02
  0.373816E-02
  0.373815E-02
  0.373814E-02
  0.373813E-02
  0.373811E-02
  0.373810E-02
  0.373809E-02
  0.373807E-02
  0.373806E-02
  0.373805E-02
  0.373804E-02
  0.373802E-02
  0.373801E-02
  0.373800E-02
  0.373799E-02
  0.373797E-02
  0.373796E-02
  0.373795E-02
  0.373794E-02
  0.373792E-02
  0.373791E-02
  0.373790E-02
  0.373789E-02
  0.373787E-02
  0.373786E-02
  0.373785E-02
  0.373784E-02
  0.373782E-02
  0.373781E-02
  0.373780E-02
  0.373779E-02
  0.373777E-02
  0.373776E-02
  0.373775E-02
  0.373774E-02
  0.373772E-02
  0.373771E-02
  0.373770E-02
  0.373769E-02
  0.373767E-02
  0.373766E-02
  0.373765E-02
  0.373763E-02
  0.373762E-02
  0.373761E-02
  0.373760E-02
  0.373758E-02
  0.373757E-02
  0.373756E-02
  0.373755E-02
  0.373753E-02
  0.373752E-02
  0.373751E-02
  0.373750E-02
  0.373748E-02
  0.373747E-02
  0.373746E-02
  0.373745E-02
  0.373743E-02
  0.373742E-02
  0.373741E-02
  0.373740E-02
  0.373738E-02
  0.373737E-02
  0.373736E-02
  0.373735E-02
  0.373733E-02
  0.373732E-02
  0.373731E-02
  0.373730E-02
  0.373728E-02
  0.373727E-02
  0.373726E-02
  0.373724E-02
  0.373723E-02
  0.373722E-02
  0.373721E-02
  0.373719E-02
  0.373718E-02
  0.373717E-02
  0.373716E-02
  0.373714E-02
  0.373713E-02
  0.373712E-02
  0.373711E-02
  0.373709E-02
  0.373708E-02
  0.373707E-02
  0.373706E-02
  0.373704E-02
  0.373703E-02
  0.373702E-02
  0.373701E-02
  0.373699E-02
  0.373698E-02
  0.373697E-02
  0.373696E-02
  0.373694E-02
  0.373693E-02
  0.373692E-02
  0.373691E-02
  0.373689E-02
  0.373688E-02
  0.373687E-02
  0.373685E-02
  0.373684E-02
  0.373683E-02
  0.373682E-02
  0.373680E-02
  0.373679E-02
  0.373678E-02
  0.373677E-02
  0.373675E-02
  0.373674E-02
  0.373673E-02
  0.373672E-02
  0.373670E-02
  0.373669E-02
  0.373668E-02
  0.373667E-02
  0.373665E-02
  0.373664E-02
  0.373663E-02
  0.373662E-02
  0.373660E-02
  0.373659E-02
  0.373658E-02
  0.373657E-02
  0.373655E-02
  0.373654E-02
  0.373653E-02
  0.373652E-02
  0.373650E-02
  0.373649E-02
  0.373648E-02
  0.373646E-02
  0.373645E-02
  0.373644E-02
  0.373643E-02
  0.373641E-02
  0.373640E-02
  0.373639E-02
  0.373638E-02
  0.373636E-02
  0.373635E-02
  0.373634E-02
  0.373633E-02
  0.373631E-02
  0.373630E-02
  0.373629E-02
  0.373628E-02
  0.373626E-02
  0.373625E-02
  0.373624E-02
  0.373623E-02
  0.373621E-02
  0.373620E-02
  0.373619E-02
  0.373618E-02
  0.373616E-02
  0.373615E-02
  0.373614E-02
  0.373613E-02
  0.373611E-02
  0.373610E-02
  0.373609E-02
  0.373608E-02
  0.373606E-02
  0.373605E-02
  0.373604E-02
  0.373602E-02
  0.373601E-02
  0.373600E-02
  0.373599E-02
  0.373597E-02
  0.373596E-02
  0.373595E-02
  0.373594E-02
  0.373592E-02
  0.373591E-02
  0.373590E-02
  0.373589E-02
  0.373587E-02
  0.373586E-02
  0.373585E-02
  0.373584E-02
  0.373582E-02
  0.373581E-02
  0.373580E-02
  0.373579E-02
  0.373577E-02
  0.373576E-02
  0.373575E-02
  0.373574E-02
  0.373572E-02
  0.373571E-02
  0.373570E-02
  0.373569E-02
  0.373567E-02
  0.373565E-02
  0.373562E-02
  0.373559E-02
  0.373555E-02
  0.373551E-02
  0.373547E-02
  0.373544E-02
  0.373540E-02
  0.373536E-02
  0.373532E-02
  0.373529E-02
  0.373525E-02
  0.373521E-02
  0.373517E-02
  0.373514E-02
  0.373510E-02
  0.373506E-02
  0.373502E-02
  0.373499E-02
  0.373495E-02
  0.373491E-02
  0.373488E-02
  0.373484E-02
  0.373480E-02
  0.373476E-02
  0.373473E-02
  0.373469E-02
  0.373465E-02
  0.373461E-02
  0.373458E-02
  0.373454E-02
  0.373450E-02
  0.373446E-02
  0.373443E-02
  0.373439E-02
  0.373435E-02
  0.373431E-02
  0.373428E-02
  0.373424E-02
  0.373420E-02
  0.373416E-02
  0.373413E-02
  0.373409E-02
  0.373405E-02
  0.373402E-02
  0.373398E-02
  0.373394E-02
  0.373390E-02
  0.373387E-02
  0.373383E-02
  0.373379E-02
  0.373375E-02
  0.373372E-02
  0.373368E-02
  0.373364E-02
  0.373360E-02
  0.373357E-02
  0.373353E-02
  0.373349E-02
  0.373345E-02
  0.373342E-02
  0.373338E-02
  0.373334E-02
  0.373331E-02
  0.373327E-02
  0.373323E-02
  0.373319E-02
  0.373316E-02
  0.373312E-02
  0.373308E-02
  0.373304E-02
  0.373301E-02
  0.373297E-02
  0.373293E-02
  0.373289E-02
  0.373286E-02
  0.373282E-02
  0.373278E-02
  0.373274E-02
  0.373271E-02
  0.373267E-02
  0.373263E-02
  0.373260E-02
  0.373256E-02
  0.373252E-02
  0.373248E-02
  0.373245E-02
  0.373241E-02
  0.373237E-02
  0.373233E-02
  0.373230E-02
  0.373226E-02
  0.373222E-02
  0.373218E-02
  0.373215E-02
  0.373211E-02
  0.373207E-02
  0.373203E-02
  0.373200E-02
  0.373196E-02
  0.373192E-02
  0.373188E-02
  0.373185E-02
  0.373181E-02
  0.373177E-02
  0.373174E-02
  0.373170E-02
  0.373166E-02
  0.373162E-02
  0.373159E-02
  0.373155E-02
  0.373151E-02
  0.373147E-02
  0.373144E-02
  0.373140E-02
  0.373136E-02
  0.373132E-02
  0.373129E-02
  0.373125E-02
  0.373121E-02
  0.373117E-02
  0.373114E-02
  0.373110E-02
  0.373106E-02
  0.373103E-02
  0.373099E-02
  0.373095E-02
  0.373091E-02
  0.373088E-02
  0.373084E-02
  0.373080E-02
  0.373076E-02
  0.373073E-02
  0.373069E-02
  0.373065E-02
  0.373061E-02
  0.373058E-02
  0.373054E-02
  0.373050E-02
  0.373046E-02
  0.373043E-02
  0.373039E-02
  0.373035E-02
  0.373031E-02
  0.373028E-02
  0.373024E-02
  0.373020E-02
  0.373017E-02
  0.373013E-02
  0.373009E-02
  0.373005E-02
  0.373002E-02
  0.372998E-02
  0.372994E-02
  0.372990E-02
  0.372987E-02
  0.372983E-02
  0.372979E-02
  0.372975E-02
  0.372972E-02
  0.372968E-02
  0.372964E-02
  0.372960E-02
  0.372957E-02
  0.372953E-02
  0.372949E-02
  0.372946E-02
  0.372942E-02
  0.372938E-02
  0.372934E-02
  0.372931E-02
  0.372927E-02
  0.372923E-02
  0.372919E-02
  0.372916E-02
  0.372912E-02
  0.372908E-02
  0.372904E-02
  0.372901E-02
  0.372897E-02
  0.372893E-02
  0.372889E-02
  0.372886E-02
  0.372882E-02
  0.372878E-02
  0.372875E-02
  0.372871E-02
  0.372867E-02
  0.372863E-02
  0.372860E-02
  0.372856E-02
  0.372852E-02
  0.372848E-02
  0.372845E-02
  0.372841E-02
  0.372837E-02
  0.372833E-02
  0.372830E-02
  0.372826E-02
  0.372822E-02
  0.372818E-02
  0.372815E-02
  0.372811E-02
  0.372807E-02
  0.372803E-02
  0.372800E-02
  0.372796E-02
  0.372792E-02
  0.372789E-02
  0.372785E-02
  0.372781E-02
  0.372777E-02
  0.372774E-02
  0.372770E-02
  0.372766E-02
  0.372762E-02
  0.372759E-02
  0.372755E-02
  0.372751E-02
  0.372747E-02
  0.372744E-02
  0.372740E-02
  0.372736E-02
  0.372732E-02
  0.372729E-02
  0.372726E-02
  0.372726E-02
  0.372726E-02
  0.372727E-02
  0.372728E-02
  0.372729E-02
  0.372729E-02
  0.372730E-02
  0.372731E-02
  0.372731E-02
  0.372732E-02
  0.372733E-02
  0.372733E-02
  0.372734E-02
  0.372735E-02
  0.372736E-02
  0.372736E-02
  0.372737E-02
  0.372738E-02
  0.372738E-02
  0.372739E-02
  0.372740E-02
  0.372740E-02
  0.372741E-02
  0.372742E-02
  0.372743E-02
  0.372743E-02
  0.372744E-02
  0.372745E-02
  0.372745E-02
  0.372746E-02
  0.372747E-02
  0.372747E-02
  0.372748E-02
  0.372749E-02
  0.372750E-02
  0.372750E-02
  0.372751E-02
  0.372752E-02
  0.372752E-02
  0.372753E-02
  0.372754E-02
  0.372754E-02
  0.372755E-02
  0.372756E-02
  0.372757E-02
  0.372757E-02
  0.372758E-02
  0.372759E-02
  0.372759E-02
  0.372760E-02
  0.372761E-02
  0.372762E-02
  0.372762E-02
  0.372763E-02
  0.372764E-02
  0.372764E-02
  0.372765E-02
  0.372766E-02
  0.372766E-02
  0.372767E-02
  0.372768E-02
  0.372769E-02
  0.372769E-02
  0.372770E-02
  0.372771E-02
  0.372771E-02
  0.372772E-02
  0.372773E-02
  0.372773E-02
  0.372774E-02
  0.372775E-02
  0.372776E-02
  0.372776E-02
  0.372777E-02
  0.372778E-02
  0.372778E-02
  0.372779E-02
  0.372780E-02
  0.372780E-02
  0.372781E-02
  0.372782E-02
  0.372783E-02
  0.372783E-02
  0.372784E-02
  0.372785E-02
  0.372785E-02
  0.372786E-02
  0.372787E-02
  0.372787E-02
  0.372788E-02
  0.372789E-02
  0.372790E-02
  0.372790E-02
  0.372791E-02
  0.372792E-02
  0.372792E-02
  0.372793E-02
  0.372794E-02
  0.372795E-02
  0.372795E-02
  0.372796E-02
  0.372797E-02
  0.372797E-02
  0.372798E-02
  0.372799E-02
  0.372799E-02
  0.372800E-02
  0.372801E-02
  0.372802E-02
  0.372802E-02
  0.372803E-02
  0.372804E-02
  0.372804E-02
  0.372805E-02
  0.372806E-02
  0.372806E-02
  0.372807E-02
  0.372808E-02
  0.372809E-02
  0.372809E-02
  0.372810E-02
  0.372811E-02
  0.372811E-02
  0.372812E-02
  0.372813E-02
  0.372813E-02
  0.372814E-02
  0.372815E-02
  0.372816E-02
  0.372816E-02
  0.372817E-02
  0.372818E-02
  0.372818E-02
  0.372819E-02
  0.372820E-02
  0.372821E-02
  0.372821E-02
  0.372822E-02
  0.372823E-02
  0.372823E-02
  0.372824E-02
  0.372825E-02
  0.372825E-02
  0.372826E-02
  0.372827E-02
  0.372828E-02
  0.372828E-02
  0.372829E-02
  0.372830E-02
  0.372830E-02
  0.372831E-02
  0.372832E-02
  0.372832E-02
  0.372833E-02
  0.372834E-02
  0.372835E-02
  0.372835E-02
  0.372836E-02
  0.372837E-02
  0.372837E-02
  0.372838E-02
  0.372839E-02
  0.372839E-02
  0.372840E-02
  0.372841E-02
  0.372842E-02
  0.372842E-02
  0.372843E-02
  0.372844E-02
  0.372844E-02
  0.372845E-02
  0.372846E-02
  0.372846E-02
  0.372847E-02
  0.372848E-02
  0.372849E-02
  0.372849E-02
  0.372850E-02
  0.372851E-02
  0.372851E-02
  0.372852E-02
  0.372853E-02
  0.372854E-02
  0.372854E-02
  0.372855E-02
  0.372856E-02
  0.372856E-02
  0.372857E-02
  0.372858E-02
  0.372858E-02
  0.372859E-02
  0.372860E-02
  0.372861E-02
  0.372861E-02
  0.372862E-02
  0.372863E-02
  0.372863E-02
  0.372864E-02
  0.372865E-02
  0.372865E-02
  0.372866E-02
  0.372867E-02
  0.372868E-02
  0.372868E-02
  0.372869E-02
  0.372870E-02
  0.372870E-02
  0.372871E-02
  0.372872E-02
  0.372872E-02
  0.372873E-02
  0.372874E-02
  0.372875E-02
  0.372875E-02
  0.372876E-02
  0.372877E-02
  0.372877E-02
  0.372878E-02
  0.372879E-02
  0.372879E-02
  0.372880E-02
  0.372881E-02
  0.372882E-02
  0.372882E-02
  0.372885E-02
  0.372892E-02
  0.372901E-02
  0.372909E-02
  0.372918E-02
  0.372927E-02
  0.372936E-02
  0.372945E-02
  0.372953E-02
  0.372962E-02
  0.372971E-02
  0.372980E-02
  0.372988E-02
  0.372997E-02
  0.373006E-02
  0.373015E-02
  0.373024E-02
  0.373032E-02
  0.373041E-02
  0.373050E-02
  0.373059E-02
  0.373068E-02
  0.373076E-02
  0.373085E-02
  0.373094E-02
  0.373103E-02
  0.373112E-02
  0.373120E-02
  0.373129E-02
  0.373138E-02
  0.373147E-02
  0.373156E-02
  0.373164E-02
  0.373173E-02
  0.373182E-02
  0.373191E-02
  0.373199E-02
  0.373208E-02
  0.373217E-02
  0.373226E-02
  0.373235E-02
  0.373243E-02
  0.373252E-02
  0.373261E-02
  0.373270E-02
  0.373279E-02
  0.373287E-02
  0.373296E-02
  0.373305E-02
  0.373314E-02
  0.373323E-02
  0.373331E-02
  0.373340E-02
  0.373349E-02
  0.373358E-02
  0.373367E-02
  0.373375E-02
  0.373384E-02
  0.373393E-02
  0.373402E-02
  0.373410E-02
  0.373419E-02
  0.373428E-02
  0.373437E-02
  0.373446E-02
  0.373454E-02
  0.373463E-02
  0.373472E-02
  0.373481E-02
  0.373490E-02
  0.373498E-02
  0.373507E-02
  0.373516E-02
  0.373525E-02
  0.373534E-02
  0.373542E-02
  0.373551E-02
  0.373560E-02
  0.373569E-02
  0.373577E-02
  0.373586E-02
  0.373595E-02
  0.373604E-02
  0.373613E-02
  0.373621E-02
  0.373630E-02
  0.373639E-02
  0.373648E-02
  0.373657E-02
  0.373665E-02
  0.373674E-02
  0.373683E-02
  0.373692E-02
  0.373701E-02
  0.373709E-02
  0.373718E-02
  0.373727E-02
  0.373736E-02
  0.373745E-02
  0.373753E-02
  0.373762E-02
  0.373771E-02
  0.373780E-02
  0.373788E-02
  0.373797E-02
  0.373806E-02
  0.373815E-02
  0.373824E-02
  0.373832E-02
  0.373841E-02
  0.373850E-02
  0.373859E-02
  0.373868E-02
  0.373876E-02
  0.373885E-02
  0.373894E-02
  0.373903E-02
  0.373912E-02
  0.373920E-02
  0.373929E-02
  0.373938E-02
  0.373947E-02
  0.373956E-02
  0.373964E-02
  0.373973E-02
  0.373982E-02
  0.373991E-02
  0.373999E-02
  0.374008E-02
  0.374017E-02
  0.374026E-02
  0.374035E-02
  0.374043E-02
  0.374052E-02
  0.374061E-02
  0.374070E-02
  0.374079E-02
  0.374087E-02
  0.374096E-02
  0.374105E-02
  0.374114E-02
  0.374123E-02
  0.374131E-02
  0.374140E-02
  0.374149E-02
  0.374158E-02
  0.374167E-02
  0.374175E-02
  0.374184E-02
  0.374193E-02
  0.374202E-02
  0.374210E-02
  0.374219E-02
  0.374228E-02
  0.374237E-02
  0.374246E-02
  0.374254E-02
  0.374263E-02
  0.374272E-02
  0.374281E-02
  0.374290E-02
  0.374298E-02
  0.374307E-02
  0.374316E-02
  0.374325E-02
  0.374334E-02
  0.374342E-02
  0.374351E-02
  0.374360E-02
  0.374369E-02
  0.374377E-02
  0.374386E-02
  0.374395E-02
  0.374404E-02
  0.374413E-02
  0.374421E-02
  0.374430E-02
  0.374439E-02
  0.374448E-02
  0.374457E-02
  0.374465E-02
  0.374474E-02
  0.374483E-02
  0.374492E-02
  0.374501E-02
  0.374509E-02
  0.374518E-02
  0.374527E-02
  0.374536E-02
  0.374545E-02
  0.374553E-02
  0.374562E-02
  0.374571E-02
  0.374580E-02
  0.374588E-02
  0.374597E-02
  0.374606E-02
  0.374615E-02
  0.374624E-02
  0.374632E-02
  0.374641E-02
  0.374650E-02
  0.374659E-02
  0.374668E-02
  0.374676E-02
  0.374685E-02
  0.374694E-02
  0.374703E-02
  0.374712E-02
  0.374720E-02
  0.374729E-02
  0.374738E-02
  0.374747E-02
  0.374756E-02
  0.374764E-02
  0.374773E-02
  0.374782E-02
  0.374791E-02
  0.374799E-02
  0.374808E-02
  0.374817E-02
  0.374826E-02
  0.374835E-02
  0.374843E-02
  0.374852E-02
  0.374859E-02
  0.374863E-02
  0.374865E-02
  0.374867E-02
  0.374870E-02
  0.374872E-02
  0.374874E-02
  0.374876E-02
  0.374878E-02
  0.374880E-02
  0.374882E-02
  0.374885E-02
  0.374887E-02
  0.374889E-02
  0.374891E-02
  0.374893E-02
  0.374895E-02
  0.374897E-02
  0.374900E-02
  0.374902E-02
  0.374904E-02
  0.374906E-02
  0.374908E-02
  0.374910E-02
  0.374913E-02
  0.374915E-02
  0.374917E-02
  0.374919E-02
  0.374921E-02
  0.374923E-02
  0.374925E-02
  0.374928E-02
  0.374930E-02
  0.374932E-02
  0.374934E-02
  0.374936E-02
  0.374938E-02
  0.374940E-02
  0.374943E-02
  0.374945E-02
  0.374947E-02
  0.374949E-02
  0.374951E-02
  0.374953E-02
  0.374955E-02
  0.374958E-02
  0.374960E-02
  0.374962E-02
  0.374964E-02
  0.374966E-02
  0.374968E-02
  0.374970E-02
  0.374973E-02
  0.374975E-02
  0.374977E-02
  0.374979E-02
  0.374981E-02
  0.374983E-02
  0.374986E-02
  0.374988E-02
  0.374990E-02
  0.374992E-02
  0.374994E-02
  0.374996E-02
  0.374998E-02
  0.375001E-02
  0.375003E-02
  0.375005E-02
  0.375007E-02
  0.375009E-02
  0.375011E-02
  0.375013E-02
  0.375016E-02
  0.375018E-02
  0.375020E-02
  0.375022E-02
  0.375024E-02
  0.375026E-02
  0.375028E-02
  0.375031E-02
  0.375033E-02
  0.375035E-02
  0.375037E-02
  0.375039E-02
  0.375041E-02
  0.375043E-02
  0.375046E-02
  0.375048E-02
  0.375050E-02
  0.375052E-02
  0.375054E-02
  0.375056E-02
  0.375058E-02
  0.375061E-02
  0.375063E-02
  0.375065E-02
  0.375067E-02
  0.375069E-02
  0.375071E-02
  0.375074E-02
  0.375076E-02
  0.375078E-02
  0.375080E-02
  0.375082E-02
  0.375084E-02
  0.375086E-02
  0.375089E-02
  0.375091E-02
  0.375093E-02
  0.375095E-02
  0.375097E-02
  0.375099E-02
  0.375101E-02
  0.375104E-02
  0.375106E-02
  0.375108E-02
  0.375110E-02
  0.375112E-02
  0.375114E-02
  0.375116E-02
  0.375119E-02
  0.375121E-02
  0.375123E-02
  0.375125E-02
  0.375127E-02
  0.375129E-02
  0.375131E-02
  0.375134E-02
  0.375136E-02
  0.375138E-02
  0.375140E-02
  0.375142E-02
  0.375144E-02
  0.375147E-02
  0.375149E-02
  0.375151E-02
  0.375153E-02
  0.375155E-02
  0.375157E-02
  0.375159E-02
  0.375162E-02
  0.375164E-02
  0.375166E-02
  0.375168E-02
  0.375170E-02
  0.375172E-02
  0.375174E-02
  0.375177E-02
  0.375179E-02
  0.375181E-02
  0.375183E-02
  0.375185E-02
  0.375187E-02
  0.375189E-02
  0.375192E-02
  0.375194E-02
  0.375196E-02
  0.375198E-02
  0.375200E-02
  0.375202E-02
  0.375204E-02
  0.375207E-02
  0.375209E-02
  0.375211E-02
  0.375213E-02
  0.375215E-02
  0.375217E-02
  0.375219E-02
  0.375222E-02
  0.375224E-02
  0.375226E-02
  0.375228E-02
  0.375230E-02
  0.375232E-02
  0.375235E-02
  0.375237E-02
  0.375239E-02
  0.375241E-02
  0.375243E-02
  0.375245E-02
  0.375247E-02
  0.375250E-02
  0.375252E-02
  0.375254E-02
  0.375256E-02
  0.375258E-02
  0.375260E-02
  0.375262E-02
  0.375265E-02
  0.375267E-02
  0.375269E-02
  0.375271E-02
  0.375273E-02
  0.375275E-02
  0.375277E-02
  0.375280E-02
  0.375282E-02
  0.375284E-02
  0.375286E-02
  0.375288E-02
  0.375290E-02
  0.375292E-02
  0.375295E-02
  0.375297E-02
  0.375299E-02
  0.375301E-02
  0.375303E-02
  0.375305E-02
  0.375308E-02
  0.375310E-02
  0.375312E-02
  0.375314E-02
  0.375316E-02
  0.375318E-02
  0.375320E-02
  0.375323E-02
  0.375325E-02
  0.375327E-02
  0.375329E-02
  0.375331E-02
  0.375333E-02
  0.375335E-02
  0.375338E-02
  0.375340E-02
  0.375342E-02
  0.375340E-02
  0.375331E-02
  0.375319E-02
  0.375306E-02
  0.375293E-02
  0.375281E-02
  0.375268E-02
  0.375256E-02
  0.375243E-02
  0.375230E-02
  0.375218E-02
  0.375205E-02
  0.375192E-02
  0.375180E-02
  0.375167E-02
  0.375154E-02
  0.375142E-02
  0.375129E-02
  0.375117E-02
  0.375104E-02
  0.375091E-02
  0.375079E-02
  0.375066E-02
  0.375053E-02
  0.375041E-02
  0.375028E-02
  0.375015E-02
  0.375003E-02
  0.374990E-02
  0.374978E-02
  0.374965E-02
  0.374952E-02
  0.374940E-02
  0.374927E-02
  0.374914E-02
  0.374902E-02
  0.374889E-02
  0.374876E-02
  0.374864E-02
  0.374851E-02
  0.374839E-02
  0.374826E-02
  0.374813E-02
  0.374801E-02
  0.374788E-02
  0.374775E-02
  0.374763E-02
  0.374750E-02
  0.374737E-02
  0.374725E-02
  0.374712E-02
  0.374700E-02
  0.374687E-02
  0.374674E-02
  0.374662E-02
  0.374649E-02
  0.374636E-02
  0.374624E-02
  0.374611E-02
  0.374599E-02
  0.374586E-02
  0.374573E-02
  0.374561E-02
  0.374548E-02
  0.374535E-02
  0.374523E-02
  0.374510E-02
  0.374497E-02
  0.374485E-02
  0.374472E-02
  0.374460E-02
  0.374447E-02
  0.374434E-02
  0.374422E-02
  0.374409E-02
  0.374396E-02
  0.374384E-02
  0.374371E-02
  0.374358E-02
  0.374346E-02
  0.374333E-02
  0.374321E-02
  0.374308E-02
  0.374295E-02
  0.374283E-02
  0.374270E-02
  0.374257E-02
  0.374245E-02
  0.374232E-02
  0.374219E-02
  0.374207E-02
  0.374194E-02
  0.374182E-02
  0.374169E-02
  0.374156E-02
  0.374144E-02
  0.374131E-02
  0.374118E-02
  0.374106E-02
  0.374093E-02
  0.374080E-02
  0.374068E-02
  0.374055E-02
  0.374043E-02
  0.374030E-02
  0.374017E-02
  0.374005E-02
  0.373992E-02
  0.373979E-02
  0.373967E-02
  0.373954E-02
  0.373941E-02
  0.373929E-02
  0.373916E-02
  0.373904E-02
  0.373891E-02
  0.373878E-02
  0.373866E-02
  0.373853E-02
  0.373840E-02
  0.373828E-02
  0.373815E-02
  0.373802E-02
  0.373790E-02
  0.373777E-02
  0.373765E-02
  0.373752E-02
  0.373739E-02
  0.373727E-02
  0.373714E-02
  0.373701E-02
  0.373689E-02
  0.373676E-02
  0.373663E-02
  0.373651E-02
  0.373638E-02
  0.373626E-02
  0.373613E-02
  0.373600E-02
  0.373588E-02
  0.373575E-02
  0.373562E-02
  0.373550E-02
  0.373537E-02
  0.373524E-02
  0.373512E-02
  0.373499E-02
  0.373487E-02
  0.373474E-02
  0.373461E-02
  0.373449E-02
  0.373436E-02
  0.373423E-02
  0.373411E-02
  0.373398E-02
  0.373385E-02
  0.373373E-02
  0.373360E-02
  0.373348E-02
  0.373335E-02
  0.373322E-02
  0.373310E-02
  0.373297E-02
  0.373284E-02
  0.373272E-02
  0.373259E-02
  0.373246E-02
  0.373234E-02
  0.373221E-02
  0.373209E-02
  0.373196E-02
  0.373183E-02
  0.373171E-02
  0.373158E-02
  0.373145E-02
  0.373133E-02
  0.373120E-02
  0.373108E-02
  0.373095E-02
  0.373082E-02
  0.373070E-02
  0.373057E-02
  0.373044E-02
  0.373032E-02
  0.373019E-02
  0.373006E-02
  0.372994E-02
  0.372981E-02
  0.372969E-02
  0.372956E-02
  0.372943E-02
  0.372931E-02
  0.372918E-02
  0.372905E-02
  0.372893E-02
  0.372880E-02
  0.372867E-02
  0.372855E-02
  0.372842E-02
  0.372830E-02
  0.372817E-02
  0.372804E-02
  0.372792E-02
  0.372779E-02
  0.372766E-02
  0.372754E-02
  0.372741E-02
  0.372728E-02
  0.372716E-02
  0.372703E-02
  0.372691E-02
  0.372678E-02
  0.372665E-02
  0.372653E-02
  0.372640E-02
  0.372627E-02
  0.372615E-02
  0.372602E-02
  0.372589E-02
  0.372577E-02
  0.372564E-02
  0.372552E-02
  0.372539E-02
  0.372526E-02
  0.372514E-02
  0.372502E-02
  0.372492E-02
  0.372483E-02
  0.372474E-02
  0.372465E-02
  0.372456E-02
  0.372447E-02
  0.372438E-02
  0.372429E-02
  0.372420E-02
  0.372411E-02
  0.372402E-02
  0.372393E-02
  0.372383E-02
  0.372374E-02
  0.372365E-02
  0.372356E-02
  0.372347E-02
  0.372338E-02
  0.372329E-02
  0.372320E-02
  0.372311E-02
  0.372302E-02
  0.372293E-02
  0.372284E-02
  0.372275E-02
  0.372266E-02
  0.372257E-02
  0.372248E-02
  0.372239E-02
  0.372230E-02
  0.372221E-02
  0.372212E-02
  0.372203E-02
  0.372194E-02
  0.372185E-02
  0.372176E-02
  0.372167E-02
  0.372157E-02
  0.372148E-02
  0.372139E-02
  0.372130E-02
  0.372121E-02
  0.372112E-02
  0.372103E-02
  0.372094E-02
  0.372085E-02
  0.372076E-02
  0.372067E-02
  0.372058E-02
  0.372049E-02
  0.372040E-02
  0.372031E-02
  0.372022E-02
  0.372013E-02
  0.372004E-02
  0.371995E-02
  0.371986E-02
  0.371977E-02
  0.371968E-02
  0.371959E-02
  0.371950E-02
  0.371941E-02
  0.371931E-02
  0.371922E-02
  0.371913E-02
  0.371904E-02
  0.371895E-02
  0.371886E-02
  0.371877E-02
  0.371868E-02
  0.371859E-02
  0.371850E-02
  0.371841E-02
  0.371832E-02
  0.371823E-02
  0.371814E-02
  0.371805E-02
  0.371796E-02
  0.371787E-02
  0.371778E-02
  0.371769E-02
  0.371760E-02
  0.371751E-02
  0.371742E-02
  0.371733E-02
  0.371724E-02
  0.371715E-02
  0.371705E-02
  0.371696E-02
  0.371687E-02
  0.371678E-02
  0.371669E-02
  0.371660E-02
  0.371651E-02
  0.371642E-02
  0.371633E-02
  0.371624E-02
  0.371615E-02
  0.371606E-02
  0.371597E-02
  0.371588E-02
  0.371579E-02
  0.371570E-02
  0.371561E-02
  0.371552E-02
  0.371543E-02
  0.371534E-02
  0.371525E-02
  0.371516E-02
  0.371507E-02
  0.371498E-02
  0.371489E-02
  0.371479E-02
  0.371470E-02
  0.371461E-02
  0.371452E-02
  0.371443E-02
  0.371434E-02
  0.371425E-02
  0.371416E-02
  0.371407E-02
  0.371398E-02
  0.371389E-02
  0.371380E-02
  0.371371E-02
  0.371362E-02
  0.371353E-02
  0.371344E-02
  0.371335E-02
  0.371326E-02
  0.371317E-02
  0.371308E-02
  0.371299E-02
  0.371290E-02
  0.371281E-02
  0.371272E-02
  0.371263E-02
  0.371253E-02
  0.371244E-02
  0.371235E-02
  0.371226E-02
  0.371217E-02
  0.371208E-02
  0.371199E-02
  0.371190E-02
  0.371181E-02
  0.371172E-02
  0.371163E-02
  0.371154E-02
  0.371145E-02
  0.371136E-02
  0.371127E-02
  0.371118E-02
  0.371109E-02
  0.371100E-02
  0.371091E-02
  0.371082E-02
  0.371073E-02
  0.371064E-02
  0.371055E-02
  0.371046E-02
  0.371037E-02
  0.371027E-02
  0.371018E-02
  0.371009E-02
  0.371000E-02
  0.370991E-02
  0.370982E-02
  0.370973E-02
  0.370964E-02
  0.370955E-02
  0.370946E-02
  0.370937E-02
  0.370928E-02
  0.370919E-02
  0.370910E-02
  0.370901E-02
  0.370892E-02
  0.370883E-02
  0.370874E-02
  0.370865E-02
  0.370856E-02
  0.370847E-02
  0.370838E-02
  0.370829E-02
  0.370820E-02
  0.370811E-02
  0.370801E-02
  0.370792E-02
  0.370783E-02
  0.370774E-02
  0.370765E-02
  0.370756E-02
  0.370747E-02
  0.370738E-02
  0.370729E-02
  0.370720E-02
  0.370711E-02
  0.370702E-02
  0.370693E-02
  0.370684E-02
  0.370675E-02
  0.370666E-02
  0.370657E-02
  0.370648E-02
  0.370639E-02
  0.370630E-02
  0.370621E-02
  0.370612E-02
  0.370603E-02
  0.370594E-02
  0.370585E-02
  0.370575E-02
  0.370566E-02
  0.370557E-02
  0.370548E-02
  0.370539E-02
  0.370530E-02
  0.370521E-02
  0.370512E-02
  0.370503E-02
  0.370494E-02
  0.370485E-02
  0.370476E-02
  0.370472E-02
  0.370478E-02
  0.370490E-02
  0.370501E-02
  0.370512E-02
  0.370523E-02
  0.370535E-02
  0.370546E-02
  0.370557E-02
  0.370568E-02
  0.370580E-02
  0.370591E-02
  0.370602E-02
  0.370613E-02
  0.370625E-02
  0.370636E-02
  0.370647E-02
  0.370659E-02
  0.370670E-02
  0.370681E-02
  0.370692E-02
  0.370704E-02
  0.370715E-02
  0.370726E-02
  0.370737E-02
  0.370749E-02
  0.370760E-02
  0.370771E-02
  0.370782E-02
  0.370794E-02
  0.370805E-02
  0.370816E-02
  0.370828E-02
  0.370839E-02
  0.370850E-02
  0.370861E-02
  0.370873E-02
  0.370884E-02
  0.370895E-02
  0.370906E-02
  0.370918E-02
  0.370929E-02
  0.370940E-02
  0.370951E-02
  0.370963E-02
  0.370974E-02
  0.370985E-02
  0.370997E-02
  0.371008E-02
  0.371019E-02
  0.371030E-02
  0.371042E-02
  0.371053E-02
  0.371064E-02
  0.371075E-02
  0.371087E-02
  0.371098E-02
  0.371109E-02
  0.371120E-02
  0.371132E-02
  0.371143E-02
  0.371154E-02
  0.371166E-02
  0.371177E-02
  0.371188E-02
  0.371199E-02
  0.371211E-02
  0.371222E-02
  0.371233E-02
  0.371244E-02
  0.371256E-02
  0.371267E-02
  0.371278E-02
  0.371289E-02
  0.371301E-02
  0.371312E-02
  0.371323E-02
  0.371335E-02
  0.371346E-02
  0.371357E-02
  0.371368E-02
  0.371380E-02
  0.371391E-02
  0.371402E-02
  0.371413E-02
  0.371425E-02
  0.371436E-02
  0.371447E-02
  0.371458E-02
  0.371470E-02
  0.371481E-02
  0.371492E-02
  0.371504E-02
  0.371515E-02
  0.371526E-02
  0.371537E-02
  0.371549E-02
  0.371560E-02
  0.371571E-02
  0.371582E-02
  0.371594E-02
  0.371605E-02
  0.371616E-02
  0.371627E-02
  0.371639E-02
  0.371650E-02
  0.371661E-02
  0.371673E-02
  0.371684E-02
  0.371695E-02
  0.371706E-02
  0.371718E-02
  0.371729E-02
  0.371740E-02
  0.371751E-02
  0.371763E-02
  0.371774E-02
  0.371785E-02
  0.371796E-02
  0.371808E-02
  0.371819E-02
  0.371830E-02
  0.371842E-02
  0.371853E-02
  0.371864E-02
  0.371875E-02
  0.371887E-02
  0.371898E-02
  0.371909E-02
  0.371920E-02
  0.371932E-02
  0.371943E-02
  0.371954E-02
  0.371965E-02
  0.371977E-02
  0.371988E-02
  0.371999E-02
  0.372011E-02
  0.372022E-02
  0.372033E-02
  0.372044E-02
  0.372056E-02
  0.372067E-02
  0.372078E-02
  0.372089E-02
  0.372101E-02
  0.372112E-02
  0.372123E-02
  0.372134E-02
  0.372146E-02
  0.372157E-02
  0.372168E-02
  0.372180E-02
  0.372191E-02
  0.372202E-02
  0.372213E-02
  0.372225E-02
  0.372236E-02
  0.372247E-02
  0.372258E-02
  0.372270E-02
  0.372281E-02
  0.372292E-02
  0.372303E-02
  0.372315E-02
  0.372326E-02
  0.372337E-02
  0.372349E-02
  0.372360E-02
  0.372371E-02
  0.372382E-02
  0.372394E-02
  0.372405E-02
  0.372416E-02
  0.372427E-02
  0.372439E-02
  0.372450E-02
  0.372461E-02
  0.372472E-02
  0.372484E-02
  0.372495E-02
  0.372506E-02
  0.372518E-02
  0.372529E-02
  0.372540E-02
  0.372551E-02
  0.372563E-02
  0.372574E-02
  0.372585E-02
  0.372596E-02
  0.372608E-02
  0.372619E-02
  0.372630E-02
  0.372641E-02
  0.372653E-02
  0.372664E-02
  0.372675E-02
  0.372687E-02
  0.372698E-02
  0.372709E-02
  0.372720E-02
  0.372732E-02
  0.372743E-02
  0.372754E-02
  0.372765E-02
  0.372777E-02
  0.372788E-02
  0.372799E-02
  0.372810E-02
  0.372822E-02
  0.372833E-02
  0.372844E-02
  0.372856E-02
  0.372867E-02
  0.372878E-02
  0.372889E-02
  0.372901E-02
  0.372912E-02
  0.372923E-02
  0.372934E-02
  0.372946E-02
  0.372957E-02
  0.372968E-02
  0.372979E-02
  0.372991E-02
  0.373003E-02
  0.373017E-02
  0.373032E-02
  0.373048E-02
  0.373063E-02
  0.373078E-02
  0.373093E-02
  0.373108E-02
  0.373123E-02
  0.373139E-02
  0.373154E-02
  0.373169E-02
  0.373184E-02
  0.373199E-02
  0.373215E-02
  0.373230E-02
  0.373245E-02
  0.373260E-02
  0.373275E-02
  0.373290E-02
  0.373306E-02
  0.373321E-02
  0.373336E-02
  0.373351E-02
  0.373366E-02
  0.373382E-02
  0.373397E-02
  0.373412E-02
  0.373427E-02
  0.373442E-02
  0.373457E-02
  0.373473E-02
  0.373488E-02
  0.373503E-02
  0.373518E-02
  0.373533E-02
  0.373549E-02
  0.373564E-02
  0.373579E-02
  0.373594E-02
  0.373609E-02
  0.373624E-02
  0.373640E-02
  0.373655E-02
  0.373670E-02
  0.373685E-02
  0.373700E-02
  0.373716E-02
  0.373731E-02
  0.373746E-02
  0.373761E-02
  0.373776E-02
  0.373791E-02
  0.373807E-02
  0.373822E-02
  0.373837E-02
  0.373852E-02
  0.373867E-02
  0.373883E-02
  0.373898E-02
  0.373913E-02
  0.373928E-02
  0.373943E-02
  0.373958E-02
  0.373974E-02
  0.373989E-02
  0.374004E-02
  0.374019E-02
  0.374034E-02
  0.374050E-02
  0.374065E-02
  0.374080E-02
  0.374095E-02
  0.374110E-02
  0.374125E-02
  0.374141E-02
  0.374156E-02
  0.374171E-02
  0.374186E-02
  0.374201E-02
  0.374217E-02
  0.374232E-02
  0.374247E-02
  0.374262E-02
  0.374277E-02
  0.374292E-02
  0.374308E-02
  0.374323E-02
  0.374338E-02
  0.374353E-02
  0.374368E-02
  0.374384E-02
  0.374399E-02
  0.374414E-02
  0.374429E-02
  0.374444E-02
  0.374459E-02
  0.374475E-02
  0.374490E-02
  0.374505E-02
  0.374520E-02
  0.374535E-02
  0.374551E-02
  0.374566E-02
  0.374581E-02
  0.374596E-02
  0.374611E-02
  0.374626E-02
  0.374642E-02
  0.374657E-02
  0.374672E-02
  0.374687E-02
  0.374702E-02
  0.374718E-02
  0.374733E-02
  0.374748E-02
  0.374763E-02
  0.374778E-02
  0.374794E-02
  0.374809E-02
  0.374824E-02
  0.374839E-02
  0.374854E-02
  0.374869E-02
  0.374885E-02
  0.374900E-02
  0.374915E-02
  0.374930E-02
  0.374945E-02
  0.374961E-02
  0.374976E-02
  0.374991E-02
  0.375006E-02
  0.375021E-02
  0.375036E-02
  0.375052E-02
  0.375067E-02
  0.375082E-02
  0.375097E-02
  0.375112E-02
  0.375128E-02
  0.375143E-02
  0.375158E-02
  0.375173E-02
  0.375188E-02
  0.375203E-02
  0.375219E-02
  0.375234E-02
  0.375249E-02
  0.375264E-02
  0.375279E-02
  0.375295E-02
  0.375310E-02
  0.375325E-02
  0.375340E-02
  0.375355E-02
  0.375370E-02
  0.375386E-02
  0.375401E-02
  0.375416E-02
  0.375431E-02
  0.375446E-02
  0.375462E-02
  0.375477E-02
  0.375492E-02
  0.375507E-02
  0.375522E-02
  0.375537E-02
  0.375553E-02
  0.375568E-02
  0.375583E-02
  0.375598E-02
  0.375613E-02
  0.375629E-02
  0.375644E-02
  0.375659E-02
  0.375674E-02
  0.375689E-02
  0.375704E-02
  0.375720E-02
  0.375735E-02
  0.375750E-02
  0.375765E-02
  0.375780E-02
  0.375796E-02
  0.375811E-02
  0.375826E-02
  0.375841E-02
  0.375856E-02
  0.375871E-02
  0.375887E-02
  0.375902E-02
  0.375917E-02
  0.375932E-02
  0.375947E-02
  0.375963E-02
  0.375978E-02
  0.375993E-02
  0.376008E-02
  0.376023E-02
  0.376038E-02
  0.376054E-02
  0.376069E-02
  0.376084E-02
  0.376099E-02
  0.376114E-02
  0.376130E-02
  0.376145E-02
  0.376160E-02
  0.376175E-02
  0.376190E-02
  0.376205E-02
  0.376221E-02
  0.376236E-02
  0.376251E-02
  0.376266E-02
  0.376281E-02
  0.376297E-02
  0.376312E-02
  0.376327E-02
  0.376342E-02
  0.376357E-02
  0.376372E-02
  0.376388E-02
  0.376403E-02
  0.376413E-02
  0.376416E-02
  0.376414E-02
  0.376412E-02
  0.376409E-02
  0.376407E-02
  0.376405E-02
  0.376403E-02
  0.376401E-02
  0.376399E-02
  0.376396E-02
  0.376394E-02
  0.376392E-02
  0.376390E-02
  0.376388E-02
  0.376386E-02
  0.376383E-02
  0.376381E-02
  0.376379E-02
  0.376377E-02
  0.376375E-02
  0.376373E-02
  0.376370E-02
  0.376368E-02
  0.376366E-02
  0.376364E-02
  0.376362E-02
  0.376360E-02
  0.376358E-02
  0.376355E-02
  0.376353E-02
  0.376351E-02
  0.376349E-02
  0.376347E-02
  0.376345E-02
  0.376342E-02
  0.376340E-02
  0.376338E-02
  0.376336E-02
  0.376334E-02
  0.376332E-02
  0.376329E-02
  0.376327E-02
  0.376325E-02
  0.376323E-02
  0.376321E-02
  0.376319E-02
  0.376316E-02
  0.376314E-02
  0.376312E-02
  0.376310E-02
  0.376308E-02
  0.376306E-02
  0.376304E-02
  0.376301E-02
  0.376299E-02
  0.376297E-02
  0.376295E-02
  0.376293E-02
  0.376291E-02
  0.376288E-02
  0.376286E-02
  0.376284E-02
  0.376282E-02
  0.376280E-02
  0.376278E-02
  0.376275E-02
  0.376273E-02
  0.376271E-02
  0.376269E-02
  0.376267E-02
  0.376265E-02
  0.376262E-02
  0.376260E-02
  0.376258E-02
  0.376256E-02
  0.376254E-02
  0.376252E-02
  0.376250E-02
  0.376247E-02
  0.376245E-02
  0.376243E-02
  0.376241E-02
  0.376239E-02
  0.376237E-02
  0.376234E-02
  0.376232E-02
  0.376230E-02
  0.376228E-02
  0.376226E-02
  0.376224E-02
  0.376221E-02
  0.376219E-02
  0.376217E-02
  0.376215E-02
  0.376213E-02
  0.376211E-02
  0.376208E-02
  0.376206E-02
  0.376204E-02
  0.376202E-02
  0.376200E-02
  0.376198E-02
  0.376196E-02
  0.376193E-02
  0.376191E-02
  0.376189E-02
  0.376187E-02
  0.376185E-02
  0.376183E-02
  0.376180E-02
  0.376178E-02
  0.376176E-02
  0.376174E-02
  0.376172E-02
  0.376170E-02
  0.376167E-02
  0.376165E-02
  0.376163E-02
  0.376161E-02
  0.376159E-02
  0.376157E-02
  0.376154E-02
  0.376152E-02
  0.376150E-02
  0.376148E-02
  0.376146E-02
  0.376144E-02
  0.376142E-02
  0.376139E-02
  0.376137E-02
  0.376135E-02
  0.376133E-02
  0.376131E-02
  0.376129E-02
  0.376126E-02
  0.376124E-02
  0.376122E-02
  0.376120E-02
  0.376118E-02
  0.376116E-02
  0.376113E-02
  0.376111E-02
  0.376109E-02
  0.376107E-02
  0.376105E-02
  0.376103E-02
  0.376100E-02
  0.376098E-02
  0.376096E-02
  0.376094E-02
  0.376092E-02
  0.376090E-02
  0.376088E-02
  0.376085E-02
  0.376083E-02
  0.376081E-02
  0.376079E-02
  0.376077E-02
  0.376075E-02
  0.376072E-02
  0.376070E-02
  0.376068E-02
  0.376066E-02
  0.376064E-02
  0.376062E-02
  0.376059E-02
  0.376057E-02
  0.376055E-02
  0.376053E-02
  0.376051E-02
  0.376049E-02
  0.376046E-02
  0.376044E-02
  0.376042E-02
  0.376040E-02
  0.376038E-02
  0.376036E-02
  0.376034E-02
  0.376031E-02
  0.376029E-02
  0.376027E-02
  0.376025E-02
  0.376023E-02
  0.376021E-02
  0.376018E-02
  0.376016E-02
  0.376014E-02
  0.376012E-02
  0.376010E-02
  0.376008E-02
  0.376005E-02
  0.376003E-02
  0.376001E-02
  0.375999E-02
  0.375997E-02
  0.375995E-02
  0.375992E-02
  0.375990E-02
  0.375988E-02
  0.375986E-02
  0.375984E-02
  0.375982E-02
  0.375980E-02
  0.375977E-02
  0.375975E-02
  0.375973E-02
  0.375971E-02
  0.375969E-02
  0.375967E-02
  0.375964E-02
  0.375962E-02
  0.375960E-02
  0.375958E-02
  0.375956E-02
  0.375954E-02
  0.375951E-02
  0.375949E-02
  0.375947E-02
  0.375945E-02
  0.375943E-02
  0.375941E-02
  0.375938E-02
  0.375936E-02
  0.375934E-02
  0.375929E-02
  0.375920E-02
  0.375908E-02
  0.375896E-02
  0.375884E-02
  0.375872E-02
  0.375860E-02
  0.375848E-02
  0.375836E-02
  0.375824E-02
  0.375813E-02
  0.375801E-02
  0.375789E-02
  0.375777E-02
  0.375765E-02
  0.375753E-02
  0.375741E-02
  0.375729E-02
  0.375717E-02
  0.375705E-02
  0.375693E-02
  0.375681E-02
  0.375669E-02
  0.375657E-02
  0.375645E-02
  0.375633E-02
  0.375621E-02
  0.375609E-02
  0.375597E-02
  0.375586E-02
  0.375574E-02
  0.375562E-02
  0.375550E-02
  0.375538E-02
  0.375526E-02
  0.375514E-02
  0.375502E-02
  0.375490E-02
  0.375478E-02
  0.375466E-02
  0.375454E-02
  0.375442E-02
  0.375430E-02
  0.375418E-02
  0.375406E-02
  0.375394E-02
  0.375382E-02
  0.375371E-02
  0.375359E-02
  0.375347E-02
  0.375335E-02
  0.375323E-02
  0.375311E-02
  0.375299E-02
  0.375287E-02
  0.375275E-02
  0.375263E-02
  0.375251E-02
  0.375239E-02
  0.375227E-02
  0.375215E-02
  0.375203E-02
  0.375191E-02
  0.375179E-02
  0.375167E-02
  0.375155E-02
  0.375144E-02
  0.375132E-02
  0.375120E-02
  0.375108E-02
  0.375096E-02
  0.375084E-02
  0.375072E-02
  0.375060E-02
  0.375048E-02
  0.375036E-02
  0.375024E-02
  0.375012E-02
  0.375000E-02
  0.374988E-02
  0.374976E-02
  0.374964E-02
  0.374952E-02
  0.374940E-02
  0.374928E-02
  0.374917E-02
  0.374905E-02
  0.374893E-02
  0.374881E-02
  0.374869E-02
  0.374857E-02
  0.374845E-02
  0.374833E-02
  0.374821E-02
  0.374809E-02
  0.374797E-02
  0.374785E-02
  0.374773E-02
  0.374761E-02
  0.374749E-02
  0.374737E-02
  0.374725E-02
  0.374713E-02
  0.374701E-02
  0.374690E-02
  0.374678E-02
  0.374666E-02
  0.374654E-02
  0.374642E-02
  0.374630E-02
  0.374618E-02
  0.374606E-02
  0.374594E-02
  0.374582E-02
  0.374570E-02
  0.374558E-02
  0.374546E-02
  0.374534E-02
  0.374522E-02
  0.374510E-02
  0.374498E-02
  0.374486E-02
  0.374475E-02
  0.374463E-02
  0.374451E-02
  0.374439E-02
  0.374427E-02
  0.374415E-02
  0.374403E-02
  0.374391E-02
  0.374379E-02
  0.374367E-02
  0.374355E-02
  0.374343E-02
  0.374331E-02
  0.374319E-02
  0.374307E-02
  0.374295E-02
  0.374283E-02
  0.374271E-02
  0.374259E-02
  0.374248E-02
  0.374236E-02
  0.374224E-02
  0.374212E-02
  0.374200E-02
  0.374188E-02
  0.374176E-02
  0.374164E-02
  0.374152E-02
  0.374140E-02
  0.374128E-02
  0.374116E-02
  0.374104E-02
  0.374092E-02
  0.374080E-02
  0.374068E-02
  0.374056E-02
  0.374044E-02
  0.374032E-02
  0.374021E-02
  0.374009E-02
  0.373997E-02
  0.373985E-02
  0.373973E-02
  0.373961E-02
  0.373949E-02
  0.373937E-02
  0.373925E-02
  0.373913E-02
  0.373901E-02
  0.373889E-02
  0.373877E-02
  0.373865E-02
  0.373853E-02
  0.373841E-02
  0.373829E-02
  0.373817E-02
  0.373805E-02
  0.373794E-02
  0.373782E-02
  0.373770E-02
  0.373758E-02
  0.373746E-02
  0.373734E-02
  0.373722E-02
  0.373710E-02
  0.373698E-02
  0.373686E-02
  0.373674E-02
  0.373662E-02
  0.373650E-02
  0.373638E-02
  0.373626E-02
  0.373614E-02
  0.373602E-02
  0.373590E-02
  0.373579E-02
  0.373567E-02
  0.373555E-02
  0.373543E-02
  0.373531E-02
  0.373519E-02
  0.373507E-02
  0.373495E-02
  0.373483E-02
  0.373471E-02
  0.373459E-02
  0.373447E-02
  0.373435E-02
  0.373423E-02
  0.373411E-02
  0.373399E-02
  0.373387E-02
  0.373375E-02
  0.373363E-02
  0.373352E-02
  0.373340E-02
  0.373328E-02
  0.373316E-02
  0.373304E-02
  0.373292E-02
  0.373280E-02
  0.373268E-02
  0.373256E-02
  0.373245E-02
  0.373236E-02
  0.373228E-02
  0.373220E-02
  0.373212E-02
  0.373205E-02
  0.373197E-02
  0.373189E-02
  0.373181E-02
  0.373173E-02
  0.373165E-02
  0.373157E-02
  0.373149E-02
  0.373142E-02
  0.373134E-02
  0.373126E-02
  0.373118E-02
  0.373110E-02
  0.373102E-02
  0.373094E-02
  0.373086E-02
  0.373079E-02
  0.373071E-02
  0.373063E-02
  0.373055E-02
  0.373047E-02
  0.373039E-02
  0.373031E-02
  0.373023E-02
  0.373015E-02
  0.373008E-02
  0.373000E-02
  0.372992E-02
  0.372984E-02
  0.372976E-02
  0.372968E-02
  0.372960E-02
  0.372952E-02
  0.372945E-02
  0.372937E-02
  0.372929E-02
  0.372921E-02
  0.372913E-02
  0.372905E-02
  0.372897E-02
  0.372889E-02
  0.372882E-02
  0.372874E-02
  0.372866E-02
  0.372858E-02
  0.372850E-02
  0.372842E-02
  0.372834E-02
  0.372826E-02
  0.372818E-02
  0.372811E-02
  0.372803E-02
  0.372795E-02
  0.372787E-02
  0.372779E-02
  0.372771E-02
  0.372763E-02
  0.372755E-02
  0.372748E-02
  0.372740E-02
  0.372732E-02
  0.372724E-02
  0.372716E-02
  0.372708E-02
  0.372700E-02
  0.372692E-02
  0.372685E-02
  0.372677E-02
  0.372669E-02
  0.372661E-02
  0.372653E-02
  0.372645E-02
  0.372637E-02
  0.372629E-02
  0.372621E-02
  0.372614E-02
  0.372606E-02
  0.372598E-02
  0.372590E-02
  0.372582E-02
  0.372574E-02
  0.372566E-02
  0.372558E-02
  0.372551E-02
  0.372543E-02
  0.372535E-02
  0.372527E-02
  0.372519E-02
  0.372511E-02
  0.372503E-02
  0.372495E-02
  0.372488E-02
  0.372480E-02
  0.372472E-02
  0.372464E-02
  0.372456E-02
  0.372448E-02
  0.372440E-02
  0.372432E-02
  0.372424E-02
  0.372417E-02
  0.372409E-02
  0.372401E-02
  0.372393E-02
  0.372385E-02
  0.372377E-02
  0.372369E-02
  0.372361E-02
  0.372354E-02
  0.372346E-02
  0.372338E-02
  0.372330E-02
  0.372322E-02
  0.372314E-02
  0.372306E-02
  0.372298E-02
  0.372291E-02
  0.372283E-02
  0.372275E-02
  0.372267E-02
  0.372259E-02
  0.372251E-02
  0.372243E-02
  0.372235E-02
  0.372227E-02
  0.372220E-02
  0.372212E-02
  0.372204E-02
  0.372196E-02
  0.372188E-02
  0.372180E-02
  0.372172E-02
  0.372164E-02
  0.372157E-02
  0.372149E-02
  0.372141E-02
  0.372133E-02
  0.372125E-02
  0.372117E-02
  0.372109E-02
  0.372101E-02
  0.372094E-02
  0.372086E-02
  0.372078E-02
  0.372070E-02
  0.372062E-02
  0.372054E-02
  0.372046E-02
  0.372038E-02
  0.372030E-02
  0.372023E-02
  0.372015E-02
  0.372007E-02
  0.371999E-02
  0.371991E-02
  0.371983E-02
  0.371975E-02
  0.371967E-02
  0.371960E-02
  0.371952E-02
  0.371944E-02
  0.371936E-02
  0.371928E-02
  0.371920E-02
  0.371912E-02
  0.371904E-02
  0.371897E-02
  0.371889E-02
  0.371881E-02
  0.371873E-02
  0.371865E-02
  0.371857E-02
  0.371849E-02
  0.371841E-02
  0.371833E-02
  0.371826E-02
  0.371818E-02
  0.371810E-02
  0.371802E-02
  0.371794E-02
  0.371786E-02
  0.371778E-02
  0.371770E-02
  0.371763E-02
  0.371755E-02
  0.371747E-02
  0.371739E-02
  0.371731E-02
  0.371723E-02
  0.371715E-02
  0.371707E-02
  0.371700E-02
  0.371692E-02
  0.371684E-02
  0.371676E-02
  0.371668E-02
  0.371660E-02
  0.371652E-02
  0.371644E-02
  0.371636E-02
  0.371629E-02
  0.371621E-02
  0.371613E-02
  0.371605E-02
  0.371597E-02
  0.371589E-02
  0.371581E-02
  0.371573E-02
  0.371566E-02
  0.371558E-02
  0.371550E-02
  0.371542E-02
  0.371534E-02
  0.371526E-02
  0.371518E-02
  0.371510E-02
  0.371503E-02
  0.371495E-02
  0.371487E-02
  0.371479E-02
  0.371474E-02
  0.371474E-02
  0.371477E-02
  0.371480E-02
  0.371483E-02
  0.371486E-02
  0.371489E-02
  0.371492E-02
  0.371495E-02
  0.371498E-02
  0.371501E-02
  0.371505E-02
  0.371508E-02
  0.371511E-02
  0.371514E-02
  0.371517E-02
  0.371520E-02
  0.371523E-02
  0.371526E-02
  0.371529E-02
  0.371532E-02
  0.371535E-02
  0.371538E-02
  0.371541E-02
  0.371544E-02
  0.371547E-02
  0.371550E-02
  0.371553E-02
  0.371556E-02
  0.371559E-02
  0.371562E-02
  0.371566E-02
  0.371569E-02
  0.371572E-02
  0.371575E-02
  0.371578E-02
  0.371581E-02
  0.371584E-02
  0.371587E-02
  0.371590E-02
  0.371593E-02
  0.371596E-02
  0.371599E-02
  0.371602E-02
  0.371605E-02
  0.371608E-02
  0.371611E-02
  0.371614E-02
  0.371617E-02
  0.371620E-02
  0.371623E-02
  0.371626E-02
  0.371630E-02
  0.371633E-02
  0.371636E-02
  0.371639E-02
  0.371642E-02
  0.371645E-02
  0.371648E-02
  0.371651E-02
  0.371654E-02
  0.371657E-02
  0.371660E-02
  0.371663E-02
  0.371666E-02
  0.371669E-02
  0.371672E-02
  0.371675E-02
  0.371678E-02
  0.371681E-02
  0.371684E-02
  0.371687E-02
  0.371691E-02
  0.371694E-02
  0.371697E-02
  0.371700E-02
  0.371703E-02
  0.371706E-02
  0.371709E-02
  0.371712E-02
  0.371715E-02
  0.371718E-02
  0.371721E-02
  0.371724E-02
  0.371727E-02
  0.371730E-02
  0.371733E-02
  0.371736E-02
  0.371739E-02
  0.371742E-02
  0.371745E-02
  0.371748E-02
  0.371751E-02
  0.371755E-02
  0.371758E-02
  0.371761E-02
  0.371764E-02
  0.371767E-02
  0.371770E-02
  0.371773E-02
  0.371776E-02
  0.371779E-02
  0.371782E-02
  0.371785E-02
  0.371788E-02
  0.371791E-02
  0.371794E-02
  0.371797E-02
  0.371800E-02
  0.371803E-02
  0.371806E-02
  0.371809E-02
  0.371812E-02
  0.371816E-02
  0.371819E-02
  0.371822E-02
  0.371825E-02
  0.371828E-02
  0.371831E-02
  0.371834E-02
  0.371837E-02
  0.371840E-02
  0.371843E-02
  0.371846E-02
  0.371849E-02
  0.371852E-02
  0.371855E-02
  0.371858E-02
  0.371861E-02
  0.371864E-02
  0.371867E-02
  0.371870E-02
  0.371873E-02
  0.371877E-02
  0.371880E-02
  0.371883E-02
  0.371886E-02
  0.371889E-02
  0.371892E-02
  0.371895E-02
  0.371898E-02
  0.371901E-02
  0.371904E-02
  0.371907E-02
  0.371910E-02
  0.371913E-02
  0.371916E-02
  0.371919E-02
  0.371922E-02
  0.371925E-02
  0.371928E-02
  0.371931E-02
  0.371934E-02
  0.371937E-02
  0.371941E-02
  0.371944E-02
  0.371947E-02
  0.371950E-02
  0.371953E-02
  0.371956E-02
  0.371959E-02
  0.371962E-02
  0.371965E-02
  0.371968E-02
  0.371971E-02
  0.371974E-02
  0.371977E-02
  0.371980E-02
  0.371983E-02
  0.371986E-02
  0.371989E-02
  0.371992E-02
  0.371995E-02
  0.371998E-02
  0.372002E-02
  0.372005E-02
  0.372008E-02
  0.372011E-02
  0.372014E-02
  0.372017E-02
  0.372020E-02
  0.372023E-02
  0.372026E-02
  0.372029E-02
  0.372032E-02
  0.372035E-02
  0.372038E-02
  0.372041E-02
  0.372044E-02
  0.372047E-02
  0.372050E-02
  0.372053E-02
  0.372056E-02
  0.372059E-02
  0.372062E-02
  0.372066E-02
  0.372069E-02
  0.372072E-02
  0.372075E-02
  0.372078E-02
  0.372081E-02
  0.372084E-02
  0.372087E-02
  0.372090E-02
  0.372093E-02
  0.372096E-02
  0.372099E-02
  0.372102E-02
  0.372105E-02
  0.372108E-02
  0.372111E-02
  0.372114E-02
  0.372117E-02
  0.372120E-02
  0.372123E-02
  0.372127E-02
  0.372130E-02
  0.372133E-02
  0.372136E-02
  0.372139E-02
  0.372142E-02
  0.372145E-02
  0.372148E-02
  0.372151E-02
  0.372154E-02
  0.372159E-02
  0.372168E-02
  0.372179E-02
  0.372190E-02
  0.372200E-02
  0.372211E-02
  0.372222E-02
  0.372233E-02
  0.372244E-02
  0.372255E-02
  0.372265E-02
  0.372276E-02
  0.372287E-02
  0.372298E-02
  0.372309E-02
  0.372320E-02
  0.372331E-02
  0.372341E-02
  0.372352E-02
  0.372363E-02
  0.372374E-02
  0.372385E-02
  0.372396E-02
  0.372406E-02
  0.372417E-02
  0.372428E-02
  0.372439E-02
  0.372450E-02
  0.372461E-02
  0.372471E-02
  0.372482E-02
  0.372493E-02
  0.372504E-02
  0.372515E-02
  0.372526E-02
  0.372537E-02
  0.372547E-02
  0.372558E-02
  0.372569E-02
  0.372580E-02
  0.372591E-02
  0.372602E-02
  0.372612E-02
  0.372623E-02
  0.372634E-02
  0.372645E-02
  0.372656E-02
  0.372667E-02
  0.372678E-02
  0.372688E-02
  0.372699E-02
  0.372710E-02
  0.372721E-02
  0.372732E-02
  0.372743E-02
  0.372753E-02
  0.372764E-02
  0.372775E-02
  0.372786E-02
  0.372797E-02
  0.372808E-02
  0.372819E-02
  0.372829E-02
  0.372840E-02
  0.372851E-02
  0.372862E-02
  0.372873E-02
  0.372884E-02
  0.372894E-02
  0.372905E-02
  0.372916E-02
  0.372927E-02
  0.372938E-02
  0.372949E-02
  0.372959E-02
  0.372970E-02
  0.372981E-02
  0.372992E-02
  0.373003E-02
  0.373014E-02
  0.373025E-02
  0.373035E-02
  0.373046E-02
  0.373057E-02
  0.373068E-02
  0.373079E-02
  0.373090E-02
  0.373100E-02
  0.373111E-02
  0.373122E-02
  0.373133E-02
  0.373144E-02
  0.373155E-02
  0.373166E-02
  0.373176E-02
  0.373187E-02
  0.373198E-02
  0.373209E-02
  0.373220E-02
  0.373231E-02
  0.373241E-02
  0.373252E-02
  0.373263E-02
  0.373274E-02
  0.373285E-02
  0.373296E-02
  0.373307E-02
  0.373317E-02
  0.373328E-02
  0.373339E-02
  0.373350E-02
  0.373361E-02
  0.373372E-02
  0.373382E-02
  0.373393E-02
  0.373404E-02
  0.373415E-02
  0.373426E-02
  0.373437E-02
  0.373447E-02
  0.373458E-02
  0.373469E-02
  0.373480E-02
  0.373491E-02
  0.373502E-02
  0.373513E-02
  0.373523E-02
  0.373534E-02
  0.373545E-02
  0.373556E-02
  0.373567E-02
  0.373578E-02
  0.373588E-02
  0.373599E-02
  0.373610E-02
  0.373621E-02
  0.373632E-02
  0.373643E-02
  0.373654E-02
  0.373664E-02
  0.373675E-02
  0.373686E-02
  0.373697E-02
  0.373708E-02
  0.373719E-02
  0.373729E-02
  0.373740E-02
  0.373751E-02
  0.373762E-02
  0.373773E-02
  0.373784E-02
  0.373795E-02
  0.373805E-02
  0.373816E-02
  0.373827E-02
  0.373838E-02
  0.373849E-02
  0.373860E-02
  0.373870E-02
  0.373881E-02
  0.373892E-02
  0.373903E-02
  0.373914E-02
  0.373925E-02
  0.373935E-02
  0.373946E-02
  0.373957E-02
  0.373968E-02
  0.373979E-02
  0.373990E-02
  0.374001E-02
  0.374011E-02
  0.374022E-02
  0.374033E-02
  0.374044E-02
  0.374055E-02
  0.374066E-02
  0.374076E-02
  0.374087E-02
  0.374098E-02
  0.374109E-02
  0.374120E-02
  0.374131E-02
  0.374142E-02
  0.374152E-02
  0.374163E-02
  0.374174E-02
  0.374185E-02
  0.374196E-02
  0.374207E-02
  0.374217E-02
  0.374228E-02
  0.374239E-02
  0.374250E-02
  0.374261E-02
  0.374272E-02
  0.374283E-02
  0.374293E-02
  0.374304E-02
  0.374315E-02
  0.374326E-02
  0.374337E-02
  0.374348E-02
  0.374358E-02
  0.374369E-02
  0.374380E-02
  0.374391E-02
  0.374402E-02
  0.374413E-02
  0.374423E-02
  0.374434E-02
  0.374445E-02
  0.374456E-02
  0.374467E-02
  0.374478E-02
  0.374489E-02
  0.374499E-02
  0.374510E-02
  0.374521E-02
  0.374532E-02
  0.374543E-02
  0.374554E-02
  0.374564E-02
  0.374575E-02
  0.374586E-02
  0.374596E-02
  0.374605E-02
  0.374612E-02
  0.374620E-02
  0.374628E-02
  0.374635E-02
  0.374643E-02
  0.374651E-02
  0.374658E-02
  0.374666E-02
  0.374673E-02
  0.374681E-02
  0.374689E-02
  0.374696E-02
  0.374704E-02
  0.374712E-02
  0.374719E-02
  0.374727E-02
  0.374735E-02
  0.374742E-02
  0.374750E-02
  0.374758E-02
  0.374765E-02
  0.374773E-02
  0.374781E-02
  0.374788E-02
  0.374796E-02
  0.374804E-02
  0.374811E-02
  0.374819E-02
  0.374826E-02
  0.374834E-02
  0.374842E-02
  0.374849E-02
  0.374857E-02
  0.374865E-02
  0.374872E-02
  0.374880E-02
  0.374888E-02
  0.374895E-02
  0.374903E-02
  0.374911E-02
  0.374918E-02
  0.374926E-02
  0.374934E-02
  0.374941E-02
  0.374949E-02
  0.374956E-02
  0.374964E-02
  0.374972E-02
  0.374979E-02
  0.374987E-02
  0.374995E-02
  0.375002E-02
  0.375010E-02
  0.375018E-02
  0.375025E-02
  0.375033E-02
  0.375041E-02
  0.375048E-02
  0.375056E-02
  0.375064E-02
  0.375071E-02
  0.375079E-02
  0.375087E-02
  0.375094E-02
  0.375102E-02
  0.375109E-02
  0.375117E-02
  0.375125E-02
  0.375132E-02
  0.375140E-02
  0.375148E-02
  0.375155E-02
  0.375163E-02
  0.375171E-02
  0.375178E-02
  0.375186E-02
  0.375194E-02
  0.375201E-02
  0.375209E-02
  0.375217E-02
  0.375224E-02
  0.375232E-02
  0.375240E-02
  0.375247E-02
  0.375255E-02
  0.375262E-02
  0.375270E-02
  0.375278E-02
  0.375285E-02
  0.375293E-02
  0.375301E-02
  0.375308E-02
  0.375316E-02
  0.375324E-02
  0.375331E-02
  0.375339E-02
  0.375347E-02
  0.375354E-02
  0.375362E-02
  0.375370E-02
  0.375377E-02
  0.375385E-02
  0.375392E-02
  0.375400E-02
  0.375408E-02
  0.375415E-02
  0.375423E-02
  0.375431E-02
  0.375438E-02
  0.375446E-02
  0.375454E-02
  0.375461E-02
  0.375469E-02
  0.375477E-02
  0.375484E-02
  0.375492E-02
  0.375500E-02
  0.375507E-02
  0.375515E-02
  0.375523E-02
  0.375530E-02
  0.375538E-02
  0.375545E-02
  0.375553E-02
  0.375561E-02
  0.375568E-02
  0.375576E-02
  0.375584E-02
  0.375591E-02
  0.375599E-02
  0.375607E-02
  0.375614E-02
  0.375622E-02
  0.375630E-02
  0.375637E-02
  0.375645E-02
  0.375653E-02
  0.375660E-02
  0.375668E-02
  0.375675E-02
  0.375683E-02
  0.375691E-02
  0.375698E-02
  0.375706E-02
  0.375714E-02
  0.375721E-02
  0.375729E-02
  0.375737E-02
  0.375744E-02
  0.375752E-02
  0.375760E-02
  0.375767E-02
  0.375775E-02
  0.375783E-02
  0.375790E-02
  0.375798E-02
  0.375806E-02
  0.375813E-02
  0.375821E-02
  0.375828E-02
  0.375836E-02
  0.375844E-02
  0.375851E-02
  0.375859E-02
  0.375867E-02
  0.375874E-02
  0.375882E-02
  0.375890E-02
  0.375897E-02
  0.375905E-02
  0.375913E-02
  0.375920E-02
  0.375928E-02
  0.375936E-02
  0.375943E-02
  0.375951E-02
  0.375959E-02
  0.375966E-02
  0.375974E-02
  0.375981E-02
  0.375989E-02
  0.375997E-02
  0.376004E-02
  0.376012E-02
  0.376020E-02
  0.376027E-02
  0.376035E-02
  0.376043E-02
  0.376050E-02
  0.376058E-02
  0.376066E-02
  0.376073E-02
  0.376081E-02
  0.376089E-02
  0.376096E-02
  0.376104E-02
  0.376111E-02
  0.376119E-02
  0.376127E-02
  0.376134E-02
  0.376142E-02
  0.376150E-02
  0.376157E-02
  0.376165E-02
  0.376173E-02
  0.376180E-02
  0.376188E-02
  0.376196E-02
  0.376203E-02
  0.376211E-02
  0.376219E-02
  0.376226E-02
  0.376234E-02
  0.376242E-02
  0.376249E-02
  0.376257E-02
  0.376264E-02
  0.376272E-02
  0.376280E-02
  0.376287E-02
  0.376295E-02
  0.376303E-02
  0.376310E-02
  0.376313E-02
  0.376307E-02
  0.376297E-02
  0.376286E-02
  0.376275E-02
  0.376265E-02
  0.376254E-02
  0.376243E-02
  0.376233E-02
  0.376222E-02
  0.376212E-02
  0.376201E-02
  0.376190E-02
  0.376180E-02
  0.376169E-02
  0.376158E-02
  0.376148E-02
  0.376137E-02
  0.376126E-02
  0.376116E-02
  0.376105E-02
  0.376094E-02
  0.376084E-02
  0.376073E-02
  0.376062E-02
  0.376052E-02
  0.376041E-02
  0.376030E-02
  0.376020E-02
  0.376009E-02
  0.375999E-02
  0.375988E-02
  0.375977E-02
  0.375967E-02
  0.375956E-02
  0.375945E-02
  0.375935E-02
  0.375924E-02
  0.375913E-02
  0.375903E-02
  0.375892E-02
  0.375881E-02
  0.375871E-02
  0.375860E-02
  0.375849E-02
  0.375839E-02
  0.375828E-02
  0.375818E-02
  0.375807E-02
  0.375796E-02
  0.375786E-02
  0.375775E-02
  0.375764E-02
  0.375754E-02
  0.375743E-02
  0.375732E-02
  0.375722E-02
  0.375711E-02
  0.375700E-02
  0.375690E-02
  0.375679E-02
  0.375668E-02
  0.375658E-02
  0.375647E-02
  0.375636E-02
  0.375626E-02
  0.375615E-02
  0.375605E-02
  0.375594E-02
  0.375583E-02
  0.375573E-02
  0.375562E-02
  0.375551E-02
  0.375541E-02
  0.375530E-02
  0.375519E-02
  0.375509E-02
  0.375498E-02
  0.375487E-02
  0.375477E-02
  0.375466E-02
  0.375455E-02
  0.375445E-02
  0.375434E-02
  0.375423E-02
  0.375413E-02
  0.375402E-02
  0.375392E-02
  0.375381E-02
  0.375370E-02
  0.375360E-02
  0.375349E-02
  0.375338E-02
  0.375328E-02
  0.375317E-02
  0.375306E-02
  0.375296E-02
  0.375285E-02
  0.375274E-02
  0.375264E-02
  0.375253E-02
  0.375242E-02
  0.375232E-02
  0.375221E-02
  0.375211E-02
  0.375200E-02
  0.375189E-02
  0.375179E-02
  0.375168E-02
  0.375157E-02
  0.375147E-02
  0.375136E-02
  0.375125E-02
  0.375115E-02
  0.375104E-02
  0.375093E-02
  0.375083E-02
  0.375072E-02
  0.375061E-02
  0.375051E-02
  0.375040E-02
  0.375029E-02
  0.375019E-02
  0.375008E-02
  0.374998E-02
  0.374987E-02
  0.374976E-02
  0.374966E-02
  0.374955E-02
  0.374944E-02
  0.374934E-02
  0.374923E-02
  0.374912E-02
  0.374902E-02
  0.374891E-02
  0.374880E-02
  0.374870E-02
  0.374859E-02
  0.374848E-02
  0.374838E-02
  0.374827E-02
  0.374817E-02
  0.374806E-02
  0.374795E-02
  0.374785E-02
  0.374774E-02
  0.374763E-02
  0.374753E-02
  0.374742E-02
  0.374731E-02
  0.374721E-02
  0.374710E-02
  0.374699E-02
  0.374689E-02
  0.374678E-02
  0.374667E-02
  0.374657E-02
  0.374646E-02
  0.374635E-02
  0.374625E-02
  0.374614E-02
  0.374604E-02
  0.374593E-02
  0.374582E-02
  0.374572E-02
  0.374561E-02
  0.374550E-02
  0.374540E-02
  0.374529E-02
  0.374518E-02
  0.374508E-02
  0.374497E-02
  0.374486E-02
  0.374476E-02
  0.374465E-02
  0.374454E-02
  0.374444E-02
  0.374433E-02
  0.374422E-02
  0.374412E-02
  0.374401E-02
  0.374391E-02
  0.374380E-02
  0.374369E-02
  0.374359E-02
  0.374348E-02
  0.374337E-02
  0.374327E-02
  0.374316E-02
  0.374305E-02
  0.374295E-02
  0.374284E-02
  0.374273E-02
  0.374263E-02
  0.374252E-02
  0.374241E-02
  0.374231E-02
  0.374220E-02
  0.374210E-02
  0.374199E-02
  0.374188E-02
  0.374178E-02
  0.374167E-02
  0.374156E-02
  0.374146E-02
  0.374135E-02
  0.374124E-02
  0.374114E-02
  0.374103E-02
  0.374092E-02
  0.374082E-02
  0.374071E-02
  0.374060E-02
  0.374050E-02
  0.374039E-02
  0.374028E-02
  0.374018E-02
  0.374007E-02
  0.373997E-02
  0.373986E-02
  0.373975E-02
  0.373965E-02
  0.373954E-02
  0.373943E-02
  0.373933E-02
  0.373920E-02
  0.373904E-02
  0.373886E-02
  0.373868E-02
  0.373850E-02
  0.373832E-02
  0.373814E-02
  0.373796E-02
  0.373778E-02
  0.373759E-02
  0.373741E-02
  0.373723E-02
  0.373705E-02
  0.373687E-02
  0.373669E-02
  0.373651E-02
  0.373633E-02
  0.373615E-02
  0.373597E-02
  0.373579E-02
  0.373561E-02
  0.373543E-02
  0.373525E-02
  0.373507E-02
  0.373489E-02
  0.373471E-02
  0.373452E-02
  0.373434E-02
  0.373416E-02
  0.373398E-02
  0.373380E-02
  0.373362E-02
  0.373344E-02
  0.373326E-02
  0.373308E-02
  0.373290E-02
  0.373272E-02
  0.373254E-02
  0.373236E-02
  0.373218E-02
  0.373200E-02
  0.373182E-02
  0.373164E-02
  0.373146E-02
  0.373127E-02
  0.373109E-02
  0.373091E-02
  0.373073E-02
  0.373055E-02
  0.373037E-02
  0.373019E-02
  0.373001E-02
  0.372983E-02
  0.372965E-02
  0.372947E-02
  0.372929E-02
  0.372911E-02
  0.372893E-02
  0.372875E-02
  0.372857E-02
  0.372839E-02
  0.372820E-02
  0.372802E-02
  0.372784E-02
  0.372766E-02
  0.372748E-02
  0.372730E-02
  0.372712E-02
  0.372694E-02
  0.372676E-02
  0.372658E-02
  0.372640E-02
  0.372622E-02
  0.372604E-02
  0.372586E-02
  0.372568E-02
  0.372550E-02
  0.372532E-02
  0.372513E-02
  0.372495E-02
  0.372477E-02
  0.372459E-02
  0.372441E-02
  0.372423E-02
  0.372405E-02
  0.372387E-02
  0.372369E-02
  0.372351E-02
  0.372333E-02
  0.372315E-02
  0.372297E-02
  0.372279E-02
  0.372261E-02
  0.372243E-02
  0.372225E-02
  0.372207E-02
  0.372188E-02
  0.372170E-02
  0.372152E-02
  0.372134E-02
  0.372116E-02
  0.372098E-02
  0.372080E-02
  0.372062E-02
  0.372044E-02
  0.372026E-02
  0.372008E-02
  0.371990E-02
  0.371972E-02
  0.371954E-02
  0.371936E-02
  0.371918E-02
  0.371900E-02
  0.371881E-02
  0.371863E-02
  0.371845E-02
  0.371827E-02
  0.371809E-02
  0.371791E-02
  0.371773E-02
  0.371755E-02
  0.371737E-02
  0.371719E-02
  0.371701E-02
  0.371683E-02
  0.371665E-02
  0.371647E-02
  0.371629E-02
  0.371611E-02
  0.371593E-02
  0.371574E-02
  0.371556E-02
  0.371538E-02
  0.371520E-02
  0.371502E-02
  0.371484E-02
  0.371466E-02
  0.371448E-02
  0.371430E-02
  0.371412E-02
  0.371394E-02
  0.371376E-02
  0.371358E-02
  0.371340E-02
  0.371322E-02
  0.371304E-02
  0.371286E-02
  0.371268E-02
  0.371249E-02
  0.371231E-02
  0.371213E-02
  0.371195E-02
  0.371177E-02
  0.371159E-02
  0.371141E-02
  0.371123E-02
  0.371105E-02
  0.371087E-02
  0.371069E-02
  0.371051E-02
  0.371033E-02
  0.371015E-02
  0.370997E-02
  0.370979E-02
  0.370961E-02
  0.370942E-02
  0.370924E-02
  0.370906E-02
  0.370888E-02
  0.370870E-02
  0.370852E-02
  0.370834E-02
  0.370816E-02
  0.370798E-02
  0.370780E-02
  0.370762E-02
  0.370744E-02
  0.370726E-02
  0.370708E-02
  0.370690E-02
  0.370672E-02
  0.370654E-02
  0.370635E-02
  0.370617E-02
  0.370599E-02
  0.370581E-02
  0.370563E-02
  0.370545E-02
  0.370527E-02
  0.370509E-02
  0.370491E-02
  0.370473E-02
  0.370455E-02
  0.370437E-02
  0.370419E-02
  0.370401E-02
  0.370383E-02
  0.370365E-02
  0.370347E-02
  0.370329E-02
  0.370310E-02
  0.370292E-02
  0.370274E-02
  0.370256E-02
  0.370238E-02
  0.370220E-02
  0.370202E-02
  0.370184E-02
  0.370166E-02
  0.370148E-02
  0.370130E-02
  0.370112E-02
  0.370094E-02
  0.370076E-02
  0.370058E-02
  0.370040E-02
  0.370022E-02
  0.370003E-02
  0.369985E-02
  0.369967E-02
  0.369949E-02
  0.369931E-02
  0.369913E-02
  0.369895E-02
  0.369877E-02
  0.369864E-02
  0.369858E-02
  0.369858E-02
  0.369857E-02
  0.369857E-02
  0.369856E-02
  0.369856E-02
  0.369855E-02
  0.369855E-02
  0.369854E-02
  0.369854E-02
  0.369853E-02
  0.369852E-02
  0.369852E-02
  0.369851E-02
  0.369851E-02
  0.369850E-02
  0.369850E-02
  0.369849E-02
  0.369849E-02
  0.369848E-02
  0.369848E-02
  0.369847E-02
  0.369846E-02
  0.369846E-02
  0.369845E-02
  0.369845E-02
  0.369844E-02
  0.369844E-02
  0.369843E-02
  0.369843E-02
  0.369842E-02
  0.369842E-02
  0.369841E-02
  0.369840E-02
  0.369840E-02
  0.369839E-02
  0.369839E-02
  0.369838E-02
  0.369838E-02
  0.369837E-02
  0.369837E-02
  0.369836E-02
  0.369835E-02
  0.369835E-02
  0.369834E-02
  0.369834E-02
  0.369833E-02
  0.369833E-02
  0.369832E-02
  0.369832E-02
  0.369831E-02
  0.369831E-02
  0.369830E-02
  0.369829E-02
  0.369829E-02
  0.369828E-02
  0.369828E-02
  0.369827E-02
  0.369827E-02
  0.369826E-02
  0.369826E-02
  0.369825E-02
  0.369825E-02
  0.369824E-02
  0.369823E-02
  0.369823E-02
  0.369822E-02
  0.369822E-02
  0.369821E-02
  0.369821E-02
  0.369820E-02
  0.369820E-02
  0.369819E-02
  0.369819E-02
  0.369818E-02
  0.369817E-02
  0.369817E-02
  0.369816E-02
  0.369816E-02
  0.369815E-02
  0.369815E-02
  0.369814E-02
  0.369814E-02
  0.369813E-02
  0.369813E-02
  0.369812E-02
  0.369811E-02
  0.369811E-02
  0.369810E-02
  0.369810E-02
  0.369809E-02
  0.369809E-02
  0.369808E-02
  0.369808E-02
  0.369807E-02
  0.369807E-02
  0.369806E-02
  0.369805E-02
  0.369805E-02
  0.369804E-02
  0.369804E-02
  0.369803E-02
  0.369803E-02
  0.369802E-02
  0.369802E-02
  0.369801E-02
  0.369801E-02
  0.369800E-02
  0.369799E-02
  0.369799E-02
  0.369798E-02
  0.369798E-02
  0.369797E-02
  0.369797E-02
  0.369796E-02
  0.369796E-02
  0.369795E-02
  0.369794E-02
  0.369794E-02
  0.369793E-02
  0.369793E-02
  0.369792E-02
  0.369792E-02
  0.369791E-02
  0.369791E-02
  0.369790E-02
  0.369790E-02
  0.369789E-02
  0.369788E-02
  0.369788E-02
  0.369787E-02
  0.369787E-02
  0.369786E-02
  0.369786E-02
  0.369785E-02
  0.369785E-02
  0.369784E-02
  0.369784E-02
  0.369783E-02
  0.369782E-02
  0.369782E-02
  0.369781E-02
  0.369781E-02
  0.369780E-02
  0.369780E-02
  0.369779E-02
  0.369779E-02
  0.369778E-02
  0.369778E-02
  0.369777E-02
  0.369776E-02
  0.369776E-02
  0.369775E-02
  0.369775E-02
  0.369774E-02
  0.369774E-02
  0.369773E-02
  0.369773E-02
  0.369772E-02
  0.369772E-02
  0.369771E-02
  0.369770E-02
  0.369770E-02
  0.369769E-02
  0.369769E-02
  0.369768E-02
  0.369768E-02
  0.369767E-02
  0.369767E-02
  0.369766E-02
  0.369766E-02
  0.369765E-02
  0.369764E-02
  0.369764E-02
  0.369763E-02
  0.369763E-02
  0.369762E-02
  0.369762E-02
  0.369761E-02
  0.369761E-02
  0.369760E-02
  0.369760E-02
  0.369759E-02
  0.369758E-02
  0.369758E-02
  0.369757E-02
  0.369757E-02
  0.369756E-02
  0.369756E-02
  0.369755E-02
  0.369755E-02
  0.369754E-02
  0.369753E-02
  0.369753E-02
  0.369752E-02
  0.369752E-02
  0.369751E-02
  0.369751E-02
  0.369750E-02
  0.369750E-02
  0.369749E-02
  0.369749E-02
  0.369748E-02
  0.369747E-02
  0.369747E-02
  0.369746E-02
  0.369746E-02
  0.369745E-02
  0.369745E-02
  0.369744E-02
  0.369744E-02
  0.369743E-02
  0.369743E-02
  0.369742E-02
  0.369741E-02
  0.369741E-02
  0.369740E-02
  0.369740E-02
  0.369739E-02
  0.369739E-02
  0.369738E-02
  0.369738E-02
  0.369737E-02
  0.369737E-02
  0.369741E-02
  0.369752E-02
  0.369768E-02
  0.369783E-02
  0.369799E-02
  0.369815E-02
  0.369831E-02
  0.369847E-02
  0.369862E-02
  0.369878E-02
  0.369894E-02
  0.369910E-02
  0.369925E-02
  0.369941E-02
  0.369957E-02
  0.369973E-02
  0.369989E-02
  0.370004E-02
  0.370020E-02
  0.370036E-02
  0.370052E-02
  0.370068E-02
  0.370083E-02
  0.370099E-02
  0.370115E-02
  0.370131E-02
  0.370147E-02
  0.370162E-02
  0.370178E-02
  0.370194E-02
  0.370210E-02
  0.370226E-02
  0.370241E-02
  0.370257E-02
  0.370273E-02
  0.370289E-02
  0.370304E-02
  0.370320E-02
  0.370336E-02
  0.370352E-02
  0.370368E-02
  0.370383E-02
  0.370399E-02
  0.370415E-02
  0.370431E-02
  0.370447E-02
  0.370462E-02
  0.370478E-02
  0.370494E-02
  0.370510E-02
  0.370526E-02
  0.370541E-02
  0.370557E-02
  0.370573E-02
  0.370589E-02
  0.370605E-02
  0.370620E-02
  0.370636E-02
  0.370652E-02
  0.370668E-02
  0.370683E-02
  0.370699E-02
  0.370715E-02
  0.370731E-02
  0.370747E-02
  0.370762E-02
  0.370778E-02
  0.370794E-02
  0.370810E-02
  0.370826E-02
  0.370841E-02
  0.370857E-02
  0.370873E-02
  0.370889E-02
  0.370905E-02
  0.370920E-02
  0.370936E-02
  0.370952E-02
  0.370968E-02
  0.370983E-02
  0.370999E-02
  0.371015E-02
  0.371031E-02
  0.371047E-02
  0.371062E-02
  0.371078E-02
  0.371094E-02
  0.371110E-02
  0.371126E-02
  0.371141E-02
  0.371157E-02
  0.371173E-02
  0.371189E-02
  0.371205E-02
  0.371220E-02
  0.371236E-02
  0.371252E-02
  0.371268E-02
  0.371284E-02
  0.371299E-02
  0.371315E-02
  0.371331E-02
  0.371347E-02
  0.371362E-02
  0.371378E-02
  0.371394E-02
  0.371410E-02
  0.371426E-02
  0.371441E-02
  0.371457E-02
  0.371473E-02
  0.371489E-02
  0.371505E-02
  0.371520E-02
  0.371536E-02
  0.371552E-02
  0.371568E-02
  0.371584E-02
  0.371599E-02
  0.371615E-02
  0.371631E-02
  0.371647E-02
  0.371663E-02
  0.371678E-02
  0.371694E-02
  0.371710E-02
  0.371726E-02
  0.371741E-02
  0.371757E-02
  0.371773E-02
  0.371789E-02
  0.371805E-02
  0.371820E-02
  0.371836E-02
  0.371852E-02
  0.371868E-02
  0.371884E-02
  0.371899E-02
  0.371915E-02
  0.371931E-02
  0.371947E-02
  0.371963E-02
  0.371978E-02
  0.371994E-02
  0.372010E-02
  0.372026E-02
  0.372042E-02
  0.372057E-02
  0.372073E-02
  0.372089E-02
  0.372105E-02
  0.372120E-02
  0.372136E-02
  0.372152E-02
  0.372168E-02
  0.372184E-02
  0.372199E-02
  0.372215E-02
  0.372231E-02
  0.372247E-02
  0.372263E-02
  0.372278E-02
  0.372294E-02
  0.372310E-02
  0.372326E-02
  0.372342E-02
  0.372357E-02
  0.372373E-02
  0.372389E-02
  0.372405E-02
  0.372420E-02
  0.372436E-02
  0.372452E-02
  0.372468E-02
  0.372484E-02
  0.372499E-02
  0.372515E-02
  0.372531E-02
  0.372547E-02
  0.372563E-02
  0.372578E-02
  0.372594E-02
  0.372610E-02
  0.372626E-02
  0.372642E-02
  0.372657E-02
  0.372673E-02
  0.372689E-02
  0.372705E-02
  0.372721E-02
  0.372736E-02
  0.372752E-02
  0.372768E-02
  0.372784E-02
  0.372799E-02
  0.372815E-02
  0.372831E-02
  0.372847E-02
  0.372863E-02
  0.372878E-02
  0.372894E-02
  0.372910E-02
  0.372926E-02
  0.372942E-02
  0.372957E-02
  0.372973E-02
  0.372989E-02
  0.373005E-02
  0.373021E-02
  0.373036E-02
  0.373052E-02
  0.373068E-02
  0.373084E-02
  0.373100E-02
  0.373115E-02
  0.373131E-02
  0.373147E-02
  0.373163E-02
  0.373178E-02
  0.373194E-02
  0.373210E-02
  0.373226E-02
  0.373242E-02
  0.373257E-02
  0.373273E-02
  0.373287E-02
  0.373300E-02
  0.373310E-02
  0.373321E-02
  0.373331E-02
  0.373342E-02
  0.373353E-02
  0.373363E-02
  0.373374E-02
  0.373385E-02
  0.373395E-02
  0.373406E-02
  0.373416E-02
  0.373427E-02
  0.373438E-02
  0.373448E-02
  0.373459E-02
  0.373470E-02
  0.373480E-02
  0.373491E-02
  0.373501E-02
  0.373512E-02
  0.373523E-02
  0.373533E-02
  0.373544E-02
  0.373555E-02
  0.373565E-02
  0.373576E-02
  0.373586E-02
  0.373597E-02
  0.373608E-02
  0.373618E-02
  0.373629E-02
  0.373640E-02
  0.373650E-02
  0.373661E-02
  0.373671E-02
  0.373682E-02
  0.373693E-02
  0.373703E-02
  0.373714E-02
  0.373725E-02
  0.373735E-02
  0.373746E-02
  0.373756E-02
  0.373767E-02
  0.373778E-02
  0.373788E-02
  0.373799E-02
  0.373809E-02
  0.373820E-02
  0.373831E-02
  0.373841E-02
  0.373852E-02
  0.373863E-02
  0.373873E-02
  0.373884E-02
  0.373894E-02
  0.373905E-02
  0.373916E-02
  0.373926E-02
  0.373937E-02
  0.373948E-02
  0.373958E-02
  0.373969E-02
  0.373979E-02
  0.373990E-02
  0.374001E-02
  0.374011E-02
  0.374022E-02
  0.374033E-02
  0.374043E-02
  0.374054E-02
  0.374064E-02
  0.374075E-02
  0.374086E-02
  0.374096E-02
  0.374107E-02
  0.374118E-02
  0.374128E-02
  0.374139E-02
  0.374149E-02
  0.374160E-02
  0.374171E-02
  0.374181E-02
  0.374192E-02
  0.374203E-02
  0.374213E-02
  0.374224E-02
  0.374234E-02
  0.374245E-02
  0.374256E-02
  0.374266E-02
  0.374277E-02
  0.374287E-02
  0.374298E-02
  0.374309E-02
  0.374319E-02
  0.374330E-02
  0.374341E-02
  0.374351E-02
  0.374362E-02
  0.374372E-02
  0.374383E-02
  0.374394E-02
  0.374404E-02
  0.374415E-02
  0.374426E-02
  0.374436E-02
  0.374447E-02
  0.374457E-02
  0.374468E-02
  0.374479E-02
  0.374489E-02
  0.374500E-02
  0.374511E-02
  0.374521E-02
  0.374532E-02
  0.374542E-02
  0.374553E-02
  0.374564E-02
  0.374574E-02
  0.374585E-02
  0.374596E-02
  0.374606E-02
  0.374617E-02
  0.374627E-02
  0.374638E-02
  0.374649E-02
  0.374659E-02
  0.374670E-02
  0.374681E-02
  0.374691E-02
  0.374702E-02
  0.374712E-02
  0.374723E-02
  0.374734E-02
  0.374744E-02
  0.374755E-02
  0.374765E-02
  0.374776E-02
  0.374787E-02
  0.374797E-02
  0.374808E-02
  0.374819E-02
  0.374829E-02
  0.374840E-02
  0.374850E-02
  0.374861E-02
  0.374872E-02
  0.374882E-02
  0.374893E-02
  0.374904E-02
  0.374914E-02
  0.374925E-02
  0.374935E-02
  0.374946E-02
  0.374957E-02
  0.374967E-02
  0.374978E-02
  0.374989E-02
  0.374999E-02
  0.375010E-02
  0.375020E-02
  0.375031E-02
  0.375042E-02
  0.375052E-02
  0.375063E-02
  0.375074E-02
  0.375084E-02
  0.375095E-02
  0.375105E-02
  0.375116E-02
  0.375127E-02
  0.375137E-02
  0.375148E-02
  0.375159E-02
  0.375169E-02
  0.375180E-02
  0.375190E-02
  0.375201E-02
  0.375212E-02
  0.375222E-02
  0.375233E-02
  0.375243E-02
  0.375254E-02
  0.375265E-02
  0.375275E-02
  0.375286E-02
  0.375297E-02
  0.375307E-02
  0.375318E-02
  0.375328E-02
  0.375339E-02
  0.375350E-02
  0.375360E-02
  0.375371E-02
  0.375382E-02
  0.375392E-02
  0.375403E-02
  0.375413E-02
  0.375424E-02
  0.375435E-02
  0.375445E-02
  0.375456E-02
  0.375467E-02
  0.375477E-02
  0.375488E-02
  0.375498E-02
  0.375509E-02
  0.375520E-02
  0.375530E-02
  0.375541E-02
  0.375552E-02
  0.375562E-02
  0.375573E-02
  0.375583E-02
  0.375594E-02
  0.375605E-02
  0.375615E-02
  0.375626E-02
  0.375637E-02
  0.375647E-02
  0.375658E-02
  0.375668E-02
  0.375677E-02
  0.375682E-02
  0.375685E-02
  0.375689E-02
  0.375692E-02
  0.375695E-02
  0.375698E-02
  0.375701E-02
  0.375704E-02
  0.375708E-02
  0.375711E-02
  0.375714E-02
  0.375717E-02
  0.375720E-02
  0.375723E-02
  0.375727E-02
  0.375730E-02
  0.375733E-02
  0.375736E-02
  0.375739E-02
  0.375742E-02
  0.375746E-02
  0.375749E-02
  0.375752E-02
  0.375755E-02
  0.375758E-02
  0.375761E-02
  0.375765E-02
  0.375768E-02
  0.375771E-02
  0.375774E-02
  0.375777E-02
  0.375780E-02
  0.375784E-02
  0.375787E-02
  0.375790E-02
  0.375793E-02
  0.375796E-02
  0.375799E-02
  0.375803E-02
  0.375806E-02
  0.375809E-02
  0.375812E-02
  0.375815E-02
  0.375818E-02
  0.375822E-02
  0.375825E-02
  0.375828E-02
  0.375831E-02
  0.375834E-02
  0.375837E-02
  0.375841E-02
  0.375844E-02
  0.375847E-02
  0.375850E-02
  0.375853E-02
  0.375856E-02
  0.375860E-02
  0.375863E-02
  0.375866E-02
  0.375869E-02
  0.375872E-02
  0.375875E-02
  0.375879E-02
  0.375882E-02
  0.375885E-02
  0.375888E-02
  0.375891E-02
  0.375894E-02
  0.375898E-02
  0.375901E-02
  0.375904E-02
  0.375907E-02
  0.375910E-02
  0.375913E-02
  0.375917E-02
  0.375920E-02
  0.375923E-02
  0.375926E-02
  0.375929E-02
  0.375933E-02
  0.375936E-02
  0.375939E-02
  0.375942E-02
  0.375945E-02
  0.375948E-02
  0.375952E-02
  0.375955E-02
  0.375958E-02
  0.375961E-02
  0.375964E-02
  0.375967E-02
  0.375971E-02
  0.375974E-02
  0.375977E-02
  0.375980E-02
  0.375983E-02
  0.375986E-02
  0.375990E-02
  0.375993E-02
  0.375996E-02
  0.375999E-02
  0.376002E-02
  0.376005E-02
  0.376009E-02
  0.376012E-02
  0.376015E-02
  0.376018E-02
  0.376021E-02
  0.376024E-02
  0.376028E-02
  0.376031E-02
  0.376034E-02
  0.376037E-02
  0.376040E-02
  0.376043E-02
  0.376047E-02
  0.376050E-02
  0.376053E-02
  0.376056E-02
  0.376059E-02
  0.376062E-02
  0.376066E-02
  0.376069E-02
  0.376072E-02
  0.376075E-02
  0.376078E-02
  0.376081E-02
  0.376085E-02
  0.376088E-02
  0.376091E-02
  0.376094E-02
  0.376097E-02
  0.376100E-02
  0.376104E-02
  0.376107E-02
  0.376110E-02
  0.376113E-02
  0.376116E-02
  0.376119E-02
  0.376123E-02
  0.376126E-02
  0.376129E-02
  0.376132E-02
  0.376135E-02
  0.376138E-02
  0.376142E-02
  0.376145E-02
  0.376148E-02
  0.376151E-02
  0.376154E-02
  0.376158E-02
  0.376161E-02
  0.376164E-02
  0.376167E-02
  0.376170E-02
  0.376173E-02
  0.376177E-02
  0.376180E-02
  0.376183E-02
  0.376186E-02
  0.376189E-02
  0.376192E-02
  0.376196E-02
  0.376199E-02
  0.376202E-02
  0.376205E-02
  0.376208E-02
  0.376211E-02
  0.376215E-02
  0.376218E-02
  0.376221E-02
  0.376224E-02
  0.376227E-02
  0.376230E-02
  0.376234E-02
  0.376237E-02
  0.376240E-02
  0.376243E-02
  0.376246E-02
  0.376249E-02
  0.376253E-02
  0.376256E-02
  0.376259E-02
  0.376262E-02
  0.376265E-02
  0.376268E-02
  0.376272E-02
  0.376275E-02
  0.376278E-02
  0.376281E-02
  0.376284E-02
  0.376287E-02
  0.376291E-02
  0.376294E-02
  0.376297E-02
  0.376300E-02
  0.376303E-02
  0.376306E-02
  0.376310E-02
  0.376313E-02
  0.376316E-02
  0.376319E-02
  0.376322E-02
  0.376325E-02
  0.376329E-02
  0.376332E-02
  0.376335E-02
  0.376338E-02
  0.376341E-02
  0.376344E-02
  0.376348E-02
  0.376351E-02
  0.376354E-02
  0.376357E-02
  0.376360E-02
  0.376363E-02
  0.376367E-02
  0.376370E-02
  0.376373E-02
  0.376376E-02
  0.376379E-02
  0.376382E-02
  0.376386E-02
  0.376389E-02
  0.376394E-02
  0.376402E-02
  0.376413E-02
  0.376423E-02
  0.376434E-02
  0.376444E-02
  0.376455E-02
  0.376465E-02
  0.376476E-02
  0.376486E-02
  0.376496E-02
  0.376507E-02
  0.376517E-02
  0.376528E-02
  0.376538E-02
  0.376549E-02
  0.376559E-02
  0.376570E-02
  0.376580E-02
  0.376591E-02
  0.376601E-02
  0.376611E-02
  0.376622E-02
  0.376632E-02
  0.376643E-02
  0.376653E-02
  0.376664E-02
  0.376674E-02
  0.376685E-02
  0.376695E-02
  0.376705E-02
  0.376716E-02
  0.376726E-02
  0.376737E-02
  0.376747E-02
  0.376758E-02
  0.376768E-02
  0.376779E-02
  0.376789E-02
  0.376800E-02
  0.376810E-02
  0.376820E-02
  0.376831E-02
  0.376841E-02
  0.376852E-02
  0.376862E-02
  0.376873E-02
  0.376883E-02
  0.376894E-02
  0.376904E-02
  0.376914E-02
  0.376925E-02
  0.376935E-02
  0.376946E-02
  0.376956E-02
  0.376967E-02
  0.376977E-02
  0.376988E-02
  0.376998E-02
  0.377008E-02
  0.377019E-02
  0.377029E-02
  0.377040E-02
  0.377050E-02
  0.377061E-02
  0.377071E-02
  0.377082E-02
  0.377092E-02
  0.377103E-02
  0.377113E-02
  0.377123E-02
  0.377134E-02
  0.377144E-02
  0.377155E-02
  0.377165E-02
  0.377176E-02
  0.377186E-02
  0.377197E-02
  0.377207E-02
  0.377217E-02
  0.377228E-02
  0.377238E-02
  0.377249E-02
  0.377259E-02
  0.377270E-02
  0.377280E-02
  0.377291E-02
  0.377301E-02
  0.377312E-02
  0.377322E-02
  0.377332E-02
  0.377343E-02
  0.377353E-02
  0.377364E-02
  0.377374E-02
  0.377385E-02
  0.377395E-02
  0.377406E-02
  0.377416E-02
  0.377426E-02
  0.377437E-02
  0.377447E-02
  0.377458E-02
  0.377468E-02
  0.377479E-02
  0.377489E-02
  0.377500E-02
  0.377510E-02
  0.377520E-02
  0.377531E-02
  0.377541E-02
  0.377552E-02
  0.377562E-02
  0.377573E-02
  0.377583E-02
  0.377594E-02
  0.377604E-02
  0.377615E-02
  0.377625E-02
  0.377635E-02
  0.377646E-02
  0.377656E-02
  0.377667E-02
  0.377677E-02
  0.377688E-02
  0.377698E-02
  0.377709E-02
  0.377719E-02
  0.377729E-02
  0.377740E-02
  0.377750E-02
  0.377761E-02
  0.377771E-02
  0.377782E-02
  0.377792E-02
  0.377803E-02
  0.377813E-02
  0.377823E-02
  0.377834E-02
  0.377844E-02
  0.377855E-02
  0.377865E-02
  0.377876E-02
  0.377886E-02
  0.377897E-02
  0.377907E-02
  0.377918E-02
  0.377928E-02
  0.377938E-02
  0.377949E-02
  0.377959E-02
  0.377970E-02
  0.377980E-02
  0.377991E-02
  0.378001E-02
  0.378012E-02
  0.378022E-02
  0.378032E-02
  0.378043E-02
  0.378053E-02
  0.378064E-02
  0.378074E-02
  0.378085E-02
  0.378095E-02
  0.378106E-02
  0.378116E-02
  0.378127E-02
  0.378137E-02
  0.378147E-02
  0.378158E-02
  0.378168E-02
  0.378179E-02
  0.378189E-02
  0.378200E-02
  0.378210E-02
  0.378221E-02
  0.378231E-02
  0.378241E-02
  0.378252E-02
  0.378262E-02
  0.378273E-02
  0.378283E-02
  0.378294E-02
  0.378304E-02
  0.378315E-02
  0.378325E-02
  0.378335E-02
  0.378346E-02
  0.378356E-02
  0.378367E-02
  0.378377E-02
  0.378388E-02
  0.378398E-02
  0.378409E-02
  0.378419E-02
  0.378430E-02
  0.378440E-02
  0.378450E-02
  0.378461E-02
  0.378471E-02
  0.378482E-02
  0.378492E-02
  0.378503E-02
  0.378513E-02
  0.378524E-02
  0.378534E-02
  0.378544E-02
  0.378555E-02
  0.378565E-02
  0.378576E-02
  0.378586E-02
  0.378597E-02
  0.378607E-02
  0.378618E-02
  0.378628E-02
  0.378639E-02
  0.378649E-02
  0.378659E-02
  0.378670E-02
  0.378680E-02
  0.378691E-02
  0.378701E-02
  0.378712E-02
  0.378722E-02
  0.378733E-02
  0.378745E-02
  0.378758E-02
  0.378774E-02
  0.378789E-02
  0.378805E-02
  0.378820E-02
  0.378836E-02
  0.378851E-02
  0.378867E-02
  0.378882E-02
  0.378898E-02
  0.378913E-02
  0.378929E-02
  0.378944E-02
  0.378960E-02
  0.378975E-02
  0.378991E-02
  0.379006E-02
  0.379021E-02
  0.379037E-02
  0.379052E-02
  0.379068E-02
  0.379083E-02
  0.379099E-02
  0.379114E-02
  0.379130E-02
  0.379145E-02
  0.379161E-02
  0.379176E-02
  0.379192E-02
  0.379207E-02
  0.379223E-02
  0.379238E-02
  0.379254E-02
  0.379269E-02
  0.379284E-02
  0.379300E-02
  0.379315E-02
  0.379331E-02
  0.379346E-02
  0.379362E-02
  0.379377E-02
  0.379393E-02
  0.379408E-02
  0.379424E-02
  0.379439E-02
  0.379455E-02
  0.379470E-02
  0.379486E-02
  0.379501E-02
  0.379517E-02
  0.379532E-02
  0.379547E-02
  0.379563E-02
  0.379578E-02
  0.379594E-02
  0.379609E-02
  0.379625E-02
  0.379640E-02
  0.379656E-02
  0.379671E-02
  0.379687E-02
  0.379702E-02
  0.379718E-02
  0.379733E-02
  0.379749E-02
  0.379764E-02
  0.379780E-02
  0.379795E-02
  0.379811E-02
  0.379826E-02
  0.379841E-02
  0.379857E-02
  0.379872E-02
  0.379888E-02
  0.379903E-02
  0.379919E-02
  0.379934E-02
  0.379950E-02
  0.379965E-02
  0.379981E-02
  0.379996E-02
  0.380012E-02
  0.380027E-02
  0.380043E-02
  0.380058E-02
  0.380074E-02
  0.380089E-02
  0.380104E-02
  0.380120E-02
  0.380135E-02
  0.380151E-02
  0.380166E-02
  0.380182E-02
  0.380197E-02
  0.380213E-02
  0.380228E-02
  0.380244E-02
  0.380259E-02
  0.380275E-02
  0.380290E-02
  0.380306E-02
  0.380321E-02
  0.380337E-02
  0.380352E-02
  0.380367E-02
  0.380383E-02
  0.380398E-02
  0.380414E-02
  0.380429E-02
  0.380445E-02
  0.380460E-02
  0.380476E-02
  0.380491E-02
  0.380507E-02
  0.380522E-02
  0.380538E-02
  0.380553E-02
  0.380569E-02
  0.380584E-02
  0.380600E-02
  0.380615E-02
  0.380630E-02
  0.380646E-02
  0.380661E-02
  0.380677E-02
  0.380692E-02
  0.380708E-02
  0.380723E-02
  0.380739E-02
  0.380754E-02
  0.380770E-02
  0.380785E-02
  0.380801E-02
  0.380816E-02
  0.380832E-02
  0.380847E-02
  0.380863E-02
  0.380878E-02
  0.380893E-02
  0.380909E-02
  0.380924E-02
  0.380940E-02
  0.380955E-02
  0.380971E-02
  0.380986E-02
  0.381002E-02
  0.381017E-02
  0.381033E-02
  0.381048E-02
  0.381064E-02
  0.381079E-02
  0.381095E-02
  0.381110E-02
  0.381126E-02
  0.381141E-02
  0.381156E-02
  0.381172E-02
  0.381187E-02
  0.381203E-02
  0.381218E-02
  0.381234E-02
  0.381249E-02
  0.381265E-02
  0.381280E-02
  0.381296E-02
  0.381311E-02
  0.381327E-02
  0.381342E-02
  0.381358E-02
  0.381373E-02
  0.381389E-02
  0.381404E-02
  0.381420E-02
  0.381435E-02
  0.381450E-02
  0.381466E-02
  0.381481E-02
  0.381497E-02
  0.381512E-02
  0.381528E-02
  0.381543E-02
  0.381559E-02
  0.381574E-02
  0.381590E-02
  0.381605E-02
  0.381621E-02
  0.381636E-02
  0.381652E-02
  0.381667E-02
  0.381683E-02
  0.381698E-02
  0.381713E-02
  0.381729E-02
  0.381744E-02
  0.381760E-02
  0.381775E-02
  0.381791E-02
  0.381806E-02
  0.381822E-02
  0.381837E-02
  0.381853E-02
  0.381868E-02
  0.381884E-02
  0.381899E-02
  0.381915E-02
  0.381930E-02
  0.381946E-02
  0.381961E-02
  0.381976E-02
  0.381992E-02
  0.382007E-02
  0.382023E-02
  0.382038E-02
  0.382054E-02
  0.382069E-02
  0.382085E-02
  0.382100E-02
  0.382116E-02
  0.382131E-02
  0.382147E-02
  0.382162E-02
  0.382178E-02
  0.382193E-02
  0.382209E-02
  0.382223E-02
  0.382235E-02
  0.382247E-02
  0.382258E-02
  0.382270E-02
  0.382281E-02
  0.382292E-02
  0.382304E-02
  0.382315E-02
  0.382327E-02
  0.382338E-02
  0.382349E-02
  0.382361E-02
  0.382372E-02
  0.382384E-02
  0.382395E-02
  0.382406E-02
  0.382418E-02
  0.382429E-02
  0.382441E-02
  0.382452E-02
  0.382463E-02
  0.382475E-02
  0.382486E-02
  0.382497E-02
  0.382509E-02
  0.382520E-02
  0.382532E-02
  0.382543E-02
  0.382554E-02
  0.382566E-02
  0.382577E-02
  0.382589E-02
  0.382600E-02
  0.382611E-02
  0.382623E-02
  0.382634E-02
  0.382646E-02
  0.382657E-02
  0.382668E-02
  0.382680E-02
  0.382691E-02
  0.382703E-02
  0.382714E-02
  0.382725E-02
  0.382737E-02
  0.382748E-02
  0.382760E-02
  0.382771E-02
  0.382782E-02
  0.382794E-02
  0.382805E-02
  0.382817E-02
  0.382828E-02
  0.382839E-02
  0.382851E-02
  0.382862E-02
  0.382874E-02
  0.382885E-02
  0.382896E-02
  0.382908E-02
  0.382919E-02
  0.382931E-02
  0.382942E-02
  0.382953E-02
  0.382965E-02
  0.382976E-02
  0.382988E-02
  0.382999E-02
  0.383010E-02
  0.383022E-02
  0.383033E-02
  0.383044E-02
  0.383056E-02
  0.383067E-02
  0.383079E-02
  0.383090E-02
  0.383101E-02
  0.383113E-02
  0.383124E-02
  0.383136E-02
  0.383147E-02
  0.383158E-02
  0.383170E-02
  0.383181E-02
  0.383193E-02
  0.383204E-02
  0.383215E-02
  0.383227E-02
  0.383238E-02
  0.383250E-02
  0.383261E-02
  0.383272E-02
  0.383284E-02
  0.383295E-02
  0.383307E-02
  0.383318E-02
  0.383329E-02
  0.383341E-02
  0.383352E-02
  0.383364E-02
  0.383375E-02
  0.383386E-02
  0.383398E-02
  0.383409E-02
  0.383421E-02
  0.383432E-02
  0.383443E-02
  0.383455E-02
  0.383466E-02
  0.383478E-02
  0.383489E-02
  0.383500E-02
  0.383512E-02
  0.383523E-02
  0.383534E-02
  0.383546E-02
  0.383557E-02
  0.383569E-02
  0.383580E-02
  0.383591E-02
  0.383603E-02
  0.383614E-02
  0.383626E-02
  0.383637E-02
  0.383648E-02
  0.383660E-02
  0.383671E-02
  0.383683E-02
  0.383694E-02
  0.383705E-02
  0.383717E-02
  0.383728E-02
  0.383740E-02
  0.383751E-02
  0.383762E-02
  0.383774E-02
  0.383785E-02
  0.383797E-02
  0.383808E-02
  0.383819E-02
  0.383831E-02
  0.383842E-02
  0.383854E-02
  0.383865E-02
  0.383876E-02
  0.383888E-02
  0.383899E-02
  0.383911E-02
  0.383922E-02
  0.383933E-02
  0.383945E-02
  0.383956E-02
  0.383968E-02
  0.383979E-02
  0.383990E-02
  0.384002E-02
  0.384013E-02
  0.384024E-02
  0.384036E-02
  0.384047E-02
  0.384059E-02
  0.384070E-02
  0.384081E-02
  0.384093E-02
  0.384104E-02
  0.384116E-02
  0.384127E-02
  0.384138E-02
  0.384150E-02
  0.384161E-02
  0.384173E-02
  0.384184E-02
  0.384195E-02
  0.384207E-02
  0.384218E-02
  0.384230E-02
  0.384241E-02
  0.384252E-02
  0.384264E-02
  0.384275E-02
  0.384287E-02
  0.384298E-02
  0.384309E-02
  0.384321E-02
  0.384332E-02
  0.384344E-02
  0.384355E-02
  0.384366E-02
  0.384378E-02
  0.384389E-02
  0.384401E-02
  0.384412E-02
  0.384423E-02
  0.384435E-02
  0.384446E-02
  0.384458E-02
  0.384469E-02
  0.384480E-02
  0.384492E-02
  0.384503E-02
  0.384515E-02
  0.384526E-02
  0.384537E-02
  0.384549E-02
  0.384560E-02
  0.384571E-02
  0.384583E-02
  0.384594E-02
  0.384606E-02
  0.384617E-02
  0.384628E-02
  0.384640E-02
  0.384651E-02
  0.384663E-02
  0.384674E-02
  0.384685E-02
  0.384697E-02
  0.384708E-02
  0.384720E-02
  0.384731E-02
  0.384742E-02
  0.384754E-02
  0.384765E-02
  0.384777E-02
  0.384782E-02
  0.384781E-02
  0.384773E-02
  0.384766E-02
  0.384759E-02
  0.384752E-02
  0.384744E-02
  0.384737E-02
  0.384730E-02
  0.384722E-02
  0.384715E-02
  0.384708E-02
  0.384700E-02
  0.384693E-02
  0.384686E-02
  0.384679E-02
  0.384671E-02
  0.384664E-02
  0.384657E-02
  0.384649E-02
  0.384642E-02
  0.384635E-02
  0.384627E-02
  0.384620E-02
  0.384613E-02
  0.384606E-02
  0.384598E-02
  0.384591E-02
  0.384584E-02
  0.384576E-02
  0.384569E-02
  0.384562E-02
  0.384554E-02
  0.384547E-02
  0.384540E-02
  0.384533E-02
  0.384525E-02
  0.384518E-02
  0.384511E-02
  0.384503E-02
  0.384496E-02
  0.384489E-02
  0.384481E-02
  0.384474E-02
  0.384467E-02
  0.384460E-02
  0.384452E-02
  0.384445E-02
  0.384438E-02
  0.384430E-02
  0.384423E-02
  0.384416E-02
  0.384409E-02
  0.384401E-02
  0.384394E-02
  0.384387E-02
  0.384379E-02
  0.384372E-02
  0.384365E-02
  0.384357E-02
  0.384350E-02
  0.384343E-02
  0.384336E-02
  0.384328E-02
  0.384321E-02
  0.384314E-02
  0.384306E-02
  0.384299E-02
  0.384292E-02
  0.384284E-02
  0.384277E-02
  0.384270E-02
  0.384263E-02
  0.384255E-02
  0.384248E-02
  0.384241E-02
  0.384233E-02
  0.384226E-02
  0.384219E-02
  0.384211E-02
  0.384204E-02
  0.384197E-02
  0.384190E-02
  0.384182E-02
  0.384175E-02
  0.384168E-02
  0.384160E-02
  0.384153E-02
  0.384146E-02
  0.384138E-02
  0.384131E-02
  0.384124E-02
  0.384117E-02
  0.384109E-02
  0.384102E-02
  0.384095E-02
  0.384087E-02
  0.384080E-02
  0.384073E-02
  0.384066E-02
  0.384058E-02
  0.384051E-02
  0.384044E-02
  0.384036E-02
  0.384029E-02
  0.384022E-02
  0.384014E-02
  0.384007E-02
  0.384000E-02
  0.383993E-02
  0.383985E-02
  0.383978E-02
  0.383971E-02
  0.383963E-02
  0.383956E-02
  0.383949E-02
  0.383941E-02
  0.383934E-02
  0.383927E-02
  0.383920E-02
  0.383912E-02
  0.383905E-02
  0.383898E-02
  0.383890E-02
  0.383883E-02
  0.383876E-02
  0.383868E-02
  0.383861E-02
  0.383854E-02
  0.383847E-02
  0.383839E-02
  0.383832E-02
  0.383825E-02
  0.383817E-02
  0.383810E-02
  0.383803E-02
  0.383796E-02
  0.383788E-02
  0.383781E-02
  0.383774E-02
  0.383766E-02
  0.383759E-02
  0.383752E-02
  0.383744E-02
  0.383737E-02
  0.383730E-02
  0.383723E-02
  0.383715E-02
  0.383708E-02
  0.383701E-02
  0.383693E-02
  0.383686E-02
  0.383679E-02
  0.383671E-02
  0.383664E-02
  0.383657E-02
  0.383650E-02
  0.383642E-02
  0.383635E-02
  0.383628E-02
  0.383620E-02
  0.383613E-02
  0.383606E-02
  0.383598E-02
  0.383591E-02
  0.383584E-02
  0.383577E-02
  0.383569E-02
  0.383562E-02
  0.383555E-02
  0.383547E-02
  0.383540E-02
  0.383533E-02
  0.383525E-02
  0.383518E-02
  0.383511E-02
  0.383504E-02
  0.383496E-02
  0.383489E-02
  0.383482E-02
  0.383474E-02
  0.383467E-02
  0.383460E-02
  0.383453E-02
  0.383445E-02
  0.383438E-02
  0.383431E-02
  0.383423E-02
  0.383416E-02
  0.383409E-02
  0.383401E-02
  0.383394E-02
  0.383387E-02
  0.383380E-02
  0.383372E-02
  0.383365E-02
  0.383358E-02
  0.383350E-02
  0.383343E-02
  0.383336E-02
  0.383328E-02
  0.383321E-02
  0.383314E-02
  0.383307E-02
  0.383299E-02
  0.383292E-02
  0.383285E-02
  0.383277E-02
  0.383270E-02
  0.383263E-02
  0.383255E-02
  0.383248E-02
  0.383241E-02
  0.383234E-02
  0.383226E-02
  0.383219E-02
  0.383212E-02
  0.383204E-02
  0.383197E-02
  0.383190E-02
  0.383182E-02
  0.383175E-02
  0.383168E-02
  0.383161E-02
  0.383153E-02
  0.383134E-02
  0.383101E-02
  0.383057E-02
  0.383012E-02
  0.382968E-02
  0.382923E-02
  0.382879E-02
  0.382834E-02
  0.382790E-02
  0.382745E-02
  0.382701E-02
  0.382656E-02
  0.382612E-02
  0.382567E-02
  0.382523E-02
  0.382478E-02
  0.382434E-02
  0.382389E-02
  0.382345E-02
  0.382300E-02
  0.382256E-02
  0.382211E-02
  0.382167E-02
  0.382122E-02
  0.382078E-02
  0.382033E-02
  0.381988E-02
  0.381944E-02
  0.381899E-02
  0.381855E-02
  0.381810E-02
  0.381766E-02
  0.381721E-02
  0.381677E-02
  0.381632E-02
  0.381588E-02
  0.381543E-02
  0.381499E-02
  0.381454E-02
  0.381410E-02
  0.381365E-02
  0.381321E-02
  0.381276E-02
  0.381232E-02
  0.381187E-02
  0.381143E-02
  0.381098E-02
  0.381054E-02
  0.381009E-02
  0.380965E-02
  0.380920E-02
  0.380875E-02
  0.380831E-02
  0.380786E-02
  0.380742E-02
  0.380697E-02
  0.380653E-02
  0.380608E-02
  0.380564E-02
  0.380519E-02
  0.380475E-02
  0.380430E-02
  0.380386E-02
  0.380341E-02
  0.380297E-02
  0.380252E-02
  0.380208E-02
  0.380163E-02
  0.380119E-02
  0.380074E-02
  0.380030E-02
  0.379985E-02
  0.379941E-02
  0.379896E-02
  0.379852E-02
  0.379807E-02
  0.379762E-02
  0.379718E-02
  0.379673E-02
  0.379629E-02
  0.379584E-02
  0.379540E-02
  0.379495E-02
  0.379451E-02
  0.379406E-02
  0.379362E-02
  0.379317E-02
  0.379273E-02
  0.379228E-02
  0.379184E-02
  0.379139E-02
  0.379095E-02
  0.379050E-02
  0.379006E-02
  0.378961E-02
  0.378917E-02
  0.378872E-02
  0.378828E-02
  0.378783E-02
  0.378739E-02
  0.378694E-02
  0.378649E-02
  0.378605E-02
  0.378560E-02
  0.378516E-02
  0.378471E-02
  0.378427E-02
  0.378382E-02
  0.378338E-02
  0.378293E-02
  0.378249E-02
  0.378204E-02
  0.378160E-02
  0.378115E-02
  0.378071E-02
  0.378026E-02
  0.377982E-02
  0.377937E-02
  0.377893E-02
  0.377848E-02
  0.377804E-02
  0.377759E-02
  0.377715E-02
  0.377670E-02
  0.377626E-02
  0.377581E-02
  0.377536E-02
  0.377492E-02
  0.377447E-02
  0.377403E-02
  0.377358E-02
  0.377314E-02
  0.377269E-02
  0.377225E-02
  0.377180E-02
  0.377136E-02
  0.377091E-02
  0.377047E-02
  0.377002E-02
  0.376958E-02
  0.376913E-02
  0.376869E-02
  0.376824E-02
  0.376780E-02
  0.376735E-02
  0.376691E-02
  0.376646E-02
  0.376602E-02
  0.376557E-02
  0.376513E-02
  0.376468E-02
  0.376423E-02
  0.376379E-02
  0.376334E-02
  0.376290E-02
  0.376245E-02
  0.376201E-02
  0.376156E-02
  0.376112E-02
  0.376067E-02
  0.376023E-02
  0.375978E-02
  0.375934E-02
  0.375889E-02
  0.375845E-02
  0.375800E-02
  0.375756E-02
  0.375711E-02
  0.375667E-02
  0.375622E-02
  0.375578E-02
  0.375533E-02
  0.375489E-02
  0.375444E-02
  0.375400E-02
  0.375355E-02
  0.375310E-02
  0.375266E-02
  0.375221E-02
  0.375177E-02
  0.375132E-02
  0.375088E-02
  0.375043E-02
  0.374999E-02
  0.374954E-02
  0.374910E-02
  0.374865E-02
  0.374821E-02
  0.374776E-02
  0.374732E-02
  0.374687E-02
  0.374643E-02
  0.374598E-02
  0.374554E-02
  0.374509E-02
  0.374465E-02
  0.374420E-02
  0.374376E-02
  0.374331E-02
  0.374287E-02
  0.374242E-02
  0.374197E-02
  0.374153E-02
  0.374108E-02
  0.374064E-02
  0.374019E-02
  0.373975E-02
  0.373930E-02
  0.373886E-02
  0.373841E-02
  0.373797E-02
  0.373752E-02
  0.373708E-02
  0.373663E-02
  0.373619E-02
  0.373574E-02
  0.373530E-02
  0.373485E-02
  0.373441E-02
  0.373396E-02
  0.373352E-02
  0.373307E-02
  0.373263E-02
  0.373218E-02
  0.373174E-02
  0.373115E-02
  0.373040E-02
  0.372951E-02
  0.372862E-02
  0.372772E-02
  0.372683E-02
  0.372594E-02
  0.372505E-02
  0.372416E-02
  0.372327E-02
  0.372237E-02
  0.372148E-02
  0.372059E-02
  0.371970E-02
  0.371881E-02
  0.371792E-02
  0.371702E-02
  0.371613E-02
  0.371524E-02
  0.371435E-02
  0.371346E-02
  0.371257E-02
  0.371167E-02
  0.371078E-02
  0.370989E-02
  0.370900E-02
  0.370811E-02
  0.370722E-02
  0.370632E-02
  0.370543E-02
  0.370454E-02
  0.370365E-02
  0.370276E-02
  0.370187E-02
  0.370097E-02
  0.370008E-02
  0.369919E-02
  0.369830E-02
  0.369741E-02
  0.369652E-02
  0.369562E-02
  0.369473E-02
  0.369384E-02
  0.369295E-02
  0.369206E-02
  0.369117E-02
  0.369027E-02
  0.368938E-02
  0.368849E-02
  0.368760E-02
  0.368671E-02
  0.368582E-02
  0.368492E-02
  0.368403E-02
  0.368314E-02
  0.368225E-02
  0.368136E-02
  0.368047E-02
  0.367957E-02
  0.367868E-02
  0.367779E-02
  0.367690E-02
  0.367601E-02
  0.367512E-02
  0.367422E-02
  0.367333E-02
  0.367244E-02
  0.367155E-02
  0.367066E-02
  0.366977E-02
  0.366887E-02
  0.366798E-02
  0.366709E-02
  0.366620E-02
  0.366531E-02
  0.366442E-02
  0.366353E-02
  0.366263E-02
  0.366174E-02
  0.366085E-02
  0.365996E-02
  0.365907E-02
  0.365818E-02
  0.365728E-02
  0.365639E-02
  0.365550E-02
  0.365461E-02
  0.365372E-02
  0.365283E-02
  0.365193E-02
  0.365104E-02
  0.365015E-02
  0.364926E-02
  0.364837E-02
  0.364748E-02
  0.364658E-02
  0.364569E-02
  0.364480E-02
  0.364391E-02
  0.364302E-02
  0.364213E-02
  0.364123E-02
  0.364034E-02
  0.363945E-02
  0.363856E-02
  0.363767E-02
  0.363678E-02
  0.363588E-02
  0.363499E-02
  0.363410E-02
  0.363321E-02
  0.363232E-02
  0.363143E-02
  0.363053E-02
  0.362964E-02
  0.362875E-02
  0.362786E-02
  0.362697E-02
  0.362608E-02
  0.362518E-02
  0.362429E-02
  0.362340E-02
  0.362251E-02
  0.362162E-02
  0.362073E-02
  0.361983E-02
  0.361894E-02
  0.361805E-02
  0.361716E-02
  0.361627E-02
  0.361538E-02
  0.361448E-02
  0.361359E-02
  0.361270E-02
  0.361181E-02
  0.361092E-02
  0.361003E-02
  0.360913E-02
  0.360824E-02
  0.360735E-02
  0.360646E-02
  0.360557E-02
  0.360468E-02
  0.360378E-02
  0.360289E-02
  0.360200E-02
  0.360111E-02
  0.360022E-02
  0.359933E-02
  0.359843E-02
  0.359754E-02
  0.359665E-02
  0.359576E-02
  0.359487E-02
  0.359398E-02
  0.359309E-02
  0.359219E-02
  0.359130E-02
  0.359041E-02
  0.358952E-02
  0.358863E-02
  0.358774E-02
  0.358684E-02
  0.358595E-02
  0.358506E-02
  0.358417E-02
  0.358328E-02
  0.358239E-02
  0.358149E-02
  0.358060E-02
  0.357971E-02
  0.357882E-02
  0.357793E-02
  0.357704E-02
  0.357614E-02
  0.357525E-02
  0.357436E-02
  0.357347E-02
  0.357258E-02
  0.357169E-02
  0.357079E-02
  0.356990E-02
  0.356901E-02
  0.356812E-02
  0.356723E-02
  0.356634E-02
  0.356544E-02
  0.356455E-02
  0.356366E-02
  0.356277E-02
  0.356188E-02
  0.356099E-02
  0.356009E-02
  0.355920E-02
  0.355831E-02
  0.355742E-02
  0.355653E-02
  0.355564E-02
  0.355474E-02
  0.355385E-02
  0.355296E-02
  0.355207E-02
  0.355118E-02
  0.355029E-02
  0.354939E-02
  0.354850E-02
  0.354761E-02
  0.354672E-02
  0.354583E-02
  0.354494E-02
  0.354404E-02
  0.354315E-02
  0.354226E-02
  0.354137E-02
  0.354048E-02
  0.353959E-02
  0.353869E-02
  0.353780E-02
  0.353691E-02
  0.353602E-02
  0.353513E-02
  0.353424E-02
  0.353334E-02
  0.353245E-02
  0.353156E-02
  0.353033E-02
  0.352867E-02
  0.352668E-02
  0.352468E-02
  0.352268E-02
  0.352069E-02
  0.351869E-02
  0.351670E-02
  0.351470E-02
  0.351270E-02
  0.351071E-02
  0.350871E-02
  0.350671E-02
  0.350472E-02
  0.350272E-02
  0.350073E-02
  0.349873E-02
  0.349673E-02
  0.349474E-02
  0.349274E-02
  0.349074E-02
  0.348875E-02
  0.348675E-02
  0.348476E-02
  0.348276E-02
  0.348076E-02
  0.347877E-02
  0.347677E-02
  0.347477E-02
  0.347278E-02
  0.347078E-02
  0.346879E-02
  0.346679E-02
  0.346479E-02
  0.346280E-02
  0.346080E-02
  0.345880E-02
  0.345681E-02
  0.345481E-02
  0.345282E-02
  0.345082E-02
  0.344882E-02
  0.344683E-02
  0.344483E-02
  0.344283E-02
  0.344084E-02
  0.343884E-02
  0.343685E-02
  0.343485E-02
  0.343285E-02
  0.343086E-02
  0.342886E-02
  0.342686E-02
  0.342487E-02
  0.342287E-02
  0.342088E-02
  0.341888E-02
  0.341688E-02
  0.341489E-02
  0.341289E-02
  0.341089E-02
  0.340890E-02
  0.340690E-02
  0.340491E-02
  0.340291E-02
  0.340091E-02
  0.339892E-02
  0.339692E-02
  0.339492E-02
  0.339293E-02
  0.339093E-02
  0.338894E-02
  0.338694E-02
  0.338494E-02
  0.338295E-02
  0.338095E-02
  0.337895E-02
  0.337696E-02
  0.337496E-02
  0.337296E-02
  0.337097E-02
  0.336897E-02
  0.336698E-02
  0.336498E-02
  0.336298E-02
  0.336099E-02
  0.335899E-02
  0.335699E-02
  0.335500E-02
  0.335300E-02
  0.335101E-02
  0.334901E-02
  0.334701E-02
  0.334502E-02
  0.334302E-02
  0.334102E-02
  0.333903E-02
  0.333703E-02
  0.333504E-02
  0.333304E-02
  0.333104E-02
  0.332905E-02
  0.332705E-02
  0.332505E-02
  0.332306E-02
  0.332106E-02
  0.331907E-02
  0.331707E-02
  0.331507E-02
  0.331308E-02
  0.331108E-02
  0.330908E-02
  0.330709E-02
  0.330509E-02
  0.330310E-02
  0.330110E-02
  0.329910E-02
  0.329711E-02
  0.329511E-02
  0.329311E-02
  0.329112E-02
  0.328912E-02
  0.328713E-02
  0.328513E-02
  0.328313E-02
  0.328114E-02
  0.327914E-02
  0.327714E-02
  0.327515E-02
  0.327315E-02
  0.327116E-02
  0.326916E-02
  0.326716E-02
  0.326517E-02
  0.326317E-02
  0.326117E-02
  0.325918E-02
  0.325718E-02
  0.325519E-02
  0.325319E-02
  0.325119E-02
  0.324920E-02
  0.324720E-02
  0.324520E-02
  0.324321E-02
  0.324121E-02
  0.323922E-02
  0.323722E-02
  0.323522E-02
  0.323323E-02
  0.323123E-02
  0.322923E-02
  0.322724E-02
  0.322524E-02
  0.322324E-02
  0.322125E-02
  0.321925E-02
  0.321726E-02
  0.321526E-02
  0.321326E-02
  0.321127E-02
  0.320927E-02
  0.320727E-02
  0.320528E-02
  0.320328E-02
  0.320129E-02
  0.319929E-02
  0.319729E-02
  0.319530E-02
  0.319330E-02
  0.319130E-02
  0.318931E-02
  0.318731E-02
  0.318532E-02
  0.318332E-02
  0.318132E-02
  0.317933E-02
  0.317733E-02
  0.317533E-02
  0.317334E-02
  0.317134E-02
  0.316935E-02
  0.316735E-02
  0.316535E-02
  0.316336E-02
  0.316136E-02
  0.315936E-02
  0.315737E-02
  0.315537E-02
  0.315338E-02
  0.315138E-02
  0.314938E-02
  0.314739E-02
  0.314539E-02
  0.314339E-02
  0.314140E-02
  0.313940E-02
  0.313741E-02
  0.313541E-02
  0.313341E-02
  0.313142E-02
  0.312942E-02
  0.312742E-02
  0.312543E-02
  0.312343E-02
  0.312144E-02
  0.311944E-02
  0.311744E-02
  0.311545E-02
  0.311345E-02
  0.311145E-02
  0.310946E-02
  0.310746E-02
  0.310547E-02
  0.310347E-02
  0.310147E-02
  0.309948E-02
  0.309748E-02
  0.309548E-02
  0.309349E-02
  0.309149E-02
  0.308950E-02
  0.308750E-02
  0.308550E-02
  0.308351E-02
  0.308093E-02
  0.307764E-02
  0.307377E-02
  0.306990E-02
  0.306603E-02
  0.306217E-02
  0.305830E-02
  0.305443E-02
  0.305056E-02
  0.304669E-02
  0.304282E-02
  0.303895E-02
  0.303508E-02
  0.303122E-02
  0.302735E-02
  0.302348E-02
  0.301961E-02
  0.301574E-02
  0.301187E-02
  0.300800E-02
  0.300413E-02
  0.300026E-02
  0.299640E-02
  0.299253E-02
  0.298866E-02
  0.298479E-02
  0.298092E-02
  0.297705E-02
  0.297318E-02
  0.296931E-02
  0.296544E-02
  0.296158E-02
  0.295771E-02
  0.295384E-02
  0.294997E-02
  0.294610E-02
  0.294223E-02
  0.293836E-02
  0.293449E-02
  0.293063E-02
  0.292676E-02
  0.292289E-02
  0.291902E-02
  0.291515E-02
  0.291128E-02
  0.290741E-02
  0.290354E-02
  0.289967E-02
  0.289581E-02
  0.289194E-02
  0.288807E-02
  0.288420E-02
  0.288033E-02
  0.287646E-02
  0.287259E-02
  0.286872E-02
  0.286485E-02
  0.286099E-02
  0.285712E-02
  0.285325E-02
  0.284938E-02
  0.284551E-02
  0.284164E-02
  0.283777E-02
  0.283390E-02
  0.283004E-02
  0.282617E-02
  0.282230E-02
  0.281843E-02
  0.281456E-02
  0.281069E-02
  0.280682E-02
  0.280295E-02
  0.279908E-02
  0.279522E-02
  0.279135E-02
  0.278748E-02
  0.278361E-02
  0.277974E-02
  0.277587E-02
  0.277200E-02
  0.276813E-02
  0.276426E-02
  0.276040E-02
  0.275653E-02
  0.275266E-02
  0.274879E-02
  0.274492E-02
  0.274105E-02
  0.273718E-02
  0.273331E-02
  0.272945E-02
  0.272558E-02
  0.272171E-02
  0.271784E-02
  0.271397E-02
  0.271010E-02
  0.270623E-02
  0.270236E-02
  0.269849E-02
  0.269463E-02
  0.269076E-02
  0.268689E-02
  0.268302E-02
  0.267915E-02
  0.267528E-02
  0.267141E-02
  0.266754E-02
  0.266367E-02
  0.265981E-02
  0.265594E-02
  0.265207E-02
  0.264820E-02
  0.264433E-02
  0.264046E-02
  0.263659E-02
  0.263272E-02
  0.262886E-02
  0.262499E-02
  0.262112E-02
  0.261725E-02
  0.261338E-02
  0.260951E-02
  0.260564E-02
  0.260177E-02
  0.259790E-02
  0.259404E-02
  0.259017E-02
  0.258630E-02
  0.258243E-02
  0.257856E-02
  0.257469E-02
  0.257082E-02
  0.256695E-02
  0.256308E-02
  0.255922E-02
  0.255535E-02
  0.255148E-02
  0.254761E-02
  0.254374E-02
  0.253987E-02
  0.253600E-02
  0.253213E-02
  0.252827E-02
  0.252440E-02
  0.252053E-02
  0.251666E-02
  0.251279E-02
  0.250892E-02
  0.250505E-02
  0.250118E-02
  0.249731E-02
  0.249345E-02
  0.248958E-02
  0.248571E-02
  0.248184E-02
  0.247797E-02
  0.247410E-02
  0.247023E-02
  0.246636E-02
  0.246249E-02
  0.245863E-02
  0.245476E-02
  0.245089E-02
  0.244702E-02
  0.244315E-02
  0.243928E-02
  0.243541E-02
  0.243154E-02
  0.242768E-02
  0.242381E-02
  0.241994E-02
  0.241607E-02
  0.241220E-02
  0.240833E-02
  0.240446E-02
  0.240059E-02
  0.239672E-02
  0.239286E-02
  0.238899E-02
  0.238512E-02
  0.238125E-02
  0.237738E-02
  0.237351E-02
  0.236964E-02
  0.236577E-02
  0.236190E-02
  0.235804E-02
  0.235417E-02
  0.235030E-02
  0.234643E-02
  0.234256E-02
  0.233869E-02
  0.233482E-02
  0.233095E-02
  0.232709E-02
  0.232322E-02
  0.231935E-02
  0.231548E-02
  0.231161E-02
  0.230774E-02
  0.230387E-02
  0.230000E-02
  0.229613E-02
  0.229227E-02
  0.228840E-02
  0.228453E-02
  0.228066E-02
  0.227679E-02
  0.227292E-02
  0.226905E-02
  0.226518E-02
  0.226131E-02
  0.225745E-02
  0.225358E-02
  0.224971E-02
  0.224584E-02
  0.224197E-02
  0.223810E-02
  0.223423E-02
  0.223036E-02
  0.222650E-02
  0.222263E-02
  0.221876E-02
  0.221489E-02
  0.221073E-02
  0.220621E-02
  0.220140E-02
  0.219658E-02
  0.219177E-02
  0.218696E-02
  0.218215E-02
  0.217733E-02
  0.217252E-02
  0.216771E-02
  0.216290E-02
  0.215808E-02
  0.215327E-02
  0.214846E-02
  0.214365E-02
  0.213883E-02
  0.213402E-02
  0.212921E-02
  0.212440E-02
  0.211959E-02
  0.211477E-02
  0.210996E-02
  0.210515E-02
  0.210034E-02
  0.209552E-02
  0.209071E-02
  0.208590E-02
  0.208109E-02
  0.207627E-02
  0.207146E-02
  0.206665E-02
  0.206184E-02
  0.205702E-02
  0.205221E-02
  0.204740E-02
  0.204259E-02
  0.203778E-02
  0.203296E-02
  0.202815E-02
  0.202334E-02
  0.201853E-02
  0.201371E-02
  0.200890E-02
  0.200409E-02
  0.199928E-02
  0.199446E-02
  0.198965E-02
  0.198484E-02
  0.198003E-02
  0.197521E-02
  0.197040E-02
  0.196559E-02
  0.196078E-02
  0.195597E-02
  0.195115E-02
  0.194634E-02
  0.194153E-02
  0.193672E-02
  0.193190E-02
  0.192709E-02
  0.192228E-02
  0.191747E-02
  0.191265E-02
  0.190784E-02
  0.190303E-02
  0.189822E-02
  0.189340E-02
  0.188859E-02
  0.188378E-02
  0.187897E-02
  0.187416E-02
  0.186934E-02
  0.186453E-02
  0.185972E-02
  0.185491E-02
  0.185009E-02
  0.184528E-02
  0.184047E-02
  0.183566E-02
  0.183084E-02
  0.182603E-02
  0.182122E-02
  0.181641E-02
  0.181159E-02
  0.180678E-02
  0.180197E-02
  0.179716E-02
  0.179235E-02
  0.178753E-02
  0.178272E-02
  0.177791E-02
  0.177310E-02
  0.176828E-02
  0.176347E-02
  0.175866E-02
  0.175385E-02
  0.174903E-02
  0.174422E-02
  0.173941E-02
  0.173460E-02
  0.172978E-02
  0.172497E-02
  0.172016E-02
  0.171535E-02
  0.171054E-02
  0.170572E-02
  0.170091E-02
  0.169610E-02
  0.169129E-02
  0.168647E-02
  0.168166E-02
  0.167685E-02
  0.167204E-02
  0.166722E-02
  0.166241E-02
  0.165760E-02
  0.165279E-02
  0.164797E-02
  0.164316E-02
  0.163835E-02
  0.163354E-02
  0.162872E-02
  0.162391E-02
  0.161910E-02
  0.161429E-02
  0.160948E-02
  0.160466E-02
  0.159985E-02
  0.159504E-02
  0.159023E-02
  0.158541E-02
  0.158060E-02
  0.157579E-02
  0.157098E-02
  0.156616E-02
  0.156135E-02
  0.155654E-02
  0.155173E-02
  0.154691E-02
  0.154210E-02
  0.153729E-02
  0.153248E-02
  0.152767E-02
  0.152285E-02
  0.151804E-02
  0.151323E-02
  0.150842E-02
  0.150360E-02
  0.149879E-02
  0.149398E-02
  0.148917E-02
  0.148435E-02
  0.147954E-02
  0.147473E-02
  0.146992E-02
  0.146510E-02
  0.146029E-02
  0.145548E-02
  0.145067E-02
  0.144586E-02
  0.144104E-02
  0.143623E-02
  0.143142E-02
  0.142661E-02
  0.142179E-02
  0.141698E-02
  0.141217E-02
  0.140736E-02
  0.140254E-02
  0.139773E-02
  0.139292E-02
  0.138811E-02
  0.138329E-02
  0.137848E-02
  0.137367E-02
  0.136886E-02
  0.136405E-02
  0.135923E-02
  0.135442E-02
  0.134961E-02
  0.134480E-02
  0.133998E-02
  0.133517E-02
  0.133036E-02
  0.132555E-02
  0.132073E-02
  0.131592E-02
  0.131111E-02
  0.130630E-02
  0.130148E-02
  0.129667E-02
  0.129186E-02
  0.128705E-02
  0.128224E-02
  0.127742E-02
  0.127261E-02
  0.126780E-02
  0.126299E-02
  0.125817E-02
  0.125336E-02
  0.124855E-02
  0.124374E-02
  0.123892E-02
  0.123411E-02
  0.122930E-02
  0.122449E-02
  0.121967E-02
  0.121486E-02
  0.121005E-02
  0.120524E-02
  0.120043E-02
  0.119561E-02
  0.119080E-02
  0.118599E-02
  0.118118E-02
  0.117636E-02
  0.117155E-02
  0.116674E-02
  0.116193E-02
  0.115711E-02
  0.115230E-02
  0.114749E-02
  0.114268E-02
  0.113786E-02
  0.113305E-02
  0.112861E-02
  0.112463E-02
  0.112101E-02
  0.111740E-02
  0.111379E-02
  0.111017E-02
  0.110656E-02
  0.110295E-02
  0.109933E-02
  0.109572E-02
  0.109211E-02
  0.108849E-02
  0.108488E-02
  0.108127E-02
  0.107765E-02
  0.107404E-02
  0.107043E-02
  0.106681E-02
  0.106320E-02
  0.105958E-02
  0.105597E-02
  0.105236E-02
  0.104874E-02
  0.104513E-02
  0.104152E-02
  0.103790E-02
  0.103429E-02
  0.103068E-02
  0.102706E-02
  0.102345E-02
  0.101984E-02
  0.101622E-02
  0.101261E-02
  0.100900E-02
  0.100538E-02
  0.100177E-02
  0.998157E-03
  0.994543E-03
  0.990930E-03
  0.987316E-03
  0.983703E-03
  0.980090E-03
  0.976476E-03
  0.972863E-03
  0.969249E-03
  0.965636E-03
  0.962022E-03
  0.958409E-03
  0.954796E-03
  0.951182E-03
  0.947569E-03
  0.943955E-03
  0.940342E-03
  0.936728E-03
  0.933115E-03
  0.929502E-03
  0.925888E-03
  0.922275E-03
  0.918661E-03
  0.915048E-03
  0.911434E-03
  0.907821E-03
  0.904208E-03
  0.900594E-03
  0.896981E-03
  0.893367E-03
  0.889754E-03
  0.886140E-03
  0.882527E-03
  0.878914E-03
  0.875300E-03
  0.871687E-03
  0.868073E-03
  0.864460E-03
  0.860846E-03
  0.857233E-03
  0.853620E-03
  0.850006E-03
  0.846393E-03
  0.842779E-03
  0.839166E-03
  0.835552E-03
  0.831939E-03
  0.828326E-03
  0.824712E-03
  0.821099E-03
  0.817485E-03
  0.813872E-03
  0.810258E-03
  0.806645E-03
  0.803032E-03
  0.799418E-03
  0.795805E-03
  0.792191E-03
  0.788578E-03
  0.784964E-03
  0.781351E-03
  0.777738E-03
  0.774124E-03
  0.770511E-03
  0.766897E-03
  0.763284E-03
  0.759670E-03
  0.756057E-03
  0.752444E-03
  0.748830E-03
  0.745217E-03
  0.741603E-03
  0.737990E-03
  0.734376E-03
  0.730763E-03
  0.727150E-03
  0.723536E-03
  0.719923E-03
  0.716309E-03
  0.712696E-03
  0.709083E-03
  0.705469E-03
  0.701856E-03
  0.698242E-03
  0.694629E-03
  0.691015E-03
  0.687402E-03
  0.683789E-03
  0.680175E-03
  0.676562E-03
  0.672948E-03
  0.669335E-03
  0.665721E-03
  0.662108E-03
  0.658495E-03
  0.654881E-03
  0.651268E-03
  0.647654E-03
  0.644041E-03
  0.640427E-03
  0.636814E-03
  0.633201E-03
  0.629587E-03
  0.625974E-03
  0.622360E-03
  0.618747E-03
  0.615133E-03
  0.611520E-03
  0.607907E-03
  0.604293E-03
  0.600680E-03
  0.597066E-03
  0.593453E-03
  0.589839E-03
  0.586226E-03
  0.582613E-03
  0.578999E-03
  0.575386E-03
  0.571772E-03
  0.568159E-03
  0.564545E-03
  0.560932E-03
  0.557319E-03
  0.553705E-03
  0.550092E-03
  0.546478E-03
  0.542865E-03
  0.539251E-03
  0.535638E-03
  0.532025E-03
  0.528411E-03
  0.524798E-03
  0.521184E-03
  0.517571E-03
  0.513957E-03
  0.510344E-03
  0.506731E-03
  0.503117E-03
  0.499504E-03
  0.495890E-03
  0.492277E-03
  0.488663E-03
  0.485050E-03
  0.481437E-03
  0.477823E-03
  0.474210E-03
  0.470596E-03
  0.466983E-03
  0.463369E-03
  0.459756E-03
  0.456143E-03
  0.452529E-03
  0.448916E-03
  0.445302E-03
  0.441689E-03
  0.438076E-03
  0.434462E-03
  0.430849E-03
  0.427235E-03
  0.423622E-03
  0.420008E-03
  0.416395E-03
  0.412782E-03
  0.409168E-03
  0.405555E-03
  0.401941E-03
  0.398328E-03
  0.394714E-03
  0.391101E-03
  0.387488E-03
  0.383874E-03
  0.380261E-03
  0.376647E-03
  0.373034E-03
  0.369420E-03
  0.365807E-03
  0.362194E-03
  0.358580E-03
  0.354967E-03
  0.351353E-03
  0.347740E-03
  0.344126E-03
  0.340513E-03
  0.336900E-03
  0.333286E-03
  0.329673E-03
  0.326059E-03
  0.322446E-03
  0.318832E-03
  0.315937E-03
  0.313908E-03
  0.312598E-03
  0.311287E-03
  0.309977E-03
  0.308666E-03
  0.307356E-03
  0.306045E-03
  0.304734E-03
  0.303424E-03
  0.302113E-03
  0.300803E-03
  0.299492E-03
  0.298182E-03
  0.296871E-03
  0.295561E-03
  0.294250E-03
  0.292939E-03
  0.291629E-03
  0.290318E-03
  0.289008E-03
  0.287697E-03
  0.286387E-03
  0.285076E-03
  0.283765E-03
  0.282455E-03
  0.281144E-03
  0.279834E-03
  0.278523E-03
  0.277213E-03
  0.275902E-03
  0.274592E-03
  0.273281E-03
  0.271970E-03
  0.270660E-03
  0.269349E-03
  0.268039E-03
  0.266728E-03
  0.265418E-03
  0.264107E-03
  0.262796E-03
  0.261486E-03
  0.260175E-03
  0.258865E-03
  0.257554E-03
  0.256244E-03
  0.254933E-03
  0.253623E-03
  0.252312E-03
  0.251001E-03
  0.249691E-03
  0.248380E-03
  0.247070E-03
  0.245759E-03
  0.244449E-03
  0.243138E-03
  0.241827E-03
  0.240517E-03
  0.239206E-03
  0.237896E-03
  0.236585E-03
  0.235275E-03
  0.233964E-03
  0.232654E-03
  0.231343E-03
  0.230032E-03
  0.228722E-03
  0.227411E-03
  0.226101E-03
  0.224790E-03
  0.223480E-03
  0.222169E-03
  0.220858E-03
  0.219548E-03
  0.218237E-03
  0.216927E-03
  0.215616E-03
  0.214306E-03
  0.212995E-03
  0.211685E-03
  0.210374E-03
  0.209063E-03
  0.207753E-03
  0.206442E-03
  0.205132E-03
  0.203821E-03
  0.202511E-03
  0.201200E-03
  0.199889E-03
  0.198579E-03
  0.197268E-03
  0.195958E-03
  0.194647E-03
  0.193337E-03
  0.192026E-03
  0.190716E-03
  0.189405E-03
  0.188094E-03
  0.186784E-03
  0.185473E-03
  0.184163E-03
  0.182852E-03
  0.181542E-03
  0.180231E-03
  0.178920E-03
  0.177610E-03
  0.176299E-03
  0.174989E-03
  0.173678E-03
  0.172368E-03
  0.171057E-03
  0.169746E-03
  0.168436E-03
  0.167125E-03
  0.165815E-03
  0.164504E-03
  0.163194E-03
  0.161883E-03
  0.160573E-03
  0.159262E-03
  0.157951E-03
  0.156641E-03
  0.155330E-03
  0.154020E-03
  0.152709E-03
  0.151399E-03
  0.150088E-03
  0.148777E-03
  0.147467E-03
  0.146156E-03
  0.144846E-03
  0.143535E-03
  0.142225E-03
  0.140914E-03
  0.139604E-03
  0.138293E-03
  0.136982E-03
  0.135672E-03
  0.134361E-03
  0.133051E-03
  0.131740E-03
  0.130430E-03
  0.129119E-03
  0.127808E-03
  0.126498E-03
  0.125187E-03
  0.123877E-03
  0.122566E-03
  0.121256E-03
  0.119945E-03
  0.118635E-03
  0.117324E-03
  0.116013E-03
  0.114703E-03
  0.113392E-03
  0.112082E-03
  0.110771E-03
  0.109461E-03
  0.108150E-03
  0.106839E-03
  0.105529E-03
  0.104218E-03
  0.102908E-03
  0.101597E-03
  0.100287E-03
  0.989761E-04
  0.976655E-04
  0.963550E-04
  0.950444E-04
  0.937338E-04
  0.924233E-04
  0.911127E-04
  0.898021E-04
  0.884916E-04
  0.871810E-04
  0.858705E-04
  0.845599E-04
  0.832493E-04
  0.819388E-04
  0.806282E-04
  0.793176E-04
  0.780071E-04
  0.766965E-04
  0.753860E-04
  0.740754E-04
  0.727648E-04
  0.714543E-04
  0.701437E-04
  0.688331E-04
  0.675226E-04
  0.662120E-04
  0.649014E-04
  0.635909E-04
  0.622803E-04
  0.609698E-04
  0.596592E-04
  0.583486E-04
  0.570381E-04
  0.557275E-04
  0.544169E-04
  0.531064E-04
  0.517958E-04
  0.504853E-04
  0.491747E-04
  0.478641E-04
  0.465536E-04
  0.452430E-04
  0.439324E-04
  0.426219E-04
  0.413113E-04
  0.400007E-04
  0.386902E-04
  0.373796E-04
  0.360691E-04
  0.347585E-04
  0.334479E-04
  0.321374E-04
  0.308268E-04
  0.295162E-04
  0.282057E-04
  0.268951E-04
  0.255846E-04
  0.242740E-04
  0.229634E-04
  0.216529E-04
  0.207222E-04
  0.202519E-04
  0.201615E-04
  0.200711E-04
  0.199807E-04
  0.198902E-04
  0.197998E-04
  0.197094E-04
  0.196190E-04
  0.195286E-04
  0.194382E-04
  0.193478E-04
  0.192574E-04
  0.191670E-04
  0.190766E-04
  0.189861E-04
  0.188957E-04
  0.188053E-04
  0.187149E-04
  0.186245E-04
  0.185341E-04
  0.184437E-04
  0.183533E-04
  0.182629E-04
  0.181725E-04
  0.180820E-04
  0.179916E-04
  0.179012E-04
  0.178108E-04
  0.177204E-04
  0.176300E-04
  0.175396E-04
  0.174492E-04
  0.173588E-04
  0.172684E-04
  0.171779E-04
  0.170875E-04
  0.169971E-04
  0.169067E-04
  0.168163E-04
  0.167259E-04
  0.166355E-04
  0.165451E-04
  0.164547E-04
  0.163643E-04
  0.162738E-04
  0.161834E-04
  0.160930E-04
  0.160026E-04
  0.159122E-04
  0.158218E-04
  0.157314E-04
  0.156410E-04
  0.155506E-04
  0.154601E-04
  0.153697E-04
  0.152793E-04
  0.151889E-04
  0.150985E-04
  0.150081E-04
  0.149177E-04
  0.148273E-04
  0.147369E-04
  0.146465E-04
  0.145560E-04
  0.144656E-04
  0.143752E-04
  0.142848E-04
  0.141944E-04
  0.141040E-04
  0.140136E-04
  0.139232E-04
  0.138328E-04
  0.137424E-04
  0.136519E-04
  0.135615E-04
  0.134711E-04
  0.133807E-04
  0.132903E-04
  0.131999E-04
  0.131095E-04
  0.130191E-04
  0.129287E-04
  0.128383E-04
  0.127478E-04
  0.126574E-04
  0.125670E-04
  0.124766E-04
  0.123862E-04
  0.122958E-04
  0.122054E-04
  0.121150E-04
  0.120246E-04
  0.119341E-04
  0.118437E-04
  0.117533E-04
  0.116629E-04
  0.115725E-04
  0.114821E-04
  0.113917E-04
  0.113013E-04
  0.112109E-04
  0.111205E-04
  0.110300E-04
  0.109396E-04
  0.108492E-04
  0.107588E-04
  0.106684E-04
  0.105780E-04
  0.104876E-04
  0.103972E-04
  0.103068E-04
  0.102164E-04
  0.101259E-04
  0.100355E-04
  0.994512E-05
  0.985471E-05
  0.976430E-05
  0.967389E-05
  0.958348E-05
  0.949307E-05
  0.940266E-05
  0.931225E-05
  0.922184E-05
  0.913143E-05
  0.904102E-05
  0.895061E-05
  0.886020E-05
  0.876979E-05
  0.867938E-05
  0.858897E-05
  0.849856E-05
  0.840815E-05
  0.831774E-05
  0.822733E-05
  0.813692E-05
  0.804651E-05
  0.795610E-05
  0.786569E-05
  0.777528E-05
  0.768487E-05
  0.759446E-05
  0.750405E-05
  0.741364E-05
  0.732323E-05
  0.723282E-05
  0.714241E-05
  0.705200E-05
  0.696159E-05
  0.687118E-05
  0.678077E-05
  0.669036E-05
  0.659995E-05
  0.650954E-05
  0.641913E-05
  0.632872E-05
  0.623831E-05
  0.614790E-05
  0.605748E-05
  0.596707E-05
  0.587666E-05
  0.578625E-05
  0.569584E-05
  0.560543E-05
  0.551502E-05
  0.542461E-05
  0.533420E-05
  0.524379E-05
  0.515338E-05
  0.506297E-05
  0.497256E-05
  0.488215E-05
  0.479174E-05
  0.470133E-05
  0.461092E-05
  0.452051E-05
  0.443010E-05
  0.433969E-05
  0.424928E-05
  0.415887E-05
  0.406846E-05
  0.397805E-05
  0.388764E-05
  0.379723E-05
  0.370682E-05
  0.361641E-05
  0.352600E-05
  0.343559E-05
  0.334518E-05
  0.325477E-05
  0.316436E-05
  0.307395E-05
  0.298354E-05
  0.289313E-05
  0.280272E-05
  0.271231E-05
  0.262190E-05
  0.253149E-05
  0.244108E-05
  0.235067E-05
  0.226026E-05
  0.216985E-05
  0.207944E-05
  0.198902E-05
  0.189861E-05
  0.180820E-05
  0.171779E-05
  0.162738E-05
  0.153697E-05
  0.144656E-05
  0.135615E-05
  0.126574E-05
  0.117533E-05
  0.108492E-05
  0.994512E-06
  0.904102E-06
  0.813692E-06
  0.723282E-06
  0.632872E-06
  0.542461E-06
  0.452051E-06
  0.361641E-06
  0.271231E-06
  0.180820E-06
  0.904102E-07
  0.376346E-07
  0.308028E-07
  0.616056E-07
  0.924084E-07
  0.123211E-06
  0.154014E-06
  0.184817E-06
  0.215620E-06
  0.246422E-06
  0.277225E-06
  0.308028E-06
  0.338831E-06
  0.369634E-06
  0.400436E-06
  0.431239E-06
  0.462042E-06
  0.492845E-06
  0.523648E-06
  0.554450E-06
  0.585253E-06
  0.616056E-06
  0.646859E-06
  0.677662E-06
  0.708464E-06
  0.739267E-06
  0.770070E-06
  0.800873E-06
  0.831676E-06
  0.862478E-06
  0.893281E-06
  0.924084E-06
  0.954887E-06
  0.985690E-06
  0.101649E-05
  0.104730E-05
  0.107810E-05
  0.110890E-05
  0.113970E-05
  0.117051E-05
  0.120131E-05
  0.123211E-05
  0.126291E-05
  0.129372E-05
  0.132452E-05
  0.135532E-05
  0.138613E-05
  0.141693E-05
  0.144773E-05
  0.147853E-05
  0.150934E-05
  0.154014E-05
  0.157094E-05
  0.160175E-05
  0.163255E-05
  0.166335E-05
  0.169415E-05
  0.172496E-05
  0.175576E-05
  0.178656E-05
  0.181737E-05
  0.184817E-05
  0.187897E-05
  0.190977E-05
  0.194058E-05
  0.197138E-05
  0.200218E-05
  0.203298E-05
  0.206379E-05
  0.209459E-05
  0.212539E-05
  0.215620E-05
  0.218700E-05
  0.221780E-05
  0.224860E-05
  0.227941E-05
  0.231021E-05
  0.234101E-05
  0.237182E-05
  0.240262E-05
  0.243342E-05
  0.246422E-05
  0.249503E-05
  0.252583E-05
  0.255663E-05
  0.258744E-05
  0.261824E-05
  0.264904E-05
  0.267984E-05
  0.271065E-05
  0.274145E-05
  0.277225E-05
  0.280305E-05
  0.283386E-05
  0.286466E-05
  0.289546E-05
  0.292627E-05
  0.295707E-05
  0.298787E-05
  0.301867E-05
  0.304948E-05
  0.308028E-05
  0.311108E-05
  0.314189E-05
  0.317269E-05
  0.320349E-05
  0.323429E-05
  0.326510E-05
  0.329590E-05
  0.332670E-05
  0.335751E-05
  0.338831E-05
  0.341911E-05
  0.344991E-05
  0.348072E-05
  0.351152E-05
  0.354232E-05
  0.357312E-05
  0.360393E-05
  0.363473E-05
  0.366553E-05
  0.369634E-05
  0.372714E-05
  0.375794E-05
  0.378874E-05
  0.381955E-05
  0.385035E-05
  0.388115E-05
  0.391196E-05
  0.394276E-05
  0.397356E-05
  0.400436E-05
  0.403517E-05
  0.406597E-05
  0.409677E-05
  0.412758E-05
  0.415838E-05
  0.418918E-05
  0.421998E-05
  0.425079E-05
  0.428159E-05
  0.431239E-05
  0.434319E-05
  0.437400E-05
  0.440480E-05
  0.443560E-05
  0.446641E-05
  0.449721E-05
  0.452801E-05
  0.455881E-05
  0.458962E-05
  0.462042E-05
  0.465122E-05
  0.468203E-05
  0.471283E-05
  0.474363E-05
  0.477443E-05
  0.480524E-05
  0.483604E-05
  0.486684E-05
  0.489765E-05
  0.492845E-05
  0.495925E-05
  0.499005E-05
  0.502086E-05
  0.505166E-05
  0.508246E-05
  0.511326E-05
  0.514407E-05
  0.517487E-05
  0.520567E-05
  0.523648E-05
  0.526728E-05
  0.529808E-05
  0.532888E-05
  0.535969E-05
  0.539049E-05
  0.542129E-05
  0.545210E-05
  0.548290E-05
  0.551370E-05
  0.554450E-05
  0.557531E-05
  0.560611E-05
  0.563691E-05
  0.566772E-05
  0.569852E-05
  0.572932E-05
  0.576012E-05
  0.579093E-05
  0.582173E-05
  0.585253E-05
  0.588333E-05
  0.591414E-05
  0.594494E-05
  0.597574E-05
  0.600655E-05
  0.603735E-05
  0.606815E-05
  0.609895E-05
  0.612976E-05
  0.616056E-05
  0.619136E-05
  0.622217E-05
  0.625297E-05
  0.628377E-05
  0.631457E-05
  0.634538E-05
  0.637618E-05
  0.640698E-05
  0.643779E-05
  0.646859E-05
  0.649939E-05
  0.653019E-05
  0.656100E-05
  0.659180E-05
  0.662260E-05
  0.665340E-05
  0.668421E-05
  0.671501E-05
  0.674581E-05
  0.677662E-05
  0.680742E-05
  0.683822E-05
  0.686902E-05
  0.689983E-05
  0.691277E-05
  0.690371E-05
  0.687680E-05
  0.684988E-05
  0.682296E-05
  0.679604E-05
  0.676913E-05
  0.674221E-05
  0.671529E-05
  0.668838E-05
  0.666146E-05
  0.663454E-05
  0.660762E-05
  0.658071E-05
  0.655379E-05
  0.652687E-05
  0.649995E-05
  0.647304E-05
  0.644612E-05
  0.641920E-05
  0.639229E-05
  0.636537E-05
  0.633845E-05
  0.631153E-05
  0.628462E-05
  0.625770E-05
  0.623078E-05
  0.620387E-05
  0.617695E-05
  0.615003E-05
  0.612311E-05
  0.609620E-05
  0.606928E-05
  0.604236E-05
  0.601544E-05
  0.598853E-05
  0.596161E-05
  0.593469E-05
  0.590778E-05
  0.588086E-05
  0.585394E-05
  0.582702E-05
  0.580011E-05
  0.577319E-05
  0.574627E-05
  0.571936E-05
  0.569244E-05
  0.566552E-05
  0.563860E-05
  0.561169E-05
  0.558477E-05
  0.555785E-05
  0.553093E-05
  0.550402E-05
  0.547710E-05
  0.545018E-05
  0.542327E-05
  0.539635E-05
  0.536943E-05
  0.534251E-05
  0.531560E-05
  0.528868E-05
  0.526176E-05
  0.523485E-05
  0.520793E-05
  0.518101E-05
  0.515409E-05
  0.512718E-05
  0.510026E-05
  0.507334E-05
  0.504642E-05
  0.501951E-05
  0.499259E-05
  0.496567E-05
  0.493876E-05
  0.491184E-05
  0.488492E-05
  0.485800E-05
  0.483109E-05
  0.480417E-05
  0.477725E-05
  0.475034E-05
  0.472342E-05
  0.469650E-05
  0.466958E-05
  0.464267E-05
  0.461575E-05
  0.458883E-05
  0.456191E-05
  0.453500E-05
  0.450808E-05
  0.448116E-05
  0.445425E-05
  0.442733E-05
  0.440041E-05
  0.437349E-05
  0.434658E-05
  0.431966E-05
  0.429274E-05
  0.426583E-05
  0.423891E-05
  0.421199E-05
  0.418507E-05
  0.415816E-05
  0.413124E-05
  0.410432E-05
  0.407740E-05
  0.405049E-05
  0.402357E-05
  0.399665E-05
  0.396974E-05
  0.394282E-05
  0.391590E-05
  0.388898E-05
  0.386207E-05
  0.383515E-05
  0.380823E-05
  0.378132E-05
  0.375440E-05
  0.372748E-05
  0.370056E-05
  0.367365E-05
  0.364673E-05
  0.361981E-05
  0.359289E-05
  0.356598E-05
  0.353906E-05
  0.351214E-05
  0.348523E-05
  0.345831E-05
  0.343139E-05
  0.340447E-05
  0.337756E-05
  0.335064E-05
  0.332372E-05
  0.329681E-05
  0.326989E-05
  0.324297E-05
  0.321605E-05
  0.318914E-05
  0.316222E-05
  0.313530E-05
  0.310839E-05
  0.308147E-05
  0.305455E-05
  0.302763E-05
  0.300072E-05
  0.297380E-05
  0.294688E-05
  0.291996E-05
  0.289305E-05
  0.286613E-05
  0.283921E-05
  0.281230E-05
  0.278538E-05
  0.275846E-05
  0.273154E-05
  0.270463E-05
  0.267771E-05
  0.265079E-05
  0.262388E-05
  0.259696E-05
  0.257004E-05
  0.254312E-05
  0.251621E-05
  0.248929E-05
  0.246237E-05
  0.243545E-05
  0.240854E-05
  0.238162E-05
  0.235470E-05
  0.232779E-05
  0.230087E-05
  0.227395E-05
  0.224703E-05
  0.222012E-05
  0.219320E-05
  0.216628E-05
  0.213937E-05
  0.211245E-05
  0.208553E-05
  0.205861E-05
  0.203170E-05
  0.200478E-05
  0.197786E-05
  0.195094E-05
  0.192403E-05
  0.189711E-05
  0.187019E-05
  0.184328E-05
  0.181636E-05
  0.178944E-05
  0.176252E-05
  0.173561E-05
  0.170869E-05
  0.168177E-05
  0.165486E-05
  0.162794E-05
  0.160102E-05
  0.157410E-05
  0.154719E-05
  0.152027E-05
  0.149335E-05
  0.146643E-05
  0.143952E-05
  0.141260E-05
  0.138568E-05
  0.135877E-05
  0.133185E-05
  0.130493E-05
  0.127801E-05
  0.125110E-05
  0.122418E-05
  0.119726E-05
  0.117035E-05
  0.114343E-05
  0.111651E-05
  0.108959E-05
  0.106268E-05
  0.103576E-05
  0.100884E-05
  0.981925E-06
  0.955008E-06
  0.928090E-06
  0.901173E-06
  0.881349E-06
  0.870370E-06
  0.866485E-06
  0.862599E-06
  0.858714E-06
  0.854828E-06
  0.850943E-06
  0.847057E-06
  0.843171E-06
  0.839286E-06
  0.835400E-06
  0.831515E-06
  0.827629E-06
  0.823743E-06
  0.819858E-06
  0.815972E-06
  0.812087E-06
  0.808201E-06
  0.804316E-06
  0.800430E-06
  0.796544E-06
  0.792659E-06
  0.788773E-06
  0.784888E-06
  0.781002E-06
  0.777116E-06
  0.773231E-06
  0.769345E-06
  0.765460E-06
  0.761574E-06
  0.757689E-06
  0.753803E-06
  0.749917E-06
  0.746032E-06
  0.742146E-06
  0.738261E-06
  0.734375E-06
  0.730489E-06
  0.726604E-06
  0.722718E-06
  0.718833E-06
  0.714947E-06
  0.711062E-06
  0.707176E-06
  0.703290E-06
  0.699405E-06
  0.695519E-06
  0.691634E-06
  0.687748E-06
  0.683862E-06
  0.679977E-06
  0.676091E-06
  0.672206E-06
  0.668320E-06
  0.664435E-06
  0.660549E-06
  0.656663E-06
  0.652778E-06
  0.648892E-06
  0.645007E-06
  0.641121E-06
  0.637235E-06
  0.633350E-06
  0.629464E-06
  0.625579E-06
  0.621693E-06
  0.617808E-06
  0.613922E-06
  0.610036E-06
  0.606151E-06
  0.602265E-06
  0.598380E-06
  0.594494E-06
  0.590608E-06
  0.586723E-06
  0.582837E-06
  0.578952E-06
  0.575066E-06
  0.571181E-06
  0.567295E-06
  0.563409E-06
  0.559524E-06
  0.555638E-06
  0.551753E-06
  0.547867E-06
  0.543982E-06
  0.540096E-06
  0.536210E-06
  0.532325E-06
  0.528439E-06
  0.524554E-06
  0.520668E-06
  0.516782E-06
  0.512897E-06
  0.509011E-06
  0.505126E-06
  0.501240E-06
  0.497355E-06
  0.493469E-06
  0.489583E-06
  0.485698E-06
  0.481812E-06
  0.477927E-06
  0.474041E-06
  0.470155E-06
  0.466270E-06
  0.462384E-06
  0.458499E-06
  0.454613E-06
  0.450728E-06
  0.446842E-06
  0.442956E-06
  0.439071E-06
  0.435185E-06
  0.431300E-06
  0.427414E-06
  0.423528E-06
  0.419643E-06
  0.415757E-06
  0.411872E-06
  0.407986E-06
  0.404101E-06
  0.400215E-06
  0.396329E-06
  0.392444E-06
  0.388558E-06
  0.384673E-06
  0.380787E-06
  0.376901E-06
  0.373016E-06
  0.369130E-06
  0.365245E-06
  0.361359E-06
  0.357474E-06
  0.353588E-06
  0.349702E-06
  0.345817E-06
  0.341931E-06
  0.338046E-06
  0.334160E-06
  0.330274E-06
  0.326389E-06
  0.322503E-06
  0.318618E-06
  0.314732E-06
  0.310847E-06
  0.306961E-06
  0.303075E-06
  0.299190E-06
  0.295304E-06
  0.291419E-06
  0.287533E-06
  0.283648E-06
  0.279762E-06
  0.275876E-06
  0.271991E-06
  0.268105E-06
  0.264220E-06
  0.260334E-06
  0.256448E-06
  0.252563E-06
  0.248677E-06
  0.244792E-06
  0.240906E-06
  0.237021E-06
  0.233135E-06
  0.229249E-06
  0.225364E-06
  0.221478E-06
  0.217593E-06
  0.213707E-06
  0.209821E-06
  0.205936E-06
  0.202050E-06
  0.198165E-06
  0.194279E-06
  0.190394E-06
  0.186508E-06
  0.182622E-06
  0.178737E-06
  0.174851E-06
  0.170966E-06
  0.167080E-06
  0.163194E-06
  0.159309E-06
  0.155423E-06
  0.151538E-06
  0.147652E-06
  0.143767E-06
  0.139881E-06
  0.135995E-06
  0.132110E-06
  0.128224E-06
  0.124339E-06
  0.120453E-06
  0.116567E-06
  0.112682E-06
  0.108796E-06
  0.104911E-06
  0.101025E-06
  0.971396E-07
  0.932540E-07
  0.893684E-07
  0.854828E-07
  0.815972E-07
  0.777116E-07
  0.738261E-07
  0.699405E-07
  0.660549E-07
  0.621693E-07
  0.582837E-07
  0.543982E-07
  0.505126E-07
  0.466270E-07
  0.427414E-07
  0.388558E-07
  0.349702E-07
  0.310847E-07
  0.271991E-07
  0.233135E-07
  0.194279E-07
  0.155423E-07
  0.116567E-07
  0.777116E-08
  0.388558E-08
  0.119038E-08
  0.000000E+00
  0.000000E+00
  0.000000E+00
  0.000000E+00
  0.000000E+00
  0.000000E+00
  0.000000E+00
  0.000000E+00
  0.000000E+00
  0.000000E+00
  0.000000E+00
  0.000000E+00
  0.000000E+00
  0.000000E+00
  0.000000E+00
  0.000000E+00
  0.000000E+00
  0.000000E+00
  0.000000E+00
  0.000000E+00
  0.000000E+00
  0.000000E+00
  0.000000E+00
  0.000000E+00
  0.000000E+00
  0.000000E+00
  0.000000E+00
  0.000000E+00
  0.000000E+00
  0.000000E+00
  0.000000E+00
  0.000000E+00
  0.000000E+00
  0.000000E+00
  0.000000E+00
  0.000000E+00
  0.000000E+00
  0.000000E+00
  0.000000E+00
  0.000000E+00
  0.000000E+00
  0.000000E+00
  0.000000E+00
  0.000000E+00
  0.000000E+00
  0.000000E+00
  0.000000E+00
  0.000000E+00
  0.000000E+00
  0.000000E+00
  0.000000E+00
  0.000000E+00
  0.000000E+00
  0.000000E+00
  0.000000E+00
  0.000000E+00
  0.000000E+00
  0.000000E+00
  0.000000E+00
  0.000000E+00
  0.000000E+00
  0.000000E+00
  0.000000E+00
  0.000000E+00
  0.000000E+00
  0.000000E+00
  0.000000E+00
  0.000000E+00
  0.000000E+00
  0.000000E+00
  0.000000E+00
  0.000000E+00
  0.000000E+00
  0.000000E+00
  0.000000E+00
  0.000000E+00
  0.000000E+00
  0.000000E+00
  0.000000E+00
  0.000000E+00
  0.000000E+00
  0.000000E+00
  0.000000E+00
  0.000000E+00
  0.000000E+00
  0.000000E+00
  0.000000E+00
  0.000000E+00
  0.000000E+00
  0.000000E+00
  0.000000E+00
  0.000000E+00
  0.000000E+00
  0.000000E+00
  0.000000E+00
  0.000000E+00
  0.000000E+00
  0.000000E+00
  0.000000E+00
  0.000000E+00
  0.000000E+00
  0.000000E+00
  0.000000E+00
  0.000000E+00
  0.000000E+00
  0.000000E+00
  0.000000E+00
  0.000000E+00
  0.000000E+00
  0.000000E+00
  0.000000E+00
  0.000000E+00
  0.000000E+00
  0.000000E+00
  0.000000E+00
  0.000000E+00
  0.000000E+00
  0.000000E+00
  0.000000E+00
  0.000000E+00
  0.000000E+00
  0.000000E+00
  0.000000E+00
  0.000000E+00
  0.000000E+00
  0.000000E+00
  0.000000E+00
  0.000000E+00
  0.000000E+00
  0.000000E+00
  0.000000E+00
  0.000000E+00
  0.000000E+00
  0.000000E+00
  0.000000E+00
  0.000000E+00
  0.000000E+00
  0.000000E+00
  0.000000E+00
  0.000000E+00
  0.000000E+00
  0.000000E+00
  0.000000E+00
  0.000000E+00
  0.000000E+00
  0.000000E+00
  0.000000E+00
  0.000000E+00
  0.000000E+00
  0.000000E+00
  0.000000E+00
  0.000000E+00
  0.000000E+00
  0.000000E+00
  0.000000E+00
  0.000000E+00
  0.000000E+00
  0.000000E+00
  0.000000E+00
  0.000000E+00
  0.000000E+00
  0.000000E+00
  0.000000E+00
  0.000000E+00
  0.000000E+00
  0.000000E+00
  0.000000E+00
  0.000000E+00
  0.000000E+00
  0.000000E+00
  0.000000E+00
  0.000000E+00
  0.000000E+00
  0.000000E+00
  0.000000E+00
  0.000000E+00
  0.000000E+00
  0.000000E+00
  0.000000E+00
  0.000000E+00
  0.000000E+00
  0.000000E+00
  0.000000E+00
  0.000000E+00
  0.000000E+00
  0.000000E+00
  0.000000E+00
  0.000000E+00
  0.000000E+00
  0.000000E+00
  0.000000E+00
  0.000000E+00
  0.000000E+00
  0.000000E+00
  0.000000E+00
  0.000000E+00
  0.000000E+00
  0.000000E+00
  0.000000E+00
  0.000000E+00
  0.000000E+00
  0.000000E+00
  0.000000E+00
  0.000000E+00
  0.000000E+00
  0.000000E+00
  0.000000E+00
  0.000000E+00
  0.000000E+00
  0.000000E+00
  0.000000E+00
  0.000000E+00
  0.000000E+00
  0.000000E+00
  0.000000E+00
  0.000000E+00
  0.000000E+00
  0.000000E+00
  0.000000E+00
  0.000000E+00
  0.000000E+00
  0.000000E+00
  0.000000E+00
  0.000000E+00
  0.534140E-09
  0.175425E-08
  0.350851E-08
  0.526276E-08
  0.701701E-08
  0.877127E-08
  0.105255E-07
  0.122798E-07
  0.140340E-07
  0.157883E-07
  0.175425E-07
  0.192968E-07
  0.210510E-07
  0.228053E-07
  0.245595E-07
  0.263138E-07
  0.280681E-07
  0.298223E-07
  0.315766E-07
  0.333308E-07
  0.350851E-07
  0.368393E-07
  0.385936E-07
  0.403478E-07
  0.421021E-07
  0.438563E-07
  0.456106E-07
  0.473648E-07
  0.491191E-07
  0.508733E-07
  0.526276E-07
  0.543819E-07
  0.561361E-07
  0.578904E-07
  0.596446E-07
  0.613989E-07
  0.631531E-07
  0.649074E-07
  0.666616E-07
  0.684159E-07
  0.701701E-07
  0.719244E-07
  0.736786E-07
  0.754329E-07
  0.771871E-07
  0.789414E-07
  0.806957E-07
  0.824499E-07
  0.842042E-07
  0.859584E-07
  0.877127E-07
  0.894669E-07
  0.912212E-07
  0.929754E-07
  0.947297E-07
  0.964839E-07
  0.982382E-07
  0.999924E-07
  0.101747E-06
  0.103501E-06
  0.105255E-06
  0.107009E-06
  0.108764E-06
  0.110518E-06
  0.112272E-06
  0.114026E-06
  0.115781E-06
  0.117535E-06
  0.119289E-06
  0.121043E-06
  0.122798E-06
  0.124552E-06
  0.126306E-06
  0.128060E-06
  0.129815E-06
  0.131569E-06
  0.133323E-06
  0.135078E-06
  0.136832E-06
  0.138586E-06
  0.140340E-06
  0.142095E-06
  0.143849E-06
  0.145603E-06
  0.147357E-06
  0.149112E-06
  0.150866E-06
  0.152620E-06
  0.154374E-06
  0.156129E-06
  0.157883E-06
  0.159637E-06
  0.161391E-06
  0.163146E-06
  0.164900E-06
  0.166654E-06
  0.168408E-06
  0.170163E-06
  0.171917E-06
  0.173671E-06
  0.175425E-06
  0.177180E-06
  0.178934E-06
  0.180688E-06
  0.182442E-06
  0.184197E-06
  0.185951E-06
  0.187705E-06
  0.189459E-06
  0.191214E-06
  0.192968E-06
  0.194722E-06
  0.196476E-06
  0.198231E-06
  0.199985E-06
  0.201739E-06
  0.203493E-06
  0.205248E-06
  0.207002E-06
  0.208756E-06
  0.210510E-06
  0.212265E-06
  0.214019E-06
  0.215773E-06
  0.217527E-06
  0.219282E-06
  0.221036E-06
  0.222790E-06
  0.224544E-06
  0.226299E-06
  0.228053E-06
  0.229807E-06
  0.231561E-06
  0.233316E-06
  0.235070E-06
  0.236824E-06
  0.238578E-06
  0.240333E-06
  0.242087E-06
  0.243841E-06
  0.245595E-06
  0.247350E-06
  0.249104E-06
  0.250858E-06
  0.252612E-06
  0.254367E-06
  0.256121E-06
  0.257875E-06
  0.259629E-06
  0.261384E-06
  0.263138E-06
  0.264892E-06
  0.266647E-06
  0.268401E-06
  0.270155E-06
  0.271909E-06
  0.273664E-06
  0.275418E-06
  0.277172E-06
  0.278926E-06
  0.280681E-06
  0.282435E-06
  0.284189E-06
  0.285943E-06
  0.287698E-06
  0.289452E-06
  0.291206E-06
  0.292960E-06
  0.294715E-06
  0.296469E-06
  0.298223E-06
  0.299977E-06
  0.301732E-06
  0.303486E-06
  0.305240E-06
  0.306994E-06
  0.308749E-06
  0.310503E-06
  0.312257E-06
  0.314011E-06
  0.315766E-06
  0.317520E-06
  0.319274E-06
  0.321028E-06
  0.322783E-06
  0.324537E-06
  0.326291E-06
  0.328045E-06
  0.329800E-06
  0.331554E-06
  0.333308E-06
  0.335062E-06
  0.336817E-06
  0.338571E-06
  0.340325E-06
  0.342079E-06
  0.343834E-06
  0.345588E-06
  0.347342E-06
  0.349096E-06
  0.350851E-06
  0.352605E-06
  0.354359E-06
  0.356113E-06
  0.357868E-06
  0.359622E-06
  0.361376E-06
  0.363130E-06
  0.364885E-06
  0.366639E-06
  0.368393E-06
  0.370147E-06
  0.371902E-06
  0.373656E-06
  0.375410E-06
  0.377164E-06
  0.378919E-06
  0.380673E-06
  0.382427E-06
  0.384181E-06
  0.385936E-06
  0.387690E-06
  0.389444E-06
  0.391198E-06
  0.392953E-06
  0.393646E-06
  0.392953E-06
  0.391198E-06
  0.389444E-06
  0.387690E-06
  0.385936E-06
  0.384181E-06
  0.382427E-06
  0.380673E-06
  0.378919E-06
  0.377164E-06
  0.375410E-06
  0.373656E-06
  0.371902E-06
  0.370147E-06
  0.368393E-06
  0.366639E-06
  0.364885E-06
  0.363130E-06
  0.361376E-06
  0.359622E-06
  0.357868E-06
  0.356113E-06
  0.354359E-06
  0.352605E-06
  0.350851E-06
  0.349096E-06
  0.347342E-06
  0.345588E-06
  0.343834E-06
  0.342079E-06
  0.340325E-06
  0.338571E-06
  0.336817E-06
  0.335062E-06
  0.333308E-06
  0.331554E-06
  0.329800E-06
  0.328045E-06
  0.326291E-06
  0.324537E-06
  0.322783E-06
  0.321028E-06
  0.319274E-06
  0.317520E-06
  0.315766E-06
  0.314011E-06
  0.312257E-06
  0.310503E-06
  0.308749E-06
  0.306994E-06
  0.305240E-06
  0.303486E-06
  0.301732E-06
  0.299977E-06
  0.298223E-06
  0.296469E-06
  0.294715E-06
  0.292960E-06
  0.291206E-06
  0.289452E-06
  0.287698E-06
  0.285943E-06
  0.284189E-06
  0.282435E-06
  0.280681E-06
  0.278926E-06
  0.277172E-06
  0.275418E-06
  0.273664E-06
  0.271909E-06
  0.270155E-06
  0.268401E-06
  0.266647E-06
  0.264892E-06
  0.263138E-06
  0.261384E-06
  0.259629E-06
  0.257875E-06
  0.256121E-06
  0.254367E-06
  0.252612E-06
  0.250858E-06
  0.249104E-06
  0.247350E-06
  0.245595E-06
  0.243841E-06
  0.242087E-06
  0.240333E-06
  0.238578E-06
  0.236824E-06
  0.235070E-06
  0.233316E-06
  0.231561E-06
  0.229807E-06
  0.228053E-06
  0.226299E-06
  0.224544E-06
  0.222790E-06
  0.221036E-06
  0.219282E-06
  0.217527E-06
  0.215773E-06
  0.214019E-06
  0.212265E-06
  0.210510E-06
  0.208756E-06
  0.207002E-06
  0.205248E-06
  0.203493E-06
  0.201739E-06
  0.199985E-06
  0.198231E-06
  0.196476E-06
  0.194722E-06
  0.192968E-06
  0.191214E-06
  0.189459E-06
  0.187705E-06
  0.185951E-06
  0.184197E-06
  0.182442E-06
  0.180688E-06
  0.178934E-06
  0.177180E-06
  0.175425E-06
  0.173671E-06
  0.171917E-06
  0.170163E-06
  0.168408E-06
  0.166654E-06
  0.164900E-06
  0.163146E-06
  0.161391E-06
  0.159637E-06
  0.157883E-06
  0.156129E-06
  0.154374E-06
  0.152620E-06
  0.150866E-06
  0.149112E-06
  0.147357E-06
  0.145603E-06
  0.143849E-06
  0.142095E-06
  0.140340E-06
  0.138586E-06
  0.136832E-06
  0.135078E-06
  0.133323E-06
  0.131569E-06
  0.129815E-06
  0.128060E-06
  0.126306E-06
  0.124552E-06
  0.122798E-06
  0.121043E-06
  0.119289E-06
  0.117535E-06
  0.115781E-06
  0.114026E-06
  0.112272E-06
  0.110518E-06
  0.108764E-06
  0.107009E-06
  0.105255E-06
  0.103501E-06
  0.101747E-06
  0.999924E-07
  0.982382E-07
  0.964839E-07
  0.947297E-07
  0.929754E-07
  0.912212E-07
  0.894669E-07
  0.877127E-07
  0.859584E-07
  0.842042E-07
  0.824499E-07
  0.806957E-07
  0.789414E-07
  0.771871E-07
  0.754329E-07
  0.736786E-07
  0.719244E-07
  0.701701E-07
  0.684159E-07
  0.666616E-07
  0.649074E-07
  0.631531E-07
  0.613989E-07
  0.596446E-07
  0.578904E-07
  0.561361E-07
  0.543819E-07
  0.526276E-07
  0.508733E-07
  0.491191E-07
  0.473648E-07
  0.456106E-07
  0.438563E-07
  0.421021E-07
  0.403478E-07
  0.385936E-07
  0.368393E-07
  0.350851E-07
  0.333308E-07
  0.315766E-07
  0.298223E-07
  0.280681E-07
  0.263138E-07
  0.245595E-07
  0.228053E-07
  0.210510E-07
  0.192968E-07
  0.175425E-07
  0.157883E-07
  0.140340E-07
  0.122798E-07
  0.105255E-07
  0.877127E-08
  0.701701E-08
  0.526276E-08
  0.350851E-08
  0.175425E-08
  0.526247E-09
  0.000000E+00
  0.000000E+00
  0.000000E+00
  0.000000E+00
  0.000000E+00
  0.000000E+00
  0.000000E+00
  0.000000E+00
  0.000000E+00
  0.000000E+00
  0.000000E+00
  0.000000E+00
  0.000000E+00
  0.000000E+00
  0.000000E+00
  0.000000E+00
  0.000000E+00
  0.000000E+00
  0.000000E+00
  0.000000E+00
  0.000000E+00
  0.000000E+00
  0.000000E+00
  0.000000E+00
  0.000000E+00
  0.000000E+00
  0.000000E+00
  0.000000E+00
  0.000000E+00
  0.000000E+00
  0.000000E+00
  0.000000E+00
  0.000000E+00
  0.000000E+00
  0.000000E+00
  0.000000E+00
  0.000000E+00
  0.000000E+00
  0.000000E+00
  0.000000E+00
  0.000000E+00
  0.000000E+00
  0.000000E+00
  0.000000E+00
  0.000000E+00
  0.000000E+00
  0.000000E+00
  0.000000E+00
  0.000000E+00
  0.000000E+00
  0.000000E+00
  0.000000E+00
  0.000000E+00
  0.000000E+00
  0.000000E+00
  0.000000E+00
  0.000000E+00
  0.000000E+00
  0.000000E+00
  0.000000E+00
  0.000000E+00
  0.000000E+00
  0.000000E+00
  0.000000E+00
  0.000000E+00
  0.000000E+00
  0.000000E+00
  0.000000E+00
  0.000000E+00
  0.000000E+00
  0.000000E+00
  0.000000E+00
  0.000000E+00
  0.000000E+00
  0.000000E+00
  0.000000E+00
  0.000000E+00
  0.000000E+00
  0.000000E+00
  0.000000E+00
  0.000000E+00
  0.000000E+00
  0.000000E+00
  0.000000E+00
  0.000000E+00
  0.000000E+00
  0.000000E+00
  0.000000E+00
  0.000000E+00
  0.000000E+00
  0.000000E+00
  0.000000E+00
  0.000000E+00
  0.000000E+00
  0.000000E+00
  0.000000E+00
  0.000000E+00
  0.000000E+00
  0.000000E+00
  0.000000E+00
  0.000000E+00
  0.000000E+00
  0.000000E+00
  0.000000E+00
  0.000000E+00
  0.000000E+00
  0.000000E+00
  0.000000E+00
  0.000000E+00
  0.000000E+00
  0.000000E+00
  0.000000E+00
  0.000000E+00
  0.000000E+00
  0.000000E+00
  0.000000E+00
  0.000000E+00
  0.000000E+00
  0.000000E+00
  0.000000E+00
  0.000000E+00
  0.000000E+00
  0.000000E+00
  0.000000E+00
  0.000000E+00
  0.000000E+00
  0.000000E+00
  0.000000E+00
  0.000000E+00
  0.000000E+00
  0.000000E+00
  0.000000E+00
  0.000000E+00
  0.000000E+00
  0.000000E+00
  0.000000E+00
  0.000000E+00
  0.000000E+00
  0.000000E+00
  0.000000E+00
  0.000000E+00
  0.000000E+00
  0.000000E+00
  0.000000E+00
  0.000000E+00
  0.000000E+00
  0.000000E+00
  0.000000E+00
  0.000000E+00
  0.000000E+00
  0.000000E+00
  0.000000E+00
  0.000000E+00
  0.000000E+00
  0.000000E+00
  0.000000E+00
  0.000000E+00
  0.000000E+00
  0.000000E+00
  0.000000E+00
  0.000000E+00
  0.000000E+00
  0.000000E+00
  0.000000E+00
  0.000000E+00
  0.000000E+00
  0.000000E+00
  0.000000E+00
  0.000000E+00
  0.000000E+00
  0.000000E+00
  0.000000E+00
  0.000000E+00
  0.000000E+00
  0.000000E+00
  0.000000E+00
  0.000000E+00
  0.000000E+00
  0.000000E+00
  0.000000E+00
  0.000000E+00
  0.000000E+00
  0.000000E+00
  0.000000E+00
  0.000000E+00
  0.000000E+00
  0.000000E+00
  0.000000E+00
  0.000000E+00
  0.000000E+00
  0.000000E+00
  0.000000E+00
  0.000000E+00
  0.000000E+00
  0.000000E+00
  0.000000E+00
  0.000000E+00
  0.000000E+00
  0.000000E+00
  0.000000E+00
  0.000000E+00
  0.000000E+00
  0.000000E+00
  0.000000E+00
  0.000000E+00
  0.000000E+00
  0.000000E+00
  0.000000E+00
  0.000000E+00
  0.000000E+00
  0.000000E+00
  0.000000E+00
  0.000000E+00
  0.000000E+00
  0.000000E+00
  0.000000E+00
  0.000000E+00
  0.000000E+00
  0.000000E+00
  0.000000E+00
  0.000000E+00
  0.000000E+00
  0.000000E+00
  0.000000E+00
  0.000000E+00
  0.000000E+00
  0.000000E+00
  0.000000E+00
  0.000000E+00
  0.000000E+00
  0.000000E+00
  0.000000E+00
  0.000000E+00
  0.000000E+00
  0.000000E+00
  0.000000E+00
  0.000000E+00
  0.000000E+00
  0.000000E+00
  0.000000E+00
  0.000000E+00
  0.000000E+00
  0.000000E+00
  0.000000E+00
  0.000000E+00
  0.000000E+00
  0.000000E+00
  0.000000E+00
  0.000000E+00
  0.000000E+00
  0.000000E+00
  0.000000E+00
  0.000000E+00
  0.000000E+00
  0.000000E+00
  0.000000E+00
  0.000000E+00
  0.000000E+00
  0.000000E+00
  0.000000E+00
  0.000000E+00
  0.000000E+00
  0.000000E+00
  0.000000E+00
  0.000000E+00
  0.000000E+00
  0.000000E+00
  0.000000E+00
  0.000000E+00
  0.000000E+00
  0.000000E+00
  0.000000E+00
  0.000000E+00
  0.000000E+00
  0.000000E+00
  0.000000E+00
  0.000000E+00
  0.000000E+00
  0.000000E+00
  0.000000E+00
  0.000000E+00
  0.000000E+00
  0.000000E+00
  0.000000E+00
  0.000000E+00
  0.000000E+00
  0.000000E+00
  0.000000E+00
  0.000000E+00
  0.000000E+00
  0.000000E+00
  0.000000E+00
  0.000000E+00
  0.000000E+00
  0.000000E+00
  0.000000E+00
  0.000000E+00
  0.000000E+00
  0.000000E+00
  0.000000E+00
  0.000000E+00
  0.000000E+00
  0.000000E+00
  0.000000E+00
  0.000000E+00
  0.000000E+00
  0.000000E+00
  0.000000E+00
  0.000000E+00
  0.000000E+00
  0.000000E+00
  0.000000E+00
  0.000000E+00
  0.000000E+00
  0.000000E+00
  0.000000E+00
  0.000000E+00
  0.000000E+00
  0.000000E+00
  0.000000E+00
  0.000000E+00
  0.000000E+00
  0.000000E+00
  0.000000E+00
  0.000000E+00
  0.000000E+00
  0.000000E+00
  0.000000E+00
  0.000000E+00
  0.000000E+00
  0.000000E+00
  0.000000E+00
  0.000000E+00
  0.000000E+00
  0.000000E+00
  0.000000E+00
  0.000000E+00
  0.000000E+00
  0.000000E+00
  0.000000E+00
  0.000000E+00
  0.000000E+00
  0.000000E+00
  0.000000E+00
  0.000000E+00
  0.000000E+00
  0.000000E+00
  0.000000E+00
  0.000000E+00
  0.000000E+00
  0.000000E+00
  0.000000E+00
  0.000000E+00
  0.000000E+00
  0.000000E+00
  0.000000E+00
  0.000000E+00
  0.000000E+00
  0.000000E+00
  0.000000E+00
  0.000000E+00
  0.000000E+00
  0.000000E+00
  0.000000E+00
  0.000000E+00
  0.000000E+00
  0.000000E+00
  0.000000E+00
  0.000000E+00
  0.000000E+00
  0.000000E+00
  0.000000E+00
  0.000000E+00
  0.000000E+00
  0.000000E+00
  0.000000E+00
  0.000000E+00
  0.000000E+00
  0.000000E+00
  0.000000E+00
  0.000000E+00
  0.000000E+00
  0.000000E+00
  0.000000E+00
  0.000000E+00
  0.000000E+00
  0.000000E+00
  0.000000E+00
  0.000000E+00
  0.000000E+00
  0.000000E+00
  0.000000E+00
  0.000000E+00
  0.000000E+00
  0.000000E+00
  0.000000E+00
  0.000000E+00
  0.000000E+00
  0.000000E+00
  0.000000E+00
  0.000000E+00
  0.000000E+00
  0.000000E+00
  0.000000E+00
  0.000000E+00
  0.000000E+00
  0.000000E+00
  0.000000E+00
  0.000000E+00
  0.000000E+00
  0.000000E+00
  0.000000E+00
  0.000000E+00
  0.000000E+00
  0.000000E+00
  0.000000E+00
  0.000000E+00
  0.000000E+00
  0.000000E+00
  0.000000E+00
  0.000000E+00
  0.000000E+00
  0.000000E+00
  0.000000E+00
  0.000000E+00
  0.000000E+00
  0.000000E+00
  0.000000E+00
  0.000000E+00
  0.000000E+00
  0.000000E+00
  0.000000E+00
  0.000000E+00
  0.000000E+00
  0.000000E+00
  0.000000E+00
  0.000000E+00
  0.000000E+00
  0.000000E+00
  0.000000E+00
  0.000000E+00
  0.000000E+00
  0.000000E+00
  0.000000E+00
  0.000000E+00
  0.000000E+00
  0.000000E+00
  0.000000E+00
  0.000000E+00
  0.264847E-10
  0.899360E-10
  0.179872E-09
  0.269808E-09
  0.359744E-09
  0.449680E-09
  0.539616E-09
  0.629552E-09
  0.719488E-09
  0.809424E-09
  0.899360E-09
  0.989296E-09
  0.107923E-08
  0.116917E-08
  0.125910E-08
  0.134904E-08
  0.143898E-08
  0.152891E-08
  0.161885E-08
  0.170878E-08
  0.179872E-08
  0.188866E-08
  0.197859E-08
  0.206853E-08
  0.215846E-08
  0.224840E-08
  0.233834E-08
  0.242827E-08
  0.251821E-08
  0.260814E-08
  0.269808E-08
  0.278802E-08
  0.287795E-08
  0.296789E-08
  0.305782E-08
  0.314776E-08
  0.323770E-08
  0.332763E-08
  0.341757E-08
  0.350750E-08
  0.359744E-08
  0.368738E-08
  0.377731E-08
  0.386725E-08
  0.395718E-08
  0.404712E-08
  0.413706E-08
  0.422699E-08
  0.431693E-08
  0.440686E-08
  0.449680E-08
  0.458674E-08
  0.467667E-08
  0.476661E-08
  0.485654E-08
  0.494648E-08
  0.503642E-08
  0.512635E-08
  0.521629E-08
  0.530622E-08
  0.539616E-08
  0.548610E-08
  0.557603E-08
  0.566597E-08
  0.575590E-08
  0.584584E-08
  0.593578E-08
  0.602571E-08
  0.611565E-08
  0.620558E-08
  0.629552E-08
  0.638546E-08
  0.647539E-08
  0.656533E-08
  0.665526E-08
  0.674520E-08
  0.683514E-08
  0.692507E-08
  0.701501E-08
  0.710494E-08
  0.719488E-08
  0.728482E-08
  0.737475E-08
  0.746469E-08
  0.755462E-08
  0.764456E-08
  0.773450E-08
  0.782443E-08
  0.791437E-08
  0.800430E-08
  0.809424E-08
  0.818418E-08
  0.827411E-08
  0.836405E-08
  0.845398E-08
  0.854392E-08
  0.863386E-08
  0.872379E-08
  0.881373E-08
  0.890366E-08
  0.899360E-08
  0.908354E-08
  0.917347E-08
  0.926341E-08
  0.935334E-08
  0.944328E-08
  0.953322E-08
  0.962315E-08
  0.971309E-08
  0.980302E-08
  0.989296E-08
  0.998290E-08
  0.100728E-07
  0.101628E-07
  0.102527E-07
  0.103426E-07
  0.104326E-07
  0.105225E-07
  0.106124E-07
  0.107024E-07
  0.107923E-07
  0.108823E-07
  0.109722E-07
  0.110621E-07
  0.111521E-07
  0.112420E-07
  0.113319E-07
  0.114219E-07
  0.115118E-07
  0.116017E-07
  0.116917E-07
  0.117816E-07
  0.118716E-07
  0.119615E-07
  0.120514E-07
  0.121414E-07
  0.122313E-07
  0.123212E-07
  0.124112E-07
  0.125011E-07
  0.125910E-07
  0.126810E-07
  0.127709E-07
  0.128608E-07
  0.129508E-07
  0.130407E-07
  0.131307E-07
  0.132206E-07
  0.133105E-07
  0.134005E-07
  0.134904E-07
  0.135803E-07
  0.136703E-07
  0.137602E-07
  0.138501E-07
  0.139401E-07
  0.140300E-07
  0.141200E-07
  0.142099E-07
  0.142998E-07
  0.143898E-07
  0.144797E-07
  0.145696E-07
  0.146596E-07
  0.147495E-07
  0.148394E-07
  0.149294E-07
  0.150193E-07
  0.151092E-07
  0.151992E-07
  0.152891E-07
  0.153791E-07
  0.154690E-07
  0.155589E-07
  0.156489E-07
  0.157388E-07
  0.158287E-07
  0.159187E-07
  0.160086E-07
  0.160985E-07
  0.161885E-07
  0.162784E-07
  0.163684E-07
  0.164583E-07
  0.165482E-07
  0.166382E-07
  0.167281E-07
  0.168180E-07
  0.169080E-07
  0.169979E-07
  0.170878E-07
  0.171778E-07
  0.172677E-07
  0.173576E-07
  0.174476E-07
  0.175375E-07
  0.176275E-07
  0.177174E-07
  0.178073E-07
  0.178973E-07
  0.179872E-07
  0.180771E-07
  0.181671E-07
  0.182570E-07
  0.183469E-07
  0.184369E-07
  0.185268E-07
  0.186168E-07
  0.187067E-07
  0.187966E-07
  0.188866E-07
  0.189765E-07
  0.190664E-07
  0.191564E-07
  0.192463E-07
  0.193362E-07
  0.194262E-07
  0.195161E-07
  0.196060E-07
  0.196960E-07
  0.197859E-07
  0.198759E-07
  0.199658E-07
  0.200557E-07
  0.201457E-07
  0.201832E-07
  0.201457E-07
  0.200557E-07
  0.199658E-07
  0.198759E-07
  0.197859E-07
  0.196960E-07
  0.196060E-07
  0.195161E-07
  0.194262E-07
  0.193362E-07
  0.192463E-07
  0.191564E-07
  0.190664E-07
  0.189765E-07
  0.188866E-07
  0.187966E-07
  0.187067E-07
  0.186168E-07
  0.185268E-07
  0.184369E-07
  0.183469E-07
  0.182570E-07
  0.181671E-07
  0.180771E-07
  0.179872E-07
  0.178973E-07
  0.178073E-07
  0.177174E-07
  0.176275E-07
  0.175375E-07
  0.174476E-07
  0.173576E-07
  0.172677E-07
  0.171778E-07
  0.170878E-07
  0.169979E-07
  0.169080E-07
  0.168180E-07
  0.167281E-07
  0.166382E-07
  0.165482E-07
  0.164583E-07
  0.163684E-07
  0.162784E-07
  0.161885E-07
  0.160985E-07
  0.160086E-07
  0.159187E-07
  0.158287E-07
  0.157388E-07
  0.156489E-07
  0.155589E-07
  0.154690E-07
  0.153791E-07
  0.152891E-07
  0.151992E-07
  0.151092E-07
  0.150193E-07
  0.149294E-07
  0.148394E-07
  0.147495E-07
  0.146596E-07
  0.145696E-07
  0.144797E-07
  0.143898E-07
  0.142998E-07
  0.142099E-07
  0.141200E-07
  0.140300E-07
  0.139401E-07
  0.138501E-07
  0.137602E-07
  0.136703E-07
  0.135803E-07
  0.134904E-07
  0.134005E-07
  0.133105E-07
  0.132206E-07
  0.131307E-07
  0.130407E-07
  0.129508E-07
  0.128608E-07
  0.127709E-07
  0.126810E-07
  0.125910E-07
  0.125011E-07
  0.124112E-07
  0.123212E-07
  0.122313E-07
  0.121414E-07
  0.120514E-07
  0.119615E-07
  0.118716E-07
  0.117816E-07
  0.116917E-07
  0.116017E-07
  0.115118E-07
  0.114219E-07
  0.113319E-07
  0.112420E-07
  0.111521E-07
  0.110621E-07
  0.109722E-07
  0.108823E-07
  0.107923E-07
  0.107024E-07
  0.106124E-07
  0.105225E-07
  0.104326E-07
  0.103426E-07
  0.102527E-07
  0.101628E-07
  0.100728E-07
  0.998290E-08
  0.989296E-08
  0.980302E-08
  0.971309E-08
  0.962315E-08
  0.953322E-08
  0.944328E-08
  0.935334E-08
  0.926341E-08
  0.917347E-08
  0.908354E-08
  0.899360E-08
  0.890366E-08
  0.881373E-08
  0.872379E-08
  0.863386E-08
  0.854392E-08
  0.845398E-08
  0.836405E-08
  0.827411E-08
  0.818418E-08
  0.809424E-08
  0.800430E-08
  0.791437E-08
  0.782443E-08
  0.773450E-08
  0.764456E-08
  0.755462E-08
  0.746469E-08
  0.737475E-08
  0.728482E-08
  0.719488E-08
  0.710494E-08
  0.701501E-08
  0.692507E-08
  0.683514E-08
  0.674520E-08
  0.665526E-08
  0.656533E-08
  0.647539E-08
  0.638546E-08
  0.629552E-08
  0.620558E-08
  0.611565E-08
  0.602571E-08
  0.593578E-08
  0.584584E-08
  0.575590E-08
  0.566597E-08
  0.557603E-08
  0.548610E-08
  0.539616E-08
  0.530622E-08
  0.521629E-08
  0.512635E-08
  0.503642E-08
  0.494648E-08
  0.485654E-08
  0.476661E-08
  0.467667E-08
  0.458674E-08
  0.449680E-08
  0.440686E-08
  0.431693E-08
  0.422699E-08
  0.413706E-08
  0.404712E-08
  0.395718E-08
  0.386725E-08
  0.377731E-08
  0.368738E-08
  0.359744E-08
  0.350750E-08
  0.341757E-08
  0.332763E-08
  0.323770E-08
  0.314776E-08
  0.305782E-08
  0.296789E-08
  0.287795E-08
  0.278802E-08
  0.269808E-08
  0.260814E-08
  0.251821E-08
  0.242827E-08
  0.233834E-08
  0.224840E-08
  0.215846E-08
  0.206853E-08
  0.197859E-08
  0.188866E-08
  0.179872E-08
  0.170878E-08
  0.161885E-08
  0.152891E-08
  0.143898E-08
  0.134904E-08
  0.125910E-08
  0.116917E-08
  0.107923E-08
  0.989296E-09
  0.899360E-09
  0.809424E-09
  0.719488E-09
  0.629552E-09
  0.539616E-09
  0.449680E-09
  0.359744E-09
  0.269808E-09
  0.179872E-09
  0.899360E-10
  0.259001E-10
  0.000000E+00
  0.000000E+00
  0.000000E+00
  0.000000E+00
  0.000000E+00
  0.000000E+00
  0.000000E+00
  0.000000E+00
  0.000000E+00
  0.000000E+00
  0.000000E+00
  0.000000E+00
  0.000000E+00
  0.000000E+00
  0.000000E+00
  0.000000E+00
  0.000000E+00
  0.000000E+00
  0.000000E+00
  0.000000E+00
  0.000000E+00
  0.000000E+00
  0.000000E+00
  0.000000E+00
  0.000000E+00
  0.000000E+00
  0.000000E+00
  0.000000E+00
  0.000000E+00
  0.000000E+00
  0.000000E+00
  0.000000E+00
  0.000000E+00
  0.000000E+00
  0.000000E+00
  0.000000E+00
  0.000000E+00
  0.000000E+00
  0.000000E+00
  0.000000E+00
  0.000000E+00
  0.000000E+00
  0.000000E+00
  0.000000E+00
  0.000000E+00
  0.000000E+00
  0.000000E+00
  0.000000E+00
  0.000000E+00
  0.000000E+00
  0.000000E+00
  0.000000E+00
  0.000000E+00
  0.000000E+00
  0.000000E+00
  0.000000E+00
  0.000000E+00
  0.000000E+00
  0.000000E+00
  0.000000E+00
  0.000000E+00
  0.000000E+00
  0.000000E+00
  0.000000E+00
  0.000000E+00
  0.000000E+00
  0.000000E+00
  0.000000E+00
  0.000000E+00
  0.000000E+00
  0.000000E+00
  0.000000E+00
  0.000000E+00
  0.000000E+00
  0.000000E+00
  0.000000E+00
  0.000000E+00
  0.000000E+00
  0.000000E+00
  0.000000E+00
  0.000000E+00
  0.000000E+00
  0.000000E+00
  0.000000E+00
  0.000000E+00
  0.000000E+00
  0.000000E+00
  0.000000E+00
  0.000000E+00
  0.000000E+00
  0.000000E+00
  0.000000E+00
  0.000000E+00
  0.000000E+00
  0.000000E+00
  0.000000E+00
  0.000000E+00
  0.000000E+00
  0.000000E+00
  0.000000E+00
  0.000000E+00
  0.000000E+00
  0.000000E+00
  0.000000E+00
  0.000000E+00
  0.000000E+00
  0.000000E+00
  0.000000E+00
  0.000000E+00
  0.000000E+00
  0.000000E+00
  0.000000E+00
  0.000000E+00
  0.000000E+00
  0.000000E+00
  0.000000E+00
  0.000000E+00
  0.000000E+00
  0.000000E+00
  0.000000E+00
  0.000000E+00
  0.000000E+00
  0.000000E+00
  0.000000E+00
  0.000000E+00
  0.000000E+00
  0.000000E+00
  0.000000E+00
  0.000000E+00
  0.000000E+00
  0.000000E+00
  0.000000E+00
  0.000000E+00
  0.000000E+00
  0.000000E+00
  0.000000E+00
  0.000000E+00
  0.000000E+00
  0.000000E+00
  0.000000E+00
  0.000000E+00
  0.000000E+00
  0.000000E+00
  0.000000E+00
  0.000000E+00
  0.000000E+00
  0.000000E+00
  0.000000E+00
  0.000000E+00
  0.000000E+00
  0.000000E+00
  0.000000E+00
  0.000000E+00
  0.000000E+00
  0.000000E+00
  0.000000E+00
  0.000000E+00
  0.000000E+00
  0.000000E+00
  0.000000E+00
  0.000000E+00
  0.000000E+00
  0.000000E+00
  0.000000E+00
  0.000000E+00
  0.000000E+00
  0.000000E+00
  0.000000E+00
  0.000000E+00
  0.000000E+00
  0.000000E+00
  0.000000E+00
  0.000000E+00
  0.000000E+00
  0.000000E+00
  0.000000E+00
  0.000000E+00
  0.000000E+00
  0.000000E+00
  0.000000E+00
  0.000000E+00
  0.000000E+00
  0.000000E+00
  0.000000E+00
  0.000000E+00
  0.000000E+00
  0.000000E+00
  0.000000E+00
  0.000000E+00
  0.000000E+00
  0.000000E+00
  0.000000E+00
  0.000000E+00
  0.000000E+00
  0.000000E+00
  0.000000E+00
  0.000000E+00
  0.000000E+00
  0.000000E+00
  0.000000E+00
  0.000000E+00
  0.000000E+00
  0.000000E+00
  0.000000E+00
  0.000000E+00
  0.000000E+00
  0.000000E+00
  0.000000E+00
  0.000000E+00
  0.000000E+00
  0.000000E+00
  0.000000E+00
  0.000000E+00
  0.000000E+00
  0.000000E+00
  0.000000E+00
  0.000000E+00
  0.000000E+00
  0.000000E+00
  0.000000E+00
  0.000000E+00
  0.000000E+00
  0.000000E+00
  0.000000E+00
  0.541076E-12
  0.190279E-11
  0.380558E-11
  0.570837E-11
  0.761116E-11
  0.951396E-11
  0.114167E-10
  0.133195E-10
  0.152223E-10
  0.171251E-10
  0.190279E-10
  0.209307E-10
  0.228335E-10
  0.247363E-10
  0.266391E-10
  0.285419E-10
  0.304447E-10
  0.323474E-10
  0.342502E-10
  0.361530E-10
  0.380558E-10
  0.399586E-10
  0.418614E-10
  0.437642E-10
  0.456670E-10
  0.475698E-10
  0.494726E-10
  0.513754E-10
  0.532782E-10
  0.551809E-10
  0.570837E-10
  0.589865E-10
  0.608893E-10
  0.627921E-10
  0.646949E-10
  0.665977E-10
  0.685005E-10
  0.704033E-10
  0.723061E-10
  0.742089E-10
  0.761116E-10
  0.780144E-10
  0.799172E-10
  0.818200E-10
  0.837228E-10
  0.856256E-10
  0.875284E-10
  0.894312E-10
  0.913340E-10
  0.932368E-10
  0.951396E-10
  0.970423E-10
  0.989451E-10
  0.100848E-09
  0.102751E-09
  0.104654E-09
  0.106556E-09
  0.108459E-09
  0.110362E-09
  0.112265E-09
  0.114167E-09
  0.116070E-09
  0.117973E-09
  0.119876E-09
  0.121779E-09
  0.123681E-09
  0.125584E-09
  0.127487E-09
  0.129390E-09
  0.131293E-09
  0.133195E-09
  0.135098E-09
  0.137001E-09
  0.138904E-09
  0.140807E-09
  0.142709E-09
  0.144612E-09
  0.146515E-09
  0.148418E-09
  0.150320E-09
  0.152223E-09
  0.154126E-09
  0.156029E-09
  0.157932E-09
  0.159834E-09
  0.161737E-09
  0.163640E-09
  0.165543E-09
  0.167446E-09
  0.169348E-09
  0.171251E-09
  0.173154E-09
  0.175057E-09
  0.176960E-09
  0.178862E-09
  0.180765E-09
  0.182668E-09
  0.184571E-09
  0.186474E-09
  0.188376E-09
  0.190279E-09
  0.192182E-09
  0.194085E-09
  0.195987E-09
  0.197890E-09
  0.199793E-09
  0.201696E-09
  0.203599E-09
  0.205501E-09
  0.207404E-09
  0.209307E-09
  0.211210E-09
  0.213113E-09
  0.215015E-09
  0.216918E-09
  0.218821E-09
  0.220724E-09
  0.222627E-09
  0.224529E-09
  0.226432E-09
  0.228335E-09
  0.230238E-09
  0.232141E-09
  0.234043E-09
  0.235946E-09
  0.237849E-09
  0.239752E-09
  0.241654E-09
  0.243557E-09
  0.245460E-09
  0.247363E-09
  0.249266E-09
  0.251168E-09
  0.253071E-09
  0.254974E-09
  0.256877E-09
  0.258780E-09
  0.260682E-09
  0.262585E-09
  0.264488E-09
  0.266391E-09
  0.268294E-09
  0.270196E-09
  0.272099E-09
  0.274002E-09
  0.275905E-09
  0.277808E-09
  0.279710E-09
  0.281613E-09
  0.283516E-09
  0.285419E-09
  0.287321E-09
  0.289224E-09
  0.291127E-09
  0.293030E-09
  0.294933E-09
  0.296835E-09
  0.298738E-09
  0.300641E-09
  0.302544E-09
  0.304447E-09
  0.306349E-09
  0.308252E-09
  0.310155E-09
  0.312058E-09
  0.313961E-09
  0.315863E-09
  0.317766E-09
  0.319669E-09
  0.321572E-09
  0.323474E-09
  0.325377E-09
  0.327280E-09
  0.329183E-09
  0.331086E-09
  0.332988E-09
  0.334891E-09
  0.336794E-09
  0.338697E-09
  0.340600E-09
  0.342502E-09
  0.344405E-09
  0.346308E-09
  0.348211E-09
  0.350114E-09
  0.352016E-09
  0.353919E-09
  0.355822E-09
  0.357725E-09
  0.359628E-09
  0.361530E-09
  0.363433E-09
  0.365336E-09
  0.367239E-09
  0.369141E-09
  0.371044E-09
  0.372947E-09
  0.374850E-09
  0.376753E-09
  0.378655E-09
  0.380558E-09
  0.382461E-09
  0.384364E-09
  0.386267E-09
  0.388169E-09
  0.390072E-09
  0.391975E-09
  0.393878E-09
  0.395781E-09
  0.397683E-09
  0.399586E-09
  0.401489E-09
  0.403392E-09
  0.405295E-09
  0.407197E-09
  0.409100E-09
  0.411003E-09
  0.412906E-09
  0.414808E-09
  0.416711E-09
  0.418614E-09
  0.420517E-09
  0.422420E-09
  0.424322E-09
  0.426225E-09
  0.428414E-09
  0.431051E-09
  0.433975E-09
  0.436898E-09
  0.439822E-09
  0.442745E-09
  0.445669E-09
  0.448592E-09
  0.451515E-09
  0.454439E-09
  0.457362E-09
  0.460286E-09
  0.463209E-09
  0.466133E-09
  0.469056E-09
  0.471979E-09
  0.474903E-09
  0.477826E-09
  0.480750E-09
  0.483673E-09
  0.486597E-09
  0.489520E-09
  0.492443E-09
  0.495367E-09
  0.498290E-09
  0.501214E-09
  0.504137E-09
  0.507061E-09
  0.509984E-09
  0.512908E-09
  0.515831E-09
  0.518754E-09
  0.521678E-09
  0.524601E-09
  0.527525E-09
  0.530448E-09
  0.533372E-09
  0.536295E-09
  0.539218E-09
  0.542142E-09
  0.545065E-09
  0.547989E-09
  0.550912E-09
  0.553836E-09
  0.556759E-09
  0.559682E-09
  0.562606E-09
  0.565529E-09
  0.568453E-09
  0.571376E-09
  0.574300E-09
  0.577223E-09
  0.580146E-09
  0.583070E-09
  0.585993E-09
  0.588917E-09
  0.591840E-09
  0.594764E-09
  0.597687E-09
  0.600610E-09
  0.603534E-09
  0.606457E-09
  0.609381E-09
  0.612304E-09
  0.615228E-09
  0.618151E-09
  0.621074E-09
  0.623998E-09
  0.626921E-09
  0.629845E-09
  0.632768E-09
  0.635692E-09
  0.638615E-09
  0.641538E-09
  0.644462E-09
  0.647385E-09
  0.650309E-09
  0.653232E-09
  0.656156E-09
  0.659079E-09
  0.662002E-09
  0.664926E-09
  0.667849E-09
  0.670773E-09
  0.673696E-09
  0.676620E-09
  0.679543E-09
  0.682467E-09
  0.685390E-09
  0.688313E-09
  0.691237E-09
  0.694160E-09
  0.697084E-09
  0.700007E-09
  0.702931E-09
  0.705854E-09
  0.708777E-09
  0.711701E-09
  0.714624E-09
  0.717548E-09
  0.720471E-09
  0.723395E-09
  0.726318E-09
  0.729241E-09
  0.732165E-09
  0.735088E-09
  0.738012E-09
  0.740935E-09
  0.743859E-09
  0.746782E-09
  0.749705E-09
  0.752629E-09
  0.755552E-09
  0.758476E-09
  0.761399E-09
  0.764323E-09
  0.767246E-09
  0.770169E-09
  0.773093E-09
  0.776016E-09
  0.778940E-09
  0.781863E-09
  0.784787E-09
  0.787710E-09
  0.790633E-09
  0.793557E-09
  0.796480E-09
  0.799404E-09
  0.802327E-09
  0.805251E-09
  0.808174E-09
  0.811097E-09
  0.814021E-09
  0.816944E-09
  0.819868E-09
  0.822791E-09
  0.825715E-09
  0.828638E-09
  0.831561E-09
  0.834485E-09
  0.837408E-09
  0.840332E-09
  0.843255E-09
  0.846179E-09
  0.849102E-09
  0.852026E-09
  0.854949E-09
  0.857872E-09
  0.860796E-09
  0.863719E-09
  0.866643E-09
  0.869566E-09
  0.872490E-09
  0.875413E-09
  0.878336E-09
  0.881260E-09
  0.884183E-09
  0.887107E-09
  0.890030E-09
  0.892954E-09
  0.895877E-09
  0.898800E-09
  0.901724E-09
  0.904647E-09
  0.907571E-09
  0.910494E-09
  0.913418E-09
  0.916341E-09
  0.919264E-09
  0.922188E-09
  0.925111E-09
  0.928035E-09
  0.930958E-09
  0.933882E-09
  0.936805E-09
  0.939728E-09
  0.942652E-09
  0.945575E-09
  0.948499E-09
  0.951422E-09
  0.954346E-09
  0.957269E-09
  0.960192E-09
  0.963116E-09
  0.966039E-09
  0.968963E-09
  0.971886E-09
  0.974810E-09
  0.977733E-09
  0.980656E-09
  0.983580E-09
  0.986503E-09
  0.989427E-09
  0.992350E-09
  0.995274E-09
  0.998197E-09
  0.100112E-08
  0.100404E-08
  0.100697E-08
  0.100989E-08
  0.101281E-08
  0.101574E-08
  0.101866E-08
  0.102158E-08
  0.102451E-08
  0.102743E-08
  0.103035E-08
  0.103328E-08
  0.103620E-08
  0.103913E-08
  0.104205E-08
  0.104497E-08
  0.104790E-08
  0.105082E-08
  0.105374E-08
  0.105667E-08
  0.105959E-08
  0.106251E-08
  0.106544E-08
  0.106836E-08
  0.107128E-08
  0.107421E-08
  0.107713E-08
  0.108005E-08
  0.108298E-08
  0.108376E-08
  0.108107E-08
  0.107625E-08
  0.107142E-08
  0.106660E-08
  0.106177E-08
  0.105694E-08
  0.105212E-08
  0.104729E-08
  0.104246E-08
  0.103764E-08
  0.103281E-08
  0.102799E-08
  0.102316E-08
  0.101833E-08
  0.101351E-08
  0.100868E-08
  0.100385E-08
  0.999028E-09
  0.994202E-09
  0.989376E-09
  0.984549E-09
  0.979723E-09
  0.974897E-09
  0.970071E-09
  0.965244E-09
  0.960418E-09
  0.955592E-09
  0.950766E-09
  0.945940E-09
  0.941113E-09
  0.936287E-09
  0.931461E-09
  0.926635E-09
  0.921808E-09
  0.916982E-09
  0.912156E-09
  0.907330E-09
  0.902504E-09
  0.897677E-09
  0.892851E-09
  0.888025E-09
  0.883199E-09
  0.878372E-09
  0.873546E-09
  0.868720E-09
  0.863894E-09
  0.859068E-09
  0.854241E-09
  0.849415E-09
  0.844589E-09
  0.839763E-09
  0.834936E-09
  0.830110E-09
  0.825284E-09
  0.820458E-09
  0.815632E-09
  0.810805E-09
  0.805979E-09
  0.801153E-09
  0.796327E-09
  0.791500E-09
  0.786674E-09
  0.781848E-09
  0.777022E-09
  0.772196E-09
  0.767369E-09
  0.762543E-09
  0.757717E-09
  0.752891E-09
  0.748064E-09
  0.743238E-09
  0.738412E-09
  0.733586E-09
  0.728760E-09
  0.723933E-09
  0.719107E-09
  0.714281E-09
  0.709455E-09
  0.704628E-09
  0.699802E-09
  0.694976E-09
  0.690150E-09
  0.685324E-09
  0.680497E-09
  0.675671E-09
  0.670845E-09
  0.666019E-09
  0.661192E-09
  0.656366E-09
  0.651540E-09
  0.646714E-09
  0.641888E-09
  0.637061E-09
  0.632235E-09
  0.627409E-09
  0.622583E-09
  0.617756E-09
  0.612930E-09
  0.608104E-09
  0.603278E-09
  0.598452E-09
  0.593625E-09
  0.588799E-09
  0.583973E-09
  0.579147E-09
  0.574320E-09
  0.569494E-09
  0.564668E-09
  0.559842E-09
  0.555016E-09
  0.550189E-09
  0.545363E-09
  0.540537E-09
  0.535711E-09
  0.530884E-09
  0.526058E-09
  0.521232E-09
  0.516406E-09
  0.511580E-09
  0.506753E-09
  0.501927E-09
  0.497101E-09
  0.492275E-09
  0.487448E-09
  0.482622E-09
  0.477796E-09
  0.472970E-09
  0.468144E-09
  0.463317E-09
  0.458491E-09
  0.453665E-09
  0.448839E-09
  0.444012E-09
  0.439186E-09
  0.434360E-09
  0.429534E-09
  0.424708E-09
  0.419881E-09
  0.415055E-09
  0.410229E-09
  0.405403E-09
  0.400576E-09
  0.395750E-09
  0.390924E-09
  0.386098E-09
  0.381272E-09
  0.376445E-09
  0.371619E-09
  0.366793E-09
  0.361967E-09
  0.357140E-09
  0.352314E-09
  0.347488E-09
  0.342662E-09
  0.337836E-09
  0.333009E-09
  0.328183E-09
  0.323357E-09
  0.318531E-09
  0.313704E-09
  0.308878E-09
  0.304052E-09
  0.299226E-09
  0.294400E-09
  0.289573E-09
  0.284747E-09
  0.279921E-09
  0.275095E-09
  0.270268E-09
  0.265442E-09
  0.260616E-09
  0.255790E-09
  0.250964E-09
  0.246137E-09
  0.241311E-09
  0.236485E-09
  0.231659E-09
  0.226832E-09
  0.222006E-09
  0.217180E-09
  0.212354E-09
  0.207528E-09
  0.202701E-09
  0.197875E-09
  0.193049E-09
  0.188223E-09
  0.183396E-09
  0.178570E-09
  0.173744E-09
  0.168918E-09
  0.164092E-09
  0.159265E-09
  0.154439E-09
  0.149613E-09
  0.144787E-09
  0.139960E-09
  0.135134E-09
  0.130308E-09
  0.125482E-09
  0.120656E-09
  0.115829E-09
  0.111003E-09
  0.106177E-09
  0.101351E-09
  0.965244E-10
  0.916982E-10
  0.868720E-10
  0.820458E-10
  0.772196E-10
  0.723933E-10
  0.675671E-10
  0.627409E-10
  0.579147E-10
  0.530884E-10
  0.482622E-10
  0.434360E-10
  0.386098E-10
  0.337836E-10
  0.289573E-10
  0.241311E-10
  0.193049E-10
  0.144787E-10
  0.965244E-11
  0.482622E-11
  0.131266E-11
  0.000000E+00
  0.000000E+00
  0.000000E+00
  0.000000E+00
  0.000000E+00
  0.000000E+00
  0.000000E+00
  0.000000E+00
  0.000000E+00
  0.000000E+00
  0.000000E+00
  0.000000E+00
  0.000000E+00
  0.000000E+00
  0.000000E+00
  0.000000E+00
  0.000000E+00
  0.000000E+00
  0.000000E+00
  0.000000E+00
  0.000000E+00
  0.000000E+00
  0.000000E+00
  0.000000E+00
  0.000000E+00
  0.000000E+00
  0.000000E+00
  0.000000E+00
  0.000000E+00
  0.000000E+00
  0.000000E+00
  0.000000E+00
  0.000000E+00
  0.000000E+00
  0.000000E+00
  0.000000E+00
  0.000000E+00
  0.000000E+00
  0.000000E+00
  0.000000E+00
  0.000000E+00
  0.000000E+00
  0.000000E+00
  0.000000E+00
  0.000000E+00
  0.000000E+00
  0.000000E+00
  0.000000E+00
  0.000000E+00
  0.000000E+00
  0.000000E+00
  0.000000E+00
  0.000000E+00
  0.000000E+00
  0.000000E+00
  0.000000E+00
  0.000000E+00
  0.000000E+00
  0.000000E+00
  0.000000E+00
  0.000000E+00
  0.000000E+00
  0.000000E+00
  0.000000E+00
  0.000000E+00
  0.000000E+00
  0.000000E+00
  0.000000E+00
  0.000000E+00
  0.000000E+00
  0.000000E+00
  0.000000E+00
  0.000000E+00
  0.000000E+00
  0.000000E+00
  0.000000E+00
  0.000000E+00
  0.000000E+00
  0.000000E+00
  0.000000E+00
  0.000000E+00
  0.000000E+00
  0.000000E+00
  0.000000E+00
  0.000000E+00
  0.000000E+00
  0.000000E+00
  0.000000E+00
  0.000000E+00
  0.000000E+00
  0.000000E+00
  0.000000E+00
  0.000000E+00
  0.000000E+00
  0.000000E+00
  0.000000E+00
  0.000000E+00
  0.000000E+00
  0.000000E+00
  0.000000E+00
  0.000000E+00
  0.000000E+00
  0.000000E+00
  0.000000E+00
  0.000000E+00
  0.000000E+00
  0.000000E+00
  0.000000E+00
  0.000000E+00
  0.000000E+00
  0.000000E+00
  0.000000E+00
  0.000000E+00
  0.000000E+00
  0.000000E+00
  0.000000E+00
  0.000000E+00
  0.000000E+00
  0.000000E+00
  0.000000E+00
  0.000000E+00
  0.000000E+00
  0.000000E+00
  0.000000E+00
  0.000000E+00
  0.000000E+00
  0.000000E+00
  0.000000E+00
  0.000000E+00
  0.000000E+00
  0.000000E+00
  0.000000E+00
  0.000000E+00
  0.000000E+00
  0.000000E+00
  0.000000E+00
  0.000000E+00
  0.000000E+00
  0.000000E+00
  0.000000E+00
  0.000000E+00
  0.000000E+00
  0.000000E+00
  0.000000E+00
  0.000000E+00
  0.000000E+00
  0.000000E+00
  0.000000E+00
  0.000000E+00
  0.000000E+00
  0.000000E+00
  0.000000E+00
  0.000000E+00
  0.000000E+00
  0.000000E+00
  0.000000E+00
  0.000000E+00
  0.000000E+00
  0.000000E+00
  0.000000E+00
  0.000000E+00
  0.000000E+00
  0.000000E+00
  0.000000E+00
  0.000000E+00
  0.000000E+00
  0.000000E+00
  0.000000E+00
  0.000000E+00
  0.000000E+00
  0.000000E+00
  0.000000E+00
  0.000000E+00
  0.000000E+00
  0.000000E+00
  0.000000E+00
  0.000000E+00
  0.000000E+00
  0.000000E+00
  0.000000E+00
  0.000000E+00
  0.000000E+00
  0.000000E+00
  0.000000E+00
  0.000000E+00
  0.000000E+00
  0.000000E+00
  0.000000E+00
  0.000000E+00
  0.000000E+00
  0.000000E+00
  0.000000E+00
  0.000000E+00
  0.000000E+00
  0.000000E+00
  0.000000E+00
  0.000000E+00
  0.000000E+00
  0.000000E+00
  0.000000E+00
  0.000000E+00
  0.000000E+00
  0.000000E+00
  0.000000E+00
  0.000000E+00
  0.000000E+00
  0.000000E+00
  0.000000E+00
  0.000000E+00
  0.000000E+00
  0.000000E+00
  0.000000E+00
  0.000000E+00
  0.000000E+00
  0.000000E+00
  0.000000E+00
  0.000000E+00
  0.000000E+00
  0.000000E+00
  0.000000E+00
  0.000000E+00
  0.000000E+00
  0.000000E+00
  0.000000E+00
  0.759248E-13
  0.283980E-12
  0.567959E-12
  0.851939E-12
  0.113592E-11
  0.141990E-11
  0.170388E-11
  0.198786E-11
  0.227184E-11
  0.255582E-11
  0.283980E-11
  0.312378E-11
  0.340775E-11
  0.369173E-11
  0.397571E-11
  0.425969E-11
  0.454367E-11
  0.482765E-11
  0.511163E-11
  0.539561E-11
  0.567959E-11
  0.596357E-11
  0.624755E-11
  0.653153E-11
  0.681551E-11
  0.709949E-11
  0.738347E-11
  0.766745E-11
  0.795143E-11
  0.823541E-11
  0.851939E-11
  0.880337E-11
  0.908735E-11
  0.937133E-11
  0.965530E-11
  0.993928E-11
  0.102233E-10
  0.105072E-10
  0.107912E-10
  0.110752E-10
  0.113592E-10
  0.116432E-10
  0.119271E-10
  0.122111E-10
  0.124951E-10
  0.127791E-10
  0.130631E-10
  0.133470E-10
  0.136310E-10
  0.139150E-10
  0.141990E-10
  0.144830E-10
  0.147669E-10
  0.150509E-10
  0.153349E-10
  0.156189E-10
  0.159029E-10
  0.161868E-10
  0.164708E-10
  0.167548E-10
  0.170388E-10
  0.173228E-10
  0.176067E-10
  0.178907E-10
  0.181747E-10
  0.184587E-10
  0.187427E-10
  0.190266E-10
  0.193106E-10
  0.195946E-10
  0.198786E-10
  0.201625E-10
  0.204465E-10
  0.207305E-10
  0.210145E-10
  0.212985E-10
  0.215824E-10
  0.218664E-10
  0.221504E-10
  0.224344E-10
  0.227184E-10
  0.230023E-10
  0.232863E-10
  0.235703E-10
  0.238543E-10
  0.241383E-10
  0.244222E-10
  0.247062E-10
  0.249902E-10
  0.252742E-10
  0.255582E-10
  0.258421E-10
  0.261261E-10
  0.264101E-10
  0.266941E-10
  0.269781E-10
  0.272620E-10
  0.275460E-10
  0.278300E-10
  0.281140E-10
  0.283980E-10
  0.286819E-10
  0.289659E-10
  0.292499E-10
  0.295339E-10
  0.298179E-10
  0.301018E-10
  0.303858E-10
  0.306698E-10
  0.309538E-10
  0.312378E-10
  0.315217E-10
  0.318057E-10
  0.320897E-10
  0.323737E-10
  0.326576E-10
  0.329416E-10
  0.332256E-10
  0.335096E-10
  0.337936E-10
  0.340775E-10
  0.343615E-10
  0.346455E-10
  0.349295E-10
  0.352135E-10
  0.354974E-10
  0.357814E-10
  0.360654E-10
  0.363494E-10
  0.366334E-10
  0.369173E-10
  0.372013E-10
  0.374853E-10
  0.377693E-10
  0.380533E-10
  0.383372E-10
  0.386212E-10
  0.389052E-10
  0.391892E-10
  0.394732E-10
  0.397571E-10
  0.400411E-10
  0.403251E-10
  0.406091E-10
  0.408931E-10
  0.411770E-10
  0.414610E-10
  0.417450E-10
  0.420290E-10
  0.423130E-10
  0.425969E-10
  0.428809E-10
  0.431649E-10
  0.434489E-10
  0.437329E-10
  0.440168E-10
  0.443008E-10
  0.445848E-10
  0.448688E-10
  0.451527E-10
  0.454367E-10
  0.457207E-10
  0.460047E-10
  0.462887E-10
  0.465726E-10
  0.468566E-10
  0.471406E-10
  0.474246E-10
  0.477086E-10
  0.479925E-10
  0.482765E-10
  0.485605E-10
  0.488445E-10
  0.491285E-10
  0.494124E-10
  0.496964E-10
  0.499804E-10
  0.502644E-10
  0.505484E-10
  0.508323E-10
  0.511163E-10
  0.514003E-10
  0.516843E-10
  0.519683E-10
  0.522522E-10
  0.525362E-10
  0.528202E-10
  0.531042E-10
  0.533882E-10
  0.536721E-10
  0.539561E-10
  0.542401E-10
  0.545241E-10
  0.548081E-10
  0.550920E-10
  0.553760E-10
  0.556600E-10
  0.559440E-10
  0.562280E-10
  0.565119E-10
  0.567959E-10
  0.570799E-10
  0.573639E-10
  0.576478E-10
  0.579318E-10
  0.582158E-10
  0.584998E-10
  0.587838E-10
  0.590677E-10
  0.593517E-10
  0.596357E-10
  0.599197E-10
  0.602037E-10
  0.604876E-10
  0.607716E-10
  0.610556E-10
  0.613396E-10
  0.616236E-10
  0.619075E-10
  0.621915E-10
  0.624755E-10
  0.627595E-10
  0.630435E-10
  0.633274E-10
  0.636114E-10
  0.637974E-10
  0.638061E-10
  0.637168E-10
  0.636274E-10
  0.635381E-10
  0.634488E-10
  0.633595E-10
  0.632701E-10
  0.631808E-10
  0.630915E-10
  0.630022E-10
  0.629128E-10
  0.628235E-10
  0.627342E-10
  0.626449E-10
  0.625555E-10
  0.624662E-10
  0.623769E-10
  0.622876E-10
  0.621982E-10
  0.621089E-10
  0.620196E-10
  0.619303E-10
  0.618409E-10
  0.617516E-10
  0.616623E-10
  0.615730E-10
  0.614836E-10
  0.613943E-10
  0.613050E-10
  0.612157E-10
  0.611263E-10
  0.610370E-10
  0.609477E-10
  0.608584E-10
  0.607690E-10
  0.606797E-10
  0.605904E-10
  0.605011E-10
  0.604117E-10
  0.603224E-10
  0.602331E-10
  0.601438E-10
  0.600544E-10
  0.599651E-10
  0.598758E-10
  0.597865E-10
  0.596971E-10
  0.596078E-10
  0.595185E-10
  0.594292E-10
  0.593398E-10
  0.592505E-10
  0.591612E-10
  0.590719E-10
  0.589825E-10
  0.588932E-10
  0.588039E-10
  0.587146E-10
  0.586252E-10
  0.585359E-10
  0.584466E-10
  0.583573E-10
  0.582679E-10
  0.581786E-10
  0.580893E-10
  0.580000E-10
  0.579106E-10
  0.578213E-10
  0.577320E-10
  0.576427E-10
  0.575533E-10
  0.574640E-10
  0.573747E-10
  0.572854E-10
  0.571960E-10
  0.571067E-10
  0.570174E-10
  0.569281E-10
  0.568387E-10
  0.567494E-10
  0.566601E-10
  0.565708E-10
  0.564814E-10
  0.563921E-10
  0.563028E-10
  0.562135E-10
  0.561241E-10
  0.560348E-10
  0.559455E-10
  0.558562E-10
  0.557668E-10
  0.556775E-10
  0.555882E-10
  0.554989E-10
  0.554095E-10
  0.553202E-10
  0.552309E-10
  0.551416E-10
  0.550522E-10
  0.549629E-10
  0.548736E-10
  0.547843E-10
  0.546949E-10
  0.546056E-10
  0.545163E-10
  0.544270E-10
  0.543376E-10
  0.542483E-10
  0.541590E-10
  0.540697E-10
  0.539803E-10
  0.538910E-10
  0.538017E-10
  0.537124E-10
  0.536230E-10
  0.535337E-10
  0.534444E-10
  0.533551E-10
  0.532657E-10
  0.531764E-10
  0.530871E-10
  0.529978E-10
  0.529084E-10
  0.528191E-10
  0.527298E-10
  0.526405E-10
  0.525511E-10
  0.524618E-10
  0.523725E-10
  0.522832E-10
  0.521938E-10
  0.521045E-10
  0.520152E-10
  0.519259E-10
  0.518365E-10
  0.517472E-10
  0.516579E-10
  0.515686E-10
  0.514792E-10
  0.513899E-10
  0.513006E-10
  0.512113E-10
  0.511219E-10
  0.510326E-10
  0.509433E-10
  0.508540E-10
  0.507646E-10
  0.506753E-10
  0.505860E-10
  0.504967E-10
  0.504073E-10
  0.503180E-10
  0.502287E-10
  0.501394E-10
  0.500500E-10
  0.499607E-10
  0.498714E-10
  0.497821E-10
  0.496927E-10
  0.496034E-10
  0.495141E-10
  0.494248E-10
  0.493354E-10
  0.492461E-10
  0.491568E-10
  0.490675E-10
  0.489781E-10
  0.488888E-10
  0.487995E-10
  0.487102E-10
  0.486208E-10
  0.485315E-10
  0.484422E-10
  0.483529E-10
  0.482635E-10
  0.481742E-10
  0.480849E-10
  0.479956E-10
  0.479062E-10
  0.478169E-10
  0.477276E-10
  0.476383E-10
  0.475489E-10
  0.474596E-10
  0.473703E-10
  0.472810E-10
  0.471916E-10
  0.471023E-10
  0.470130E-10
  0.469237E-10
  0.468343E-10
  0.467450E-10
  0.466557E-10
  0.465664E-10
  0.464770E-10
  0.463877E-10
  0.462984E-10
  0.462091E-10
  0.461197E-10
  0.460304E-10
  0.459411E-10
  0.458518E-10
  0.457624E-10
  0.456731E-10
  0.455838E-10
  0.454945E-10
  0.454051E-10
  0.453158E-10
  0.452265E-10
  0.451372E-10
  0.450478E-10
  0.449585E-10
  0.448692E-10
  0.447799E-10
  0.446905E-10
  0.446012E-10
  0.445119E-10
  0.444226E-10
  0.443332E-10
  0.442439E-10
  0.441546E-10
  0.440653E-10
  0.439759E-10
  0.438866E-10
  0.437702E-10
  0.436026E-10
  0.434080E-10
  0.432133E-10
  0.430187E-10
  0.428240E-10
  0.426294E-10
  0.424347E-10
  0.422401E-10
  0.420454E-10
  0.418508E-10
  0.416561E-10
  0.414614E-10
  0.412668E-10
  0.410721E-10
  0.408775E-10
  0.406828E-10
  0.404882E-10
  0.402935E-10
  0.400989E-10
  0.399042E-10
  0.397096E-10
  0.395149E-10
  0.393202E-10
  0.391256E-10
  0.389309E-10
  0.387363E-10
  0.385416E-10
  0.383470E-10
  0.381523E-10
  0.379577E-10
  0.377630E-10
  0.375684E-10
  0.373737E-10
  0.371790E-10
  0.369844E-10
  0.367897E-10
  0.365951E-10
  0.364004E-10
  0.362058E-10
  0.360111E-10
  0.358165E-10
  0.356218E-10
  0.354271E-10
  0.352325E-10
  0.350378E-10
  0.348432E-10
  0.346485E-10
  0.344539E-10
  0.342592E-10
  0.340646E-10
  0.338699E-10
  0.336753E-10
  0.334806E-10
  0.332859E-10
  0.330913E-10
  0.328966E-10
  0.327020E-10
  0.325073E-10
  0.323127E-10
  0.321180E-10
  0.319234E-10
  0.317287E-10
  0.315341E-10
  0.313394E-10
  0.311447E-10
  0.309501E-10
  0.307554E-10
  0.305608E-10
  0.303661E-10
  0.301715E-10
  0.299768E-10
  0.297822E-10
  0.295875E-10
  0.293929E-10
  0.291982E-10
  0.290035E-10
  0.288089E-10
  0.286142E-10
  0.284196E-10
  0.282249E-10
  0.280303E-10
  0.278356E-10
  0.276410E-10
  0.274463E-10
  0.272517E-10
  0.270570E-10
  0.268623E-10
  0.266677E-10
  0.264730E-10
  0.262784E-10
  0.260837E-10
  0.258891E-10
  0.256944E-10
  0.254998E-10
  0.253051E-10
  0.251105E-10
  0.249158E-10
  0.247211E-10
  0.245265E-10
  0.243318E-10
  0.241372E-10
  0.239425E-10
  0.237479E-10
  0.235532E-10
  0.233586E-10
  0.231639E-10
  0.229693E-10
  0.227746E-10
  0.225799E-10
  0.223853E-10
  0.221906E-10
  0.219960E-10
  0.218013E-10
  0.216067E-10
  0.214120E-10
  0.212174E-10
  0.210227E-10
  0.208280E-10
  0.206334E-10
  0.204387E-10
  0.202441E-10
  0.200494E-10
  0.198548E-10
  0.196601E-10
  0.194655E-10
  0.192708E-10
  0.190762E-10
  0.188815E-10
  0.186868E-10
  0.184922E-10
  0.182975E-10
  0.181029E-10
  0.179082E-10
  0.177136E-10
  0.175189E-10
  0.173243E-10
  0.171296E-10
  0.169350E-10
  0.167403E-10
  0.165456E-10
  0.163510E-10
  0.161563E-10
  0.159617E-10
  0.157670E-10
  0.155724E-10
  0.153777E-10
  0.151831E-10
  0.149884E-10
  0.147938E-10
  0.145991E-10
  0.144044E-10
  0.142098E-10
  0.140151E-10
  0.138205E-10
  0.136258E-10
  0.134312E-10
  0.132365E-10
  0.130419E-10
  0.128472E-10
  0.126526E-10
  0.124579E-10
  0.122632E-10
  0.120686E-10
  0.118739E-10
  0.116793E-10
  0.114846E-10
  0.112900E-10
  0.110953E-10
  0.109007E-10
  0.107060E-10
  0.105114E-10
  0.103167E-10
  0.101220E-10
  0.992739E-11
  0.973273E-11
  0.953808E-11
  0.934342E-11
  0.914877E-11
  0.895411E-11
  0.875946E-11
  0.856481E-11
  0.837015E-11
  0.817550E-11
  0.798084E-11
  0.778619E-11
  0.759153E-11
  0.739688E-11
  0.720222E-11
  0.700757E-11
  0.681291E-11
  0.661826E-11
  0.642360E-11
  0.622895E-11
  0.603429E-11
  0.583964E-11
  0.564499E-11
  0.545033E-11
  0.525568E-11
  0.506102E-11
  0.486637E-11
  0.467171E-11
  0.447706E-11
  0.428240E-11
  0.408775E-11
  0.389309E-11
  0.369844E-11
  0.350378E-11
  0.330913E-11
  0.311447E-11
  0.291982E-11
  0.272517E-11
  0.253051E-11
  0.233586E-11
  0.214120E-11
  0.194655E-11
  0.175189E-11
  0.155724E-11
  0.136258E-11
  0.116793E-11
  0.973273E-12
  0.778619E-12
  0.583964E-12
  0.389309E-12
  0.194655E-12
  0.490503E-13
  0.000000E+00
  0.000000E+00
  0.000000E+00
  0.000000E+00
  0.000000E+00
  0.000000E+00
  0.000000E+00
  0.000000E+00
  0.000000E+00
  0.000000E+00
  0.000000E+00
  0.000000E+00
  0.000000E+00
  0.000000E+00
  0.000000E+00
  0.000000E+00
  0.000000E+00
  0.000000E+00
  0.000000E+00
  0.000000E+00
  0.000000E+00
  0.000000E+00
  0.000000E+00
  0.000000E+00
  0.000000E+00
  0.000000E+00
  0.000000E+00
  0.000000E+00
  0.000000E+00
  0.000000E+00
  0.000000E+00
  0.000000E+00
  0.000000E+00
  0.000000E+00
  0.000000E+00
  0.000000E+00
  0.000000E+00
  0.000000E+00
  0.000000E+00
  0.000000E+00
  0.000000E+00
  0.000000E+00
  0.000000E+00
  0.000000E+00
  0.000000E+00
  0.000000E+00
  0.000000E+00
  0.000000E+00
  0.000000E+00
  0.000000E+00
  0.000000E+00
  0.000000E+00
  0.000000E+00
  0.000000E+00
  0.000000E+00
  0.000000E+00
  0.000000E+00
  0.000000E+00
  0.000000E+00
  0.000000E+00
  0.000000E+00
  0.000000E+00
  0.000000E+00
  0.000000E+00
  0.000000E+00
  0.000000E+00
  0.000000E+00
  0.000000E+00
  0.000000E+00
  0.000000E+00
  0.000000E+00
  0.000000E+00
  0.000000E+00
  0.000000E+00
  0.000000E+00
  0.000000E+00
  0.000000E+00
  0.000000E+00
  0.000000E+00
  0.000000E+00
  0.000000E+00
  0.000000E+00
  0.000000E+00
  0.000000E+00
  0.000000E+00
  0.000000E+00
  0.000000E+00
  0.000000E+00
  0.000000E+00
  0.000000E+00
  0.000000E+00
  0.000000E+00
  0.000000E+00
  0.000000E+00
  0.000000E+00
  0.000000E+00
  0.000000E+00
  0.000000E+00
  0.000000E+00
  0.000000E+00
  0.000000E+00
  0.000000E+00
  0.000000E+00
  0.000000E+00
  0.000000E+00
  0.000000E+00
  0.000000E+00
  0.000000E+00
  0.000000E+00
  0.000000E+00
  0.000000E+00
  0.000000E+00
  0.000000E+00
  0.000000E+00
  0.000000E+00
  0.000000E+00
  0.000000E+00
  0.000000E+00
  0.000000E+00
  0.000000E+00
  0.000000E+00
  0.000000E+00
  0.000000E+00
  0.000000E+00
  0.000000E+00
  0.000000E+00
  0.000000E+00
  0.000000E+00
  0.000000E+00
  0.000000E+00
  0.000000E+00
  0.000000E+00
  0.000000E+00
  0.000000E+00
  0.000000E+00
  0.000000E+00
  0.000000E+00
  0.000000E+00
  0.000000E+00
  0.000000E+00
  0.000000E+00
  0.000000E+00
  0.000000E+00
  0.000000E+00
  0.000000E+00
  0.000000E+00
  0.000000E+00
  0.000000E+00
  0.000000E+00
  0.000000E+00
  0.000000E+00
  0.000000E+00
  0.000000E+00
  0.000000E+00
  0.000000E+00
  0.000000E+00
  0.000000E+00
  0.000000E+00
  0.000000E+00
  0.000000E+00
  0.000000E+00
  0.000000E+00
  0.000000E+00
  0.000000E+00
  0.000000E+00
  0.000000E+00
  0.000000E+00
  0.000000E+00
  0.000000E+00
  0.000000E+00
  0.000000E+00
  0.000000E+00
  0.000000E+00
  0.000000E+00
  0.000000E+00
  0.000000E+00
  0.000000E+00
  0.000000E+00
  0.000000E+00
  0.000000E+00
  0.000000E+00
  0.000000E+00
  0.000000E+00
  0.000000E+00
  0.000000E+00
  0.000000E+00
  0.000000E+00
  0.000000E+00
  0.000000E+00
  0.000000E+00
  0.000000E+00
  0.000000E+00
  0.000000E+00
  0.000000E+00
  0.000000E+00
  0.000000E+00
  0.000000E+00
  0.000000E+00
  0.000000E+00
  0.000000E+00
  0.000000E+00
  0.000000E+00
  0.000000E+00
  0.000000E+00
  0.000000E+00
  0.000000E+00
  0.000000E+00
  0.000000E+00
  0.000000E+00
  0.000000E+00
  0.000000E+00
  0.000000E+00
  0.000000E+00
  0.000000E+00
  0.000000E+00
  0.000000E+00
  0.000000E+00
  0.000000E+00
  0.000000E+00
  0.000000E+00
  0.000000E+00
  0.000000E+00
  0.000000E+00
  0.000000E+00
  0.714438E-14
  0.289996E-13
  0.579992E-13
  0.869988E-13
  0.115998E-12
  0.144998E-12
  0.173998E-12
  0.202997E-12
  0.231997E-12
  0.260996E-12
  0.289996E-12
  0.318996E-12
  0.347995E-12
  0.376995E-12
  0.405994E-12
  0.434994E-12
  0.463994E-12
  0.492993E-12
  0.521993E-12
  0.550992E-12
  0.579992E-12
  0.608992E-12
  0.637991E-12
  0.666991E-12
  0.695990E-12
  0.724990E-12
  0.753990E-12
  0.782989E-12
  0.811989E-12
  0.840988E-12
  0.869988E-12
  0.898988E-12
  0.927987E-12
  0.956987E-12
  0.985986E-12
  0.101499E-11
  0.104399E-11
  0.107299E-11
  0.110198E-11
  0.113098E-11
  0.115998E-11
  0.118898E-11
  0.121798E-11
  0.124698E-11
  0.127598E-11
  0.130498E-11
  0.133398E-11
  0.136298E-11
  0.139198E-11
  0.142098E-11
  0.144998E-11
  0.147898E-11
  0.150798E-11
  0.153698E-11
  0.156598E-11
  0.159498E-11
  0.162398E-11
  0.165298E-11
  0.168198E-11
  0.171098E-11
  0.173998E-11
  0.176898E-11
  0.179798E-11
  0.182697E-11
  0.185597E-11
  0.188497E-11
  0.191397E-11
  0.194297E-11
  0.197197E-11
  0.200097E-11
  0.202997E-11
  0.205897E-11
  0.208797E-11
  0.211697E-11
  0.214597E-11
  0.217497E-11
  0.220397E-11
  0.223297E-11
  0.226197E-11
  0.229097E-11
  0.231997E-11
  0.234897E-11
  0.237797E-11
  0.240697E-11
  0.243597E-11
  0.246497E-11
  0.249397E-11
  0.252297E-11
  0.255196E-11
  0.258096E-11
  0.260996E-11
  0.263896E-11
  0.266796E-11
  0.269696E-11
  0.272596E-11
  0.275496E-11
  0.278396E-11
  0.281296E-11
  0.284196E-11
  0.287096E-11
  0.289996E-11
  0.292896E-11
  0.295796E-11
  0.298696E-11
  0.301596E-11
  0.304496E-11
  0.307396E-11
  0.310296E-11
  0.313196E-11
  0.316096E-11
  0.318996E-11
  0.321896E-11
  0.324796E-11
  0.327695E-11
  0.330595E-11
  0.333495E-11
  0.336395E-11
  0.339295E-11
  0.342195E-11
  0.345095E-11
  0.347995E-11
  0.350895E-11
  0.353795E-11
  0.356695E-11
  0.359595E-11
  0.362495E-11
  0.365395E-11
  0.368295E-11
  0.371195E-11
  0.374095E-11
  0.376995E-11
  0.379895E-11
  0.382795E-11
  0.385695E-11
  0.388595E-11
  0.391495E-11
  0.394395E-11
  0.397295E-11
  0.400194E-11
  0.403094E-11
  0.405994E-11
  0.408894E-11
  0.411794E-11
  0.414694E-11
  0.417594E-11
  0.420494E-11
  0.423394E-11
  0.426294E-11
  0.429194E-11
  0.432094E-11
  0.434994E-11
  0.437894E-11
  0.440794E-11
  0.443694E-11
  0.446594E-11
  0.449494E-11
  0.452394E-11
  0.455294E-11
  0.458194E-11
  0.461094E-11
  0.463994E-11
  0.466894E-11
  0.469794E-11
  0.472693E-11
  0.475593E-11
  0.478493E-11
  0.481393E-11
  0.484293E-11
  0.487193E-11
  0.490093E-11
  0.492993E-11
  0.495893E-11
  0.498793E-11
  0.501693E-11
  0.504593E-11
  0.507493E-11
  0.510393E-11
  0.513293E-11
  0.516193E-11
  0.519093E-11
  0.521993E-11
  0.524893E-11
  0.527793E-11
  0.530693E-11
  0.533593E-11
  0.536493E-11
  0.539393E-11
  0.542293E-11
  0.545192E-11
  0.548092E-11
  0.550992E-11
  0.553892E-11
  0.556792E-11
  0.559692E-11
  0.562592E-11
  0.565492E-11
  0.568392E-11
  0.571292E-11
  0.574192E-11
  0.577092E-11
  0.579992E-11
  0.582892E-11
  0.585792E-11
  0.588692E-11
  0.591592E-11
  0.594492E-11
  0.597392E-11
  0.600292E-11
  0.603192E-11
  0.606092E-11
  0.608992E-11
  0.611892E-11
  0.614792E-11
  0.617691E-11
  0.620591E-11
  0.623491E-11
  0.626391E-11
  0.629291E-11
  0.632191E-11
  0.635091E-11
  0.637991E-11
  0.640891E-11
  0.643791E-11
  0.646691E-11
  0.649591E-11
  0.651196E-11
  0.650006E-11
  0.647521E-11
  0.645037E-11
  0.642552E-11
  0.640067E-11
  0.637582E-11
  0.635097E-11
  0.632613E-11
  0.630128E-11
  0.627643E-11
  0.625158E-11
  0.622674E-11
  0.620189E-11
  0.617704E-11
  0.615219E-11
  0.612734E-11
  0.610250E-11
  0.607765E-11
  0.605280E-11
  0.602795E-11
  0.600310E-11
  0.597826E-11
  0.595341E-11
  0.592856E-11
  0.590371E-11
  0.587886E-11
  0.585402E-11
  0.582917E-11
  0.580432E-11
  0.577947E-11
  0.575462E-11
  0.572978E-11
  0.570493E-11
  0.568008E-11
  0.565523E-11
  0.563039E-11
  0.560554E-11
  0.558069E-11
  0.555584E-11
  0.553099E-11
  0.550615E-11
  0.548130E-11
  0.545645E-11
  0.543160E-11
  0.540675E-11
  0.538191E-11
  0.535706E-11
  0.533221E-11
  0.530736E-11
  0.528251E-11
  0.525767E-11
  0.523282E-11
  0.520797E-11
  0.518312E-11
  0.515827E-11
  0.513343E-11
  0.510858E-11
  0.508373E-11
  0.505888E-11
  0.503404E-11
  0.500919E-11
  0.498434E-11
  0.495949E-11
  0.493464E-11
  0.490980E-11
  0.488495E-11
  0.486010E-11
  0.483525E-11
  0.481040E-11
  0.478556E-11
  0.476071E-11
  0.473586E-11
  0.471101E-11
  0.468616E-11
  0.466132E-11
  0.463647E-11
  0.461162E-11
  0.458677E-11
  0.456192E-11
  0.453708E-11
  0.451223E-11
  0.448738E-11
  0.446253E-11
  0.443769E-11
  0.441284E-11
  0.438799E-11
  0.436314E-11
  0.433829E-11
  0.431345E-11
  0.428860E-11
  0.426375E-11
  0.423890E-11
  0.421405E-11
  0.418921E-11
  0.416436E-11
  0.413951E-11
  0.411466E-11
  0.408981E-11
  0.406497E-11
  0.404012E-11
  0.401527E-11
  0.399042E-11
  0.396557E-11
  0.394073E-11
  0.391588E-11
  0.389103E-11
  0.386618E-11
  0.384134E-11
  0.381649E-11
  0.379164E-11
  0.376679E-11
  0.374194E-11
  0.371710E-11
  0.369225E-11
  0.366740E-11
  0.364255E-11
  0.361770E-11
  0.359286E-11
  0.356801E-11
  0.354316E-11
  0.351831E-11
  0.349346E-11
  0.346862E-11
  0.344377E-11
  0.341892E-11
  0.339407E-11
  0.336922E-11
  0.334438E-11
  0.331953E-11
  0.329468E-11
  0.326983E-11
  0.324499E-11
  0.322014E-11
  0.319529E-11
  0.317044E-11
  0.314559E-11
  0.312075E-11
  0.309590E-11
  0.307105E-11
  0.304620E-11
  0.302135E-11
  0.299651E-11
  0.297166E-11
  0.294681E-11
  0.292196E-11
  0.289711E-11
  0.287227E-11
  0.284742E-11
  0.282257E-11
  0.279772E-11
  0.277287E-11
  0.274803E-11
  0.272318E-11
  0.269833E-11
  0.267348E-11
  0.264864E-11
  0.262379E-11
  0.259894E-11
  0.257409E-11
  0.254924E-11
  0.252440E-11
  0.249955E-11
  0.247470E-11
  0.244985E-11
  0.242500E-11
  0.240016E-11
  0.237531E-11
  0.235046E-11
  0.232561E-11
  0.230076E-11
  0.227592E-11
  0.225107E-11
  0.222622E-11
  0.220137E-11
  0.217652E-11
  0.215168E-11
  0.212683E-11
  0.210198E-11
  0.207713E-11
  0.205229E-11
  0.202744E-11
  0.200259E-11
  0.197774E-11
  0.195289E-11
  0.192805E-11
  0.190320E-11
  0.187835E-11
  0.185350E-11
  0.182865E-11
  0.180381E-11
  0.177896E-11
  0.175411E-11
  0.172926E-11
  0.170441E-11
  0.167957E-11
  0.165472E-11
  0.162987E-11
  0.160502E-11
  0.158017E-11
  0.155533E-11
  0.153048E-11
  0.150563E-11
  0.148078E-11
  0.145594E-11
  0.143109E-11
  0.140624E-11
  0.138139E-11
  0.135654E-11
  0.133170E-11
  0.130685E-11
  0.128200E-11
  0.125715E-11
  0.123230E-11
  0.120746E-11
  0.118261E-11
  0.115776E-11
  0.113291E-11
  0.110806E-11
  0.108322E-11
  0.105837E-11
  0.103352E-11
  0.100867E-11
  0.983825E-12
  0.958977E-12
  0.938979E-12
  0.929977E-12
  0.925826E-12
  0.921674E-12
  0.917522E-12
  0.913371E-12
  0.909219E-12
  0.905067E-12
  0.900916E-12
  0.896764E-12
  0.892612E-12
  0.888460E-12
  0.884309E-12
  0.880157E-12
  0.876005E-12
  0.871854E-12
  0.867702E-12
  0.863550E-12
  0.859399E-12
  0.855247E-12
  0.851095E-12
  0.846944E-12
  0.842792E-12
  0.838640E-12
  0.834489E-12
  0.830337E-12
  0.826185E-12
  0.822034E-12
  0.817882E-12
  0.813730E-12
  0.809578E-12
  0.805427E-12
  0.801275E-12
  0.797123E-12
  0.792972E-12
  0.788820E-12
  0.784668E-12
  0.780517E-12
  0.776365E-12
  0.772213E-12
  0.768062E-12
  0.763910E-12
  0.759758E-12
  0.755607E-12
  0.751455E-12
  0.747303E-12
  0.743152E-12
  0.739000E-12
  0.734848E-12
  0.730696E-12
  0.726545E-12
  0.722393E-12
  0.718241E-12
  0.714090E-12
  0.709938E-12
  0.705786E-12
  0.701635E-12
  0.697483E-12
  0.693331E-12
  0.689180E-12
  0.685028E-12
  0.680876E-12
  0.676725E-12
  0.672573E-12
  0.668421E-12
  0.664270E-12
  0.660118E-12
  0.655966E-12
  0.651814E-12
  0.647663E-12
  0.643511E-12
  0.639359E-12
  0.635208E-12
  0.631056E-12
  0.626904E-12
  0.622753E-12
  0.618601E-12
  0.614449E-12
  0.610298E-12
  0.606146E-12
  0.601994E-12
  0.597843E-12
  0.593691E-12
  0.589539E-12
  0.585388E-12
  0.581236E-12
  0.577084E-12
  0.572932E-12
  0.568781E-12
  0.564629E-12
  0.560477E-12
  0.556326E-12
  0.552174E-12
  0.548022E-12
  0.543871E-12
  0.539719E-12
  0.535567E-12
  0.531416E-12
  0.527264E-12
  0.523112E-12
  0.518961E-12
  0.514809E-12
  0.510657E-12
  0.506506E-12
  0.502354E-12
  0.498202E-12
  0.494050E-12
  0.489899E-12
  0.485747E-12
  0.481595E-12
  0.477444E-12
  0.473292E-12
  0.469140E-12
  0.464989E-12
  0.460837E-12
  0.456685E-12
  0.452534E-12
  0.448382E-12
  0.444230E-12
  0.440079E-12
  0.435927E-12
  0.431775E-12
  0.427623E-12
  0.423472E-12
  0.419320E-12
  0.415168E-12
  0.411017E-12
  0.406865E-12
  0.402713E-12
  0.398562E-12
  0.394410E-12
  0.390258E-12
  0.386107E-12
  0.381955E-12
  0.377803E-12
  0.373652E-12
  0.369500E-12
  0.365348E-12
  0.361197E-12
  0.357045E-12
  0.352893E-12
  0.348741E-12
  0.344590E-12
  0.340438E-12
  0.336286E-12
  0.332135E-12
  0.327983E-12
  0.323831E-12
  0.319680E-12
  0.315528E-12
  0.311376E-12
  0.307225E-12
  0.303073E-12
  0.298921E-12
  0.294770E-12
  0.290618E-12
  0.286466E-12
  0.282315E-12
  0.278163E-12
  0.274011E-12
  0.269859E-12
  0.265708E-12
  0.261556E-12
  0.257404E-12
  0.253253E-12
  0.249101E-12
  0.244949E-12
  0.240798E-12
  0.236646E-12
  0.232494E-12
  0.228343E-12
  0.224191E-12
  0.220039E-12
  0.215888E-12
  0.211736E-12
  0.207584E-12
  0.203433E-12
  0.199281E-12
  0.195129E-12
  0.190977E-12
  0.186826E-12
  0.182674E-12
  0.178522E-12
  0.174371E-12
  0.170219E-12
  0.166067E-12
  0.161916E-12
  0.157764E-12
  0.153612E-12
  0.149461E-12
  0.145309E-12
  0.141157E-12
  0.137006E-12
  0.132854E-12
  0.128702E-12
  0.124551E-12
  0.120399E-12
  0.116247E-12
  0.112095E-12
  0.107944E-12
  0.103792E-12
  0.996404E-13
  0.954887E-13
  0.913371E-13
  0.871854E-13
  0.830337E-13
  0.788820E-13
  0.747303E-13
  0.705786E-13
  0.664270E-13
  0.622753E-13
  0.581236E-13
  0.539719E-13
  0.498202E-13
  0.456685E-13
  0.415168E-13
  0.373652E-13
  0.332135E-13
  0.290618E-13
  0.249101E-13
  0.207584E-13
  0.166067E-13
  0.124551E-13
  0.830337E-14
  0.415168E-14
  0.946531E-15
  0.000000E+00
  0.000000E+00
  0.000000E+00
  0.000000E+00
  0.000000E+00
  0.000000E+00
  0.000000E+00
  0.000000E+00
  0.000000E+00
  0.000000E+00
  0.000000E+00
  0.000000E+00
  0.000000E+00
  0.000000E+00
  0.000000E+00
  0.000000E+00
  0.000000E+00
  0.000000E+00
  0.000000E+00
  0.000000E+00
  0.000000E+00
  0.000000E+00
  0.000000E+00
  0.000000E+00
  0.000000E+00
  0.000000E+00
  0.000000E+00
  0.000000E+00
  0.000000E+00
  0.000000E+00
  0.000000E+00
  0.000000E+00
  0.000000E+00
  0.000000E+00
  0.000000E+00
  0.000000E+00
  0.000000E+00
  0.000000E+00
  0.000000E+00
  0.000000E+00
  0.000000E+00
  0.000000E+00
  0.000000E+00
  0.000000E+00
  0.000000E+00
  0.000000E+00
  0.000000E+00
  0.000000E+00
  0.000000E+00
  0.000000E+00
  0.000000E+00
  0.000000E+00
  0.000000E+00
  0.000000E+00
  0.000000E+00
  0.000000E+00
  0.000000E+00
  0.000000E+00
  0.000000E+00
  0.000000E+00
  0.000000E+00
  0.000000E+00
  0.000000E+00
  0.000000E+00
  0.000000E+00
  0.000000E+00
  0.000000E+00
  0.000000E+00
  0.000000E+00
  0.000000E+00
  0.000000E+00
  0.000000E+00
  0.000000E+00
  0.000000E+00
  0.000000E+00
  0.000000E+00
  0.000000E+00
  0.000000E+00
  0.000000E+00
  0.000000E+00
  0.000000E+00
  0.000000E+00
  0.000000E+00
  0.000000E+00
  0.000000E+00
  0.000000E+00
  0.000000E+00
  0.000000E+00
  0.000000E+00
  0.000000E+00
  0.000000E+00
  0.000000E+00
  0.000000E+00
  0.000000E+00
  0.000000E+00
  0.000000E+00
  0.000000E+00
  0.000000E+00
  0.000000E+00
  0.000000E+00
  0.000000E+00
  0.000000E+00
  0.000000E+00
  0.000000E+00
  0.000000E+00
  0.000000E+00
  0.000000E+00
  0.000000E+00
  0.000000E+00
  0.000000E+00
  0.000000E+00
  0.000000E+00
  0.000000E+00
  0.000000E+00
  0.000000E+00
  0.000000E+00
  0.000000E+00
  0.000000E+00
  0.000000E+00
  0.000000E+00
  0.000000E+00
  0.000000E+00
  0.000000E+00
  0.000000E+00
  0.000000E+00
  0.000000E+00
  0.000000E+00
  0.000000E+00
  0.000000E+00
  0.000000E+00
  0.000000E+00
  0.000000E+00
  0.000000E+00
  0.000000E+00
  0.000000E+00
  0.000000E+00
  0.000000E+00
  0.000000E+00
  0.000000E+00
  0.000000E+00
  0.000000E+00
  0.000000E+00
  0.000000E+00
  0.000000E+00
  0.000000E+00
  0.000000E+00
  0.000000E+00
  0.000000E+00
  0.000000E+00
  0.000000E+00
  0.000000E+00
  0.000000E+00
  0.000000E+00
  0.000000E+00
  0.000000E+00
  0.000000E+00
  0.000000E+00
  0.000000E+00
  0.000000E+00
  0.000000E+00
  0.000000E+00
  0.000000E+00
  0.000000E+00
  0.000000E+00
  0.000000E+00
  0.000000E+00
  0.000000E+00
  0.000000E+00
  0.000000E+00
  0.000000E+00
  0.000000E+00
  0.000000E+00
  0.000000E+00
  0.000000E+00
  0.000000E+00
  0.000000E+00
  0.000000E+00
  0.000000E+00
  0.000000E+00
  0.000000E+00
  0.000000E+00
  0.000000E+00
  0.000000E+00
  0.000000E+00
  0.000000E+00
  0.000000E+00
  0.000000E+00
  0.000000E+00
  0.000000E+00
  0.000000E+00
  0.000000E+00
  0.000000E+00
  0.000000E+00
  0.000000E+00
  0.000000E+00
  0.000000E+00
  0.000000E+00
  0.000000E+00
  0.000000E+00
  0.000000E+00
  0.000000E+00
  0.000000E+00
  0.000000E+00
  0.000000E+00
  0.000000E+00
  0.000000E+00
  0.000000E+00
  0.000000E+00
  0.000000E+00
  0.000000E+00
  0.000000E+00
  0.000000E+00
  0.000000E+00
  0.000000E+00
  0.000000E+00
  0.000000E+00
  0.000000E+00
  0.000000E+00
  0.000000E+00
  0.000000E+00
  0.000000E+00
  0.000000E+00
  0.000000E+00
  0.000000E+00
  0.526368E-15
  0.237785E-14
  0.475571E-14
  0.713356E-14
  0.951141E-14
  0.118893E-13
  0.142671E-13
  0.166450E-13
  0.190228E-13
  0.214007E-13
  0.237785E-13
  0.261564E-13
  0.285342E-13
  0.309121E-13
  0.332899E-13
  0.356678E-13
  0.380457E-13
  0.404235E-13
  0.428014E-13
  0.451792E-13
  0.475571E-13
  0.499349E-13
  0.523128E-13
  0.546906E-13
  0.570685E-13
  0.594463E-13
  0.618242E-13
  0.642020E-13
  0.665799E-13
  0.689577E-13
  0.713356E-13
  0.737135E-13
  0.760913E-13
  0.784692E-13
  0.808470E-13
  0.832249E-13
  0.856027E-13
  0.879806E-13
  0.903584E-13
  0.927363E-13
  0.951141E-13
  0.974920E-13
  0.998698E-13
  0.102248E-12
  0.104626E-12
  0.107003E-12
  0.109381E-12
  0.111759E-12
  0.114137E-12
  0.116515E-12
  0.118893E-12
  0.121271E-12
  0.123648E-12
  0.126026E-12
  0.128404E-12
  0.130782E-12
  0.133160E-12
  0.135538E-12
  0.137915E-12
  0.140293E-12
  0.142671E-12
  0.145049E-12
  0.147427E-12
  0.149805E-12
  0.152183E-12
  0.154560E-12
  0.156938E-12
  0.159316E-12
  0.161694E-12
  0.164072E-12
  0.166450E-12
  0.168828E-12
  0.171205E-12
  0.173583E-12
  0.175961E-12
  0.178339E-12
  0.180717E-12
  0.183095E-12
  0.185473E-12
  0.187850E-12
  0.190228E-12
  0.192606E-12
  0.194984E-12
  0.197362E-12
  0.199740E-12
  0.202118E-12
  0.204495E-12
  0.206873E-12
  0.209251E-12
  0.211629E-12
  0.214007E-12
  0.216385E-12
  0.218763E-12
  0.221140E-12
  0.223518E-12
  0.225896E-12
  0.228274E-12
  0.230652E-12
  0.233030E-12
  0.235407E-12
  0.237785E-12
  0.240163E-12
  0.242541E-12
  0.244919E-12
  0.247297E-12
  0.249675E-12
  0.252052E-12
  0.254430E-12
  0.256808E-12
  0.259186E-12
  0.261564E-12
  0.263942E-12
  0.266320E-12
  0.268697E-12
  0.271075E-12
  0.273453E-12
  0.275831E-12
  0.278209E-12
  0.280587E-12
  0.282965E-12
  0.285342E-12
  0.287720E-12
  0.290098E-12
  0.292476E-12
  0.294854E-12
  0.297232E-12
  0.299610E-12
  0.301987E-12
  0.304365E-12
  0.306743E-12
  0.309121E-12
  0.311499E-12
  0.313877E-12
  0.316254E-12
  0.318632E-12
  0.321010E-12
  0.323388E-12
  0.325766E-12
  0.328144E-12
  0.330522E-12
  0.332899E-12
  0.335277E-12
  0.337655E-12
  0.340033E-12
  0.342411E-12
  0.344789E-12
  0.347167E-12
  0.349544E-12
  0.351922E-12
  0.354300E-12
  0.356678E-12
  0.359056E-12
  0.361434E-12
  0.363812E-12
  0.366189E-12
  0.368567E-12
  0.370945E-12
  0.373323E-12
  0.375701E-12
  0.378079E-12
  0.380457E-12
  0.382834E-12
  0.385212E-12
  0.387590E-12
  0.389968E-12
  0.392346E-12
  0.394724E-12
  0.397102E-12
  0.399479E-12
  0.401857E-12
  0.404235E-12
  0.406613E-12
  0.408991E-12
  0.411369E-12
  0.413746E-12
  0.416124E-12
  0.418502E-12
  0.420880E-12
  0.423258E-12
  0.425636E-12
  0.428014E-12
  0.430391E-12
  0.432769E-12
  0.435147E-12
  0.437525E-12
  0.439903E-12
  0.442281E-12
  0.444659E-12
  0.447036E-12
  0.449414E-12
  0.451792E-12
  0.454170E-12
  0.456548E-12
  0.458926E-12
  0.461304E-12
  0.463681E-12
  0.466059E-12
  0.468437E-12
  0.470815E-12
  0.473193E-12
  0.475571E-12
  0.477949E-12
  0.480326E-12
  0.482704E-12
  0.485082E-12
  0.487460E-12
  0.489838E-12
  0.492216E-12
  0.494593E-12
  0.496971E-12
  0.499349E-12
  0.501727E-12
  0.504105E-12
  0.506483E-12
  0.508861E-12
  0.511238E-12
  0.513616E-12
  0.515994E-12
  0.518372E-12
  0.520750E-12
  0.523128E-12
  0.525506E-12
  0.527883E-12
  0.530261E-12
  0.532639E-12
  0.533997E-12
  0.532639E-12
  0.530261E-12
  0.527883E-12
  0.525506E-12
  0.523128E-12
  0.520750E-12
  0.518372E-12
  0.515994E-12
  0.513616E-12
  0.511238E-12
  0.508861E-12
  0.506483E-12
  0.504105E-12
  0.501727E-12
  0.499349E-12
  0.496971E-12
  0.494593E-12
  0.492216E-12
  0.489838E-12
  0.487460E-12
  0.485082E-12
  0.482704E-12
  0.480326E-12
  0.477949E-12
  0.475571E-12
  0.473193E-12
  0.470815E-12
  0.468437E-12
  0.466059E-12
  0.463681E-12
  0.461304E-12
  0.458926E-12
  0.456548E-12
  0.454170E-12
  0.451792E-12
  0.449414E-12
  0.447036E-12
  0.444659E-12
  0.442281E-12
  0.439903E-12
  0.437525E-12
  0.435147E-12
  0.432769E-12
  0.430391E-12
  0.428014E-12
  0.425636E-12
  0.423258E-12
  0.420880E-12
  0.418502E-12
  0.416124E-12
  0.413746E-12
  0.411369E-12
  0.408991E-12
  0.406613E-12
  0.404235E-12
  0.401857E-12
  0.399479E-12
  0.397102E-12
  0.394724E-12
  0.392346E-12
  0.389968E-12
  0.387590E-12
  0.385212E-12
  0.382834E-12
  0.380457E-12
  0.378079E-12
  0.375701E-12
  0.373323E-12
  0.370945E-12
  0.368567E-12
  0.366189E-12
  0.363812E-12
  0.361434E-12
  0.359056E-12
  0.356678E-12
  0.354300E-12
  0.351922E-12
  0.349544E-12
  0.347167E-12
  0.344789E-12
  0.342411E-12
  0.340033E-12
  0.337655E-12
  0.335277E-12
  0.332899E-12
  0.330522E-12
  0.328144E-12
  0.325766E-12
  0.323388E-12
  0.321010E-12
  0.318632E-12
  0.316254E-12
  0.313877E-12
  0.311499E-12
  0.309121E-12
  0.306743E-12
  0.304365E-12
  0.301987E-12
  0.299610E-12
  0.297232E-12
  0.294854E-12
  0.292476E-12
  0.290098E-12
  0.287720E-12
  0.285342E-12
  0.282965E-12
  0.280587E-12
  0.278209E-12
  0.275831E-12
  0.273453E-12
  0.271075E-12
  0.268697E-12
  0.266320E-12
  0.263942E-12
  0.261564E-12
  0.259186E-12
  0.256808E-12
  0.254430E-12
  0.252052E-12
  0.249675E-12
  0.247297E-12
  0.244919E-12
  0.242541E-12
  0.240163E-12
  0.237785E-12
  0.235407E-12
  0.233030E-12
  0.230652E-12
  0.228274E-12
  0.225896E-12
  0.223518E-12
  0.221140E-12
  0.218763E-12
  0.216385E-12
  0.214007E-12
  0.211629E-12
  0.209251E-12
  0.206873E-12
  0.204495E-12
  0.202118E-12
  0.199740E-12
  0.197362E-12
  0.194984E-12
  0.192606E-12
  0.190228E-12
  0.187850E-12
  0.185473E-12
  0.183095E-12
  0.180717E-12
  0.178339E-12
  0.175961E-12
  0.173583E-12
  0.171205E-12
  0.168828E-12
  0.166450E-12
  0.164072E-12
  0.161694E-12
  0.159316E-12
  0.156938E-12
  0.154560E-12
  0.152183E-12
  0.149805E-12
  0.147427E-12
  0.145049E-12
  0.142671E-12
  0.140293E-12
  0.137915E-12
  0.135538E-12
  0.133160E-12
  0.130782E-12
  0.128404E-12
  0.126026E-12
  0.123648E-12
  0.121271E-12
  0.118893E-12
  0.116515E-12
  0.114137E-12
  0.111759E-12
  0.109381E-12
  0.107003E-12
  0.104626E-12
  0.102248E-12
  0.998698E-13
  0.974920E-13
  0.951141E-13
  0.927363E-13
  0.903584E-13
  0.879806E-13
  0.856027E-13
  0.832249E-13
  0.808470E-13
  0.784692E-13
  0.760913E-13
  0.737135E-13
  0.713356E-13
  0.689577E-13
  0.665799E-13
  0.642020E-13
  0.618242E-13
  0.594463E-13
  0.570685E-13
  0.546906E-13
  0.523128E-13
  0.499349E-13
  0.475571E-13
  0.451792E-13
  0.428014E-13
  0.404235E-13
  0.380457E-13
  0.356678E-13
  0.332899E-13
  0.309121E-13
  0.285342E-13
  0.261564E-13
  0.237785E-13
  0.214007E-13
  0.190228E-13
  0.166450E-13
  0.142671E-13
  0.118893E-13
  0.951141E-14
  0.713356E-14
  0.475571E-14
  0.237785E-14
  0.493080E-15
  0.000000E+00
  0.000000E+00
  0.000000E+00
  0.000000E+00
  0.000000E+00
  0.000000E+00
  0.000000E+00
  0.000000E+00
  0.000000E+00
  0.000000E+00
  0.000000E+00
  0.000000E+00
  0.000000E+00
  0.000000E+00
  0.000000E+00
  0.000000E+00
  0.000000E+00
  0.000000E+00
  0.000000E+00
  0.000000E+00
  0.000000E+00
  0.000000E+00
  0.000000E+00
  0.000000E+00
  0.000000E+00
  0.000000E+00
  0.000000E+00
  0.000000E+00
  0.000000E+00
  0.000000E+00
  0.000000E+00
  0.000000E+00
  0.000000E+00
  0.000000E+00
  0.000000E+00
  0.000000E+00
  0.000000E+00
  0.000000E+00
  0.000000E+00
  0.000000E+00
  0.000000E+00
  0.000000E+00
  0.000000E+00
  0.000000E+00
  0.000000E+00
  0.000000E+00
  0.000000E+00
  0.000000E+00
  0.000000E+00
  0.000000E+00
  0.000000E+00
  0.000000E+00
  0.000000E+00
  0.000000E+00
  0.000000E+00
  0.000000E+00
  0.000000E+00
  0.000000E+00
  0.000000E+00
  0.000000E+00
  0.000000E+00
  0.000000E+00
  0.000000E+00
  0.000000E+00
  0.000000E+00
  0.000000E+00
  0.000000E+00
  0.000000E+00
  0.000000E+00
  0.000000E+00
  0.000000E+00
  0.000000E+00
  0.000000E+00
  0.000000E+00
  0.000000E+00
  0.000000E+00
  0.000000E+00
  0.000000E+00
  0.000000E+00
  0.000000E+00
  0.000000E+00
  0.000000E+00
  0.000000E+00
  0.000000E+00
  0.000000E+00
  0.000000E+00
  0.000000E+00
  0.000000E+00
  0.000000E+00
  0.000000E+00
  0.000000E+00
  0.000000E+00
  0.000000E+00
  0.000000E+00
  0.000000E+00
  0.000000E+00
  0.000000E+00
  0.000000E+00
  0.000000E+00
  0.000000E+00
  0.000000E+00
  0.000000E+00
  0.000000E+00
  0.000000E+00
  0.000000E+00
  0.000000E+00
  0.000000E+00
  0.000000E+00
  0.000000E+00
  0.000000E+00
  0.000000E+00
  0.000000E+00
  0.000000E+00
  0.000000E+00
  0.000000E+00
  0.000000E+00
  0.000000E+00
  0.000000E+00
  0.000000E+00
  0.000000E+00
  0.000000E+00
  0.000000E+00
  0.000000E+00
  0.000000E+00
  0.000000E+00
  0.000000E+00
  0.000000E+00
  0.000000E+00
  0.000000E+00
  0.000000E+00
  0.000000E+00
  0.000000E+00
  0.000000E+00
  0.000000E+00
  0.000000E+00
  0.000000E+00
  0.000000E+00
  0.000000E+00
  0.000000E+00
  0.000000E+00
  0.000000E+00
  0.000000E+00
  0.000000E+00
  0.000000E+00
  0.000000E+00
  0.000000E+00
  0.000000E+00
  0.000000E+00
  0.000000E+00
  0.000000E+00
  0.000000E+00
  0.000000E+00
  0.000000E+00
  0.000000E+00
  0.000000E+00
  0.000000E+00
  0.000000E+00
  0.000000E+00
  0.000000E+00
  0.000000E+00
  0.000000E+00
  0.000000E+00
  0.000000E+00
  0.000000E+00
  0.000000E+00
  0.000000E+00
  0.000000E+00
  0.000000E+00
  0.000000E+00
  0.000000E+00
  0.000000E+00
  0.000000E+00
  0.000000E+00
  0.000000E+00
  0.000000E+00
  0.000000E+00
  0.000000E+00
  0.000000E+00
  0.000000E+00
  0.000000E+00
  0.000000E+00
  0.000000E+00
  0.000000E+00
  0.000000E+00
  0.000000E+00
  0.000000E+00
  0.000000E+00
  0.000000E+00
  0.000000E+00
  0.000000E+00
  0.000000E+00
  0.000000E+00
  0.000000E+00
  0.000000E+00
  0.000000E+00
  0.000000E+00
  0.000000E+00
  0.000000E+00
  0.000000E+00
  0.000000E+00
  0.000000E+00
  0.000000E+00
  0.000000E+00
  0.000000E+00
  0.000000E+00
  0.000000E+00
  0.000000E+00
  0.000000E+00
  0.000000E+00
  0.000000E+00
  0.000000E+00
  0.000000E+00
  0.000000E+00
  0.000000E+00
  0.000000E+00
  0.000000E+00
  0.000000E+00
  0.000000E+00
  0.000000E+00
  0.000000E+00
  0.000000E+00
  0.000000E+00
  0.000000E+00
  0.000000E+00
  0.000000E+00
