       18001
   40.0000000000000     
  0.367488E-02
  0.367490E-02
  0.367492E-02
  0.367494E-02
  0.367497E-02
  0.367499E-02
  0.367501E-02
  0.367503E-02
  0.367505E-02
  0.367507E-02
  0.367510E-02
  0.367512E-02
  0.367514E-02
  0.367516E-02
  0.367518E-02
  0.367520E-02
  0.367523E-02
  0.367525E-02
  0.367527E-02
  0.367529E-02
  0.367531E-02
  0.367533E-02
  0.367536E-02
  0.367538E-02
  0.367540E-02
  0.367542E-02
  0.367544E-02
  0.367546E-02
  0.367549E-02
  0.367551E-02
  0.367553E-02
  0.367555E-02
  0.367557E-02
  0.367559E-02
  0.367562E-02
  0.367564E-02
  0.367566E-02
  0.367568E-02
  0.367570E-02
  0.367572E-02
  0.367575E-02
  0.367577E-02
  0.367579E-02
  0.367581E-02
  0.367583E-02
  0.367585E-02
  0.367587E-02
  0.367590E-02
  0.367592E-02
  0.367594E-02
  0.367596E-02
  0.367598E-02
  0.367600E-02
  0.367603E-02
  0.367605E-02
  0.367607E-02
  0.367609E-02
  0.367611E-02
  0.367613E-02
  0.367616E-02
  0.367618E-02
  0.367620E-02
  0.367622E-02
  0.367624E-02
  0.367626E-02
  0.367629E-02
  0.367631E-02
  0.367633E-02
  0.367635E-02
  0.367637E-02
  0.367639E-02
  0.367642E-02
  0.367644E-02
  0.367646E-02
  0.367648E-02
  0.367650E-02
  0.367652E-02
  0.367655E-02
  0.367657E-02
  0.367659E-02
  0.367661E-02
  0.367663E-02
  0.367665E-02
  0.367668E-02
  0.367670E-02
  0.367672E-02
  0.367674E-02
  0.367676E-02
  0.367678E-02
  0.367681E-02
  0.367683E-02
  0.367685E-02
  0.367687E-02
  0.367689E-02
  0.367691E-02
  0.367693E-02
  0.367696E-02
  0.367698E-02
  0.367700E-02
  0.367702E-02
  0.367704E-02
  0.367706E-02
  0.367709E-02
  0.367711E-02
  0.367713E-02
  0.367715E-02
  0.367717E-02
  0.367719E-02
  0.367722E-02
  0.367724E-02
  0.367726E-02
  0.367728E-02
  0.367730E-02
  0.367732E-02
  0.367735E-02
  0.367737E-02
  0.367739E-02
  0.367741E-02
  0.367743E-02
  0.367745E-02
  0.367748E-02
  0.367750E-02
  0.367752E-02
  0.367754E-02
  0.367756E-02
  0.367758E-02
  0.367761E-02
  0.367763E-02
  0.367765E-02
  0.367767E-02
  0.367769E-02
  0.367771E-02
  0.367774E-02
  0.367776E-02
  0.367778E-02
  0.367780E-02
  0.367786E-02
  0.367793E-02
  0.367799E-02
  0.367805E-02
  0.367812E-02
  0.367818E-02
  0.367824E-02
  0.367830E-02
  0.367837E-02
  0.367843E-02
  0.367849E-02
  0.367856E-02
  0.367862E-02
  0.367868E-02
  0.367875E-02
  0.367881E-02
  0.367887E-02
  0.367894E-02
  0.367900E-02
  0.367906E-02
  0.367913E-02
  0.367919E-02
  0.367925E-02
  0.367931E-02
  0.367938E-02
  0.367944E-02
  0.367950E-02
  0.367957E-02
  0.367963E-02
  0.367969E-02
  0.367976E-02
  0.367982E-02
  0.367988E-02
  0.367995E-02
  0.368001E-02
  0.368007E-02
  0.368014E-02
  0.368020E-02
  0.368026E-02
  0.368032E-02
  0.368039E-02
  0.368045E-02
  0.368051E-02
  0.368058E-02
  0.368064E-02
  0.368070E-02
  0.368077E-02
  0.368083E-02
  0.368089E-02
  0.368096E-02
  0.368102E-02
  0.368108E-02
  0.368114E-02
  0.368121E-02
  0.368127E-02
  0.368133E-02
  0.368140E-02
  0.368146E-02
  0.368152E-02
  0.368159E-02
  0.368165E-02
  0.368171E-02
  0.368178E-02
  0.368184E-02
  0.368190E-02
  0.368197E-02
  0.368203E-02
  0.368209E-02
  0.368215E-02
  0.368222E-02
  0.368228E-02
  0.368234E-02
  0.368241E-02
  0.368247E-02
  0.368253E-02
  0.368260E-02
  0.368266E-02
  0.368272E-02
  0.368279E-02
  0.368285E-02
  0.368291E-02
  0.368298E-02
  0.368304E-02
  0.368310E-02
  0.368316E-02
  0.368323E-02
  0.368329E-02
  0.368335E-02
  0.368342E-02
  0.368348E-02
  0.368354E-02
  0.368361E-02
  0.368367E-02
  0.368373E-02
  0.368380E-02
  0.368386E-02
  0.368392E-02
  0.368398E-02
  0.368405E-02
  0.368411E-02
  0.368417E-02
  0.368424E-02
  0.368430E-02
  0.368436E-02
  0.368443E-02
  0.368449E-02
  0.368455E-02
  0.368462E-02
  0.368468E-02
  0.368474E-02
  0.368481E-02
  0.368487E-02
  0.368493E-02
  0.368499E-02
  0.368506E-02
  0.368512E-02
  0.368518E-02
  0.368525E-02
  0.368531E-02
  0.368537E-02
  0.368544E-02
  0.368550E-02
  0.368556E-02
  0.368563E-02
  0.368569E-02
  0.368575E-02
  0.368582E-02
  0.368588E-02
  0.368594E-02
  0.368600E-02
  0.368607E-02
  0.368613E-02
  0.368619E-02
  0.368626E-02
  0.368632E-02
  0.368642E-02
  0.368652E-02
  0.368662E-02
  0.368672E-02
  0.368682E-02
  0.368692E-02
  0.368702E-02
  0.368712E-02
  0.368722E-02
  0.368731E-02
  0.368741E-02
  0.368751E-02
  0.368761E-02
  0.368771E-02
  0.368781E-02
  0.368791E-02
  0.368801E-02
  0.368811E-02
  0.368821E-02
  0.368831E-02
  0.368841E-02
  0.368851E-02
  0.368861E-02
  0.368871E-02
  0.368881E-02
  0.368891E-02
  0.368901E-02
  0.368911E-02
  0.368920E-02
  0.368930E-02
  0.368940E-02
  0.368950E-02
  0.368960E-02
  0.368970E-02
  0.368980E-02
  0.368990E-02
  0.369000E-02
  0.369010E-02
  0.369020E-02
  0.369030E-02
  0.369040E-02
  0.369050E-02
  0.369060E-02
  0.369070E-02
  0.369080E-02
  0.369090E-02
  0.369100E-02
  0.369110E-02
  0.369119E-02
  0.369129E-02
  0.369139E-02
  0.369149E-02
  0.369159E-02
  0.369169E-02
  0.369179E-02
  0.369189E-02
  0.369199E-02
  0.369209E-02
  0.369219E-02
  0.369229E-02
  0.369239E-02
  0.369249E-02
  0.369259E-02
  0.369269E-02
  0.369279E-02
  0.369289E-02
  0.369299E-02
  0.369308E-02
  0.369318E-02
  0.369328E-02
  0.369338E-02
  0.369348E-02
  0.369358E-02
  0.369368E-02
  0.369378E-02
  0.369388E-02
  0.369398E-02
  0.369408E-02
  0.369418E-02
  0.369428E-02
  0.369438E-02
  0.369448E-02
  0.369458E-02
  0.369468E-02
  0.369478E-02
  0.369488E-02
  0.369497E-02
  0.369507E-02
  0.369517E-02
  0.369527E-02
  0.369537E-02
  0.369547E-02
  0.369557E-02
  0.369567E-02
  0.369577E-02
  0.369587E-02
  0.369597E-02
  0.369607E-02
  0.369617E-02
  0.369627E-02
  0.369637E-02
  0.369647E-02
  0.369657E-02
  0.369667E-02
  0.369677E-02
  0.369687E-02
  0.369696E-02
  0.369706E-02
  0.369716E-02
  0.369726E-02
  0.369736E-02
  0.369746E-02
  0.369756E-02
  0.369766E-02
  0.369776E-02
  0.369786E-02
  0.369796E-02
  0.369806E-02
  0.369816E-02
  0.369826E-02
  0.369836E-02
  0.369846E-02
  0.369856E-02
  0.369866E-02
  0.369876E-02
  0.369885E-02
  0.369895E-02
  0.369905E-02
  0.369915E-02
  0.369925E-02
  0.369935E-02
  0.369945E-02
  0.369955E-02
  0.369965E-02
  0.369975E-02
  0.369988E-02
  0.370000E-02
  0.370013E-02
  0.370026E-02
  0.370039E-02
  0.370051E-02
  0.370064E-02
  0.370077E-02
  0.370090E-02
  0.370102E-02
  0.370115E-02
  0.370128E-02
  0.370141E-02
  0.370153E-02
  0.370166E-02
  0.370179E-02
  0.370192E-02
  0.370204E-02
  0.370217E-02
  0.370230E-02
  0.370243E-02
  0.370255E-02
  0.370268E-02
  0.370281E-02
  0.370294E-02
  0.370306E-02
  0.370319E-02
  0.370332E-02
  0.370345E-02
  0.370357E-02
  0.370370E-02
  0.370383E-02
  0.370396E-02
  0.370408E-02
  0.370421E-02
  0.370434E-02
  0.370447E-02
  0.370459E-02
  0.370472E-02
  0.370485E-02
  0.370498E-02
  0.370510E-02
  0.370523E-02
  0.370536E-02
  0.370549E-02
  0.370561E-02
  0.370574E-02
  0.370587E-02
  0.370600E-02
  0.370612E-02
  0.370625E-02
  0.370638E-02
  0.370651E-02
  0.370663E-02
  0.370676E-02
  0.370689E-02
  0.370702E-02
  0.370714E-02
  0.370727E-02
  0.370740E-02
  0.370753E-02
  0.370765E-02
  0.370778E-02
  0.370791E-02
  0.370804E-02
  0.370816E-02
  0.370829E-02
  0.370842E-02
  0.370855E-02
  0.370867E-02
  0.370880E-02
  0.370893E-02
  0.370906E-02
  0.370918E-02
  0.370931E-02
  0.370944E-02
  0.370957E-02
  0.370969E-02
  0.370982E-02
  0.370995E-02
  0.371008E-02
  0.371020E-02
  0.371033E-02
  0.371046E-02
  0.371059E-02
  0.371071E-02
  0.371084E-02
  0.371097E-02
  0.371110E-02
  0.371122E-02
  0.371135E-02
  0.371148E-02
  0.371161E-02
  0.371173E-02
  0.371186E-02
  0.371199E-02
  0.371212E-02
  0.371224E-02
  0.371237E-02
  0.371250E-02
  0.371263E-02
  0.371275E-02
  0.371288E-02
  0.371301E-02
  0.371314E-02
  0.371326E-02
  0.371339E-02
  0.371352E-02
  0.371365E-02
  0.371377E-02
  0.371390E-02
  0.371403E-02
  0.371416E-02
  0.371428E-02
  0.371441E-02
  0.371454E-02
  0.371467E-02
  0.371479E-02
  0.371492E-02
  0.371505E-02
  0.371518E-02
  0.371530E-02
  0.371543E-02
  0.371556E-02
  0.371569E-02
  0.371581E-02
  0.371594E-02
  0.371607E-02
  0.371620E-02
  0.371632E-02
  0.371645E-02
  0.371658E-02
  0.371671E-02
  0.371683E-02
  0.371696E-02
  0.371709E-02
  0.371721E-02
  0.371734E-02
  0.371747E-02
  0.371759E-02
  0.371772E-02
  0.371785E-02
  0.371797E-02
  0.371810E-02
  0.371823E-02
  0.371835E-02
  0.371848E-02
  0.371861E-02
  0.371873E-02
  0.371886E-02
  0.371899E-02
  0.371911E-02
  0.371924E-02
  0.371937E-02
  0.371949E-02
  0.371962E-02
  0.371975E-02
  0.371987E-02
  0.372000E-02
  0.372012E-02
  0.372025E-02
  0.372038E-02
  0.372050E-02
  0.372063E-02
  0.372076E-02
  0.372088E-02
  0.372101E-02
  0.372114E-02
  0.372126E-02
  0.372139E-02
  0.372152E-02
  0.372164E-02
  0.372177E-02
  0.372190E-02
  0.372202E-02
  0.372215E-02
  0.372228E-02
  0.372240E-02
  0.372253E-02
  0.372266E-02
  0.372278E-02
  0.372291E-02
  0.372304E-02
  0.372316E-02
  0.372329E-02
  0.372342E-02
  0.372354E-02
  0.372367E-02
  0.372380E-02
  0.372392E-02
  0.372405E-02
  0.372418E-02
  0.372430E-02
  0.372443E-02
  0.372456E-02
  0.372468E-02
  0.372481E-02
  0.372494E-02
  0.372506E-02
  0.372519E-02
  0.372532E-02
  0.372544E-02
  0.372557E-02
  0.372569E-02
  0.372582E-02
  0.372595E-02
  0.372607E-02
  0.372620E-02
  0.372633E-02
  0.372645E-02
  0.372658E-02
  0.372671E-02
  0.372683E-02
  0.372696E-02
  0.372709E-02
  0.372721E-02
  0.372734E-02
  0.372747E-02
  0.372759E-02
  0.372772E-02
  0.372785E-02
  0.372797E-02
  0.372810E-02
  0.372823E-02
  0.372835E-02
  0.372848E-02
  0.372861E-02
  0.372873E-02
  0.372886E-02
  0.372899E-02
  0.372911E-02
  0.372924E-02
  0.372937E-02
  0.372949E-02
  0.372962E-02
  0.372975E-02
  0.372987E-02
  0.373000E-02
  0.373013E-02
  0.373025E-02
  0.373038E-02
  0.373051E-02
  0.373063E-02
  0.373076E-02
  0.373089E-02
  0.373101E-02
  0.373114E-02
  0.373126E-02
  0.373139E-02
  0.373152E-02
  0.373164E-02
  0.373177E-02
  0.373190E-02
  0.373202E-02
  0.373215E-02
  0.373228E-02
  0.373240E-02
  0.373253E-02
  0.373266E-02
  0.373278E-02
  0.373291E-02
  0.373304E-02
  0.373316E-02
  0.373329E-02
  0.373342E-02
  0.373354E-02
  0.373367E-02
  0.373380E-02
  0.373392E-02
  0.373405E-02
  0.373410E-02
  0.373416E-02
  0.373421E-02
  0.373427E-02
  0.373432E-02
  0.373438E-02
  0.373443E-02
  0.373449E-02
  0.373454E-02
  0.373460E-02
  0.373465E-02
  0.373471E-02
  0.373476E-02
  0.373482E-02
  0.373487E-02
  0.373492E-02
  0.373498E-02
  0.373503E-02
  0.373509E-02
  0.373514E-02
  0.373520E-02
  0.373525E-02
  0.373531E-02
  0.373536E-02
  0.373542E-02
  0.373547E-02
  0.373553E-02
  0.373558E-02
  0.373564E-02
  0.373569E-02
  0.373574E-02
  0.373580E-02
  0.373585E-02
  0.373591E-02
  0.373596E-02
  0.373602E-02
  0.373607E-02
  0.373613E-02
  0.373618E-02
  0.373624E-02
  0.373629E-02
  0.373635E-02
  0.373640E-02
  0.373646E-02
  0.373651E-02
  0.373656E-02
  0.373662E-02
  0.373667E-02
  0.373673E-02
  0.373678E-02
  0.373684E-02
  0.373689E-02
  0.373695E-02
  0.373700E-02
  0.373706E-02
  0.373711E-02
  0.373717E-02
  0.373722E-02
  0.373728E-02
  0.373733E-02
  0.373738E-02
  0.373744E-02
  0.373749E-02
  0.373755E-02
  0.373760E-02
  0.373766E-02
  0.373771E-02
  0.373777E-02
  0.373782E-02
  0.373788E-02
  0.373793E-02
  0.373799E-02
  0.373804E-02
  0.373810E-02
  0.373815E-02
  0.373820E-02
  0.373826E-02
  0.373831E-02
  0.373837E-02
  0.373842E-02
  0.373848E-02
  0.373853E-02
  0.373859E-02
  0.373864E-02
  0.373870E-02
  0.373875E-02
  0.373881E-02
  0.373886E-02
  0.373892E-02
  0.373897E-02
  0.373902E-02
  0.373908E-02
  0.373913E-02
  0.373919E-02
  0.373924E-02
  0.373930E-02
  0.373935E-02
  0.373941E-02
  0.373946E-02
  0.373952E-02
  0.373957E-02
  0.373963E-02
  0.373968E-02
  0.373974E-02
  0.373979E-02
  0.373984E-02
  0.373990E-02
  0.373995E-02
  0.374001E-02
  0.374006E-02
  0.374012E-02
  0.374017E-02
  0.374023E-02
  0.374028E-02
  0.374034E-02
  0.374039E-02
  0.374045E-02
  0.374050E-02
  0.374056E-02
  0.374061E-02
  0.374066E-02
  0.374072E-02
  0.374077E-02
  0.374083E-02
  0.374088E-02
  0.374094E-02
  0.374099E-02
  0.374105E-02
  0.374110E-02
  0.374116E-02
  0.374121E-02
  0.374127E-02
  0.374132E-02
  0.374138E-02
  0.374143E-02
  0.374141E-02
  0.374140E-02
  0.374138E-02
  0.374136E-02
  0.374135E-02
  0.374133E-02
  0.374131E-02
  0.374130E-02
  0.374128E-02
  0.374126E-02
  0.374125E-02
  0.374123E-02
  0.374121E-02
  0.374120E-02
  0.374118E-02
  0.374116E-02
  0.374115E-02
  0.374113E-02
  0.374111E-02
  0.374110E-02
  0.374108E-02
  0.374106E-02
  0.374105E-02
  0.374103E-02
  0.374101E-02
  0.374100E-02
  0.374098E-02
  0.374096E-02
  0.374095E-02
  0.374093E-02
  0.374091E-02
  0.374090E-02
  0.374088E-02
  0.374086E-02
  0.374085E-02
  0.374083E-02
  0.374081E-02
  0.374080E-02
  0.374078E-02
  0.374076E-02
  0.374075E-02
  0.374073E-02
  0.374071E-02
  0.374070E-02
  0.374068E-02
  0.374066E-02
  0.374065E-02
  0.374063E-02
  0.374061E-02
  0.374060E-02
  0.374058E-02
  0.374056E-02
  0.374055E-02
  0.374053E-02
  0.374051E-02
  0.374050E-02
  0.374048E-02
  0.374046E-02
  0.374045E-02
  0.374043E-02
  0.374041E-02
  0.374040E-02
  0.374038E-02
  0.374036E-02
  0.374035E-02
  0.374033E-02
  0.374031E-02
  0.374030E-02
  0.374028E-02
  0.374026E-02
  0.374025E-02
  0.374023E-02
  0.374021E-02
  0.374020E-02
  0.374018E-02
  0.374016E-02
  0.374015E-02
  0.374013E-02
  0.374011E-02
  0.374010E-02
  0.374008E-02
  0.374006E-02
  0.374005E-02
  0.374003E-02
  0.374001E-02
  0.374000E-02
  0.373998E-02
  0.373996E-02
  0.373995E-02
  0.373993E-02
  0.373991E-02
  0.373990E-02
  0.373988E-02
  0.373986E-02
  0.373985E-02
  0.373983E-02
  0.373981E-02
  0.373980E-02
  0.373978E-02
  0.373976E-02
  0.373975E-02
  0.373973E-02
  0.373971E-02
  0.373970E-02
  0.373968E-02
  0.373966E-02
  0.373965E-02
  0.373963E-02
  0.373961E-02
  0.373960E-02
  0.373958E-02
  0.373956E-02
  0.373955E-02
  0.373953E-02
  0.373951E-02
  0.373950E-02
  0.373948E-02
  0.373946E-02
  0.373945E-02
  0.373943E-02
  0.373941E-02
  0.373940E-02
  0.373938E-02
  0.373936E-02
  0.373935E-02
  0.373933E-02
  0.373931E-02
  0.373930E-02
  0.373928E-02
  0.373926E-02
  0.373925E-02
  0.373923E-02
  0.373921E-02
  0.373920E-02
  0.373918E-02
  0.373912E-02
  0.373907E-02
  0.373901E-02
  0.373895E-02
  0.373889E-02
  0.373884E-02
  0.373878E-02
  0.373872E-02
  0.373866E-02
  0.373861E-02
  0.373855E-02
  0.373849E-02
  0.373844E-02
  0.373838E-02
  0.373832E-02
  0.373826E-02
  0.373821E-02
  0.373815E-02
  0.373809E-02
  0.373803E-02
  0.373798E-02
  0.373792E-02
  0.373786E-02
  0.373781E-02
  0.373775E-02
  0.373769E-02
  0.373763E-02
  0.373758E-02
  0.373752E-02
  0.373746E-02
  0.373740E-02
  0.373735E-02
  0.373729E-02
  0.373723E-02
  0.373718E-02
  0.373712E-02
  0.373706E-02
  0.373700E-02
  0.373695E-02
  0.373689E-02
  0.373683E-02
  0.373678E-02
  0.373672E-02
  0.373666E-02
  0.373660E-02
  0.373655E-02
  0.373649E-02
  0.373643E-02
  0.373637E-02
  0.373632E-02
  0.373626E-02
  0.373620E-02
  0.373615E-02
  0.373609E-02
  0.373603E-02
  0.373597E-02
  0.373592E-02
  0.373586E-02
  0.373580E-02
  0.373574E-02
  0.373569E-02
  0.373563E-02
  0.373557E-02
  0.373552E-02
  0.373546E-02
  0.373540E-02
  0.373534E-02
  0.373529E-02
  0.373523E-02
  0.373517E-02
  0.373511E-02
  0.373506E-02
  0.373500E-02
  0.373494E-02
  0.373489E-02
  0.373483E-02
  0.373477E-02
  0.373471E-02
  0.373466E-02
  0.373460E-02
  0.373454E-02
  0.373448E-02
  0.373443E-02
  0.373437E-02
  0.373431E-02
  0.373426E-02
  0.373420E-02
  0.373414E-02
  0.373408E-02
  0.373403E-02
  0.373397E-02
  0.373391E-02
  0.373385E-02
  0.373380E-02
  0.373374E-02
  0.373368E-02
  0.373363E-02
  0.373357E-02
  0.373351E-02
  0.373345E-02
  0.373340E-02
  0.373334E-02
  0.373328E-02
  0.373323E-02
  0.373317E-02
  0.373311E-02
  0.373305E-02
  0.373300E-02
  0.373294E-02
  0.373288E-02
  0.373282E-02
  0.373277E-02
  0.373271E-02
  0.373265E-02
  0.373260E-02
  0.373254E-02
  0.373248E-02
  0.373242E-02
  0.373237E-02
  0.373231E-02
  0.373225E-02
  0.373219E-02
  0.373214E-02
  0.373208E-02
  0.373202E-02
  0.373197E-02
  0.373191E-02
  0.373185E-02
  0.373179E-02
  0.373174E-02
  0.373168E-02
  0.373162E-02
  0.373156E-02
  0.373151E-02
  0.373145E-02
  0.373138E-02
  0.373132E-02
  0.373125E-02
  0.373118E-02
  0.373112E-02
  0.373105E-02
  0.373098E-02
  0.373092E-02
  0.373085E-02
  0.373078E-02
  0.373072E-02
  0.373065E-02
  0.373058E-02
  0.373052E-02
  0.373045E-02
  0.373038E-02
  0.373032E-02
  0.373025E-02
  0.373018E-02
  0.373012E-02
  0.373005E-02
  0.372998E-02
  0.372992E-02
  0.372985E-02
  0.372979E-02
  0.372972E-02
  0.372965E-02
  0.372959E-02
  0.372952E-02
  0.372945E-02
  0.372939E-02
  0.372932E-02
  0.372925E-02
  0.372919E-02
  0.372912E-02
  0.372905E-02
  0.372899E-02
  0.372892E-02
  0.372885E-02
  0.372879E-02
  0.372872E-02
  0.372865E-02
  0.372859E-02
  0.372852E-02
  0.372845E-02
  0.372839E-02
  0.372832E-02
  0.372825E-02
  0.372819E-02
  0.372812E-02
  0.372805E-02
  0.372799E-02
  0.372792E-02
  0.372785E-02
  0.372779E-02
  0.372772E-02
  0.372765E-02
  0.372759E-02
  0.372752E-02
  0.372745E-02
  0.372739E-02
  0.372732E-02
  0.372725E-02
  0.372719E-02
  0.372712E-02
  0.372705E-02
  0.372699E-02
  0.372692E-02
  0.372686E-02
  0.372679E-02
  0.372672E-02
  0.372666E-02
  0.372659E-02
  0.372652E-02
  0.372646E-02
  0.372639E-02
  0.372632E-02
  0.372626E-02
  0.372619E-02
  0.372612E-02
  0.372606E-02
  0.372599E-02
  0.372592E-02
  0.372586E-02
  0.372579E-02
  0.372572E-02
  0.372566E-02
  0.372559E-02
  0.372552E-02
  0.372546E-02
  0.372539E-02
  0.372532E-02
  0.372526E-02
  0.372519E-02
  0.372512E-02
  0.372506E-02
  0.372499E-02
  0.372492E-02
  0.372486E-02
  0.372479E-02
  0.372472E-02
  0.372466E-02
  0.372459E-02
  0.372452E-02
  0.372446E-02
  0.372439E-02
  0.372432E-02
  0.372426E-02
  0.372419E-02
  0.372412E-02
  0.372406E-02
  0.372399E-02
  0.372393E-02
  0.372386E-02
  0.372379E-02
  0.372373E-02
  0.372366E-02
  0.372359E-02
  0.372353E-02
  0.372346E-02
  0.372339E-02
  0.372333E-02
  0.372326E-02
  0.372319E-02
  0.372313E-02
  0.372306E-02
  0.372299E-02
  0.372293E-02
  0.372286E-02
  0.372279E-02
  0.372273E-02
  0.372266E-02
  0.372259E-02
  0.372253E-02
  0.372246E-02
  0.372241E-02
  0.372235E-02
  0.372230E-02
  0.372225E-02
  0.372219E-02
  0.372214E-02
  0.372209E-02
  0.372203E-02
  0.372198E-02
  0.372193E-02
  0.372187E-02
  0.372182E-02
  0.372177E-02
  0.372171E-02
  0.372166E-02
  0.372161E-02
  0.372155E-02
  0.372150E-02
  0.372145E-02
  0.372139E-02
  0.372134E-02
  0.372129E-02
  0.372123E-02
  0.372118E-02
  0.372113E-02
  0.372107E-02
  0.372102E-02
  0.372097E-02
  0.372091E-02
  0.372086E-02
  0.372081E-02
  0.372075E-02
  0.372070E-02
  0.372065E-02
  0.372059E-02
  0.372054E-02
  0.372049E-02
  0.372043E-02
  0.372038E-02
  0.372033E-02
  0.372027E-02
  0.372022E-02
  0.372017E-02
  0.372011E-02
  0.372006E-02
  0.372001E-02
  0.371995E-02
  0.371990E-02
  0.371985E-02
  0.371979E-02
  0.371974E-02
  0.371969E-02
  0.371963E-02
  0.371958E-02
  0.371953E-02
  0.371947E-02
  0.371942E-02
  0.371937E-02
  0.371931E-02
  0.371926E-02
  0.371921E-02
  0.371915E-02
  0.371910E-02
  0.371905E-02
  0.371899E-02
  0.371894E-02
  0.371889E-02
  0.371883E-02
  0.371878E-02
  0.371873E-02
  0.371867E-02
  0.371862E-02
  0.371857E-02
  0.371851E-02
  0.371846E-02
  0.371841E-02
  0.371835E-02
  0.371830E-02
  0.371825E-02
  0.371819E-02
  0.371814E-02
  0.371809E-02
  0.371803E-02
  0.371798E-02
  0.371793E-02
  0.371787E-02
  0.371782E-02
  0.371777E-02
  0.371771E-02
  0.371766E-02
  0.371761E-02
  0.371755E-02
  0.371750E-02
  0.371745E-02
  0.371739E-02
  0.371734E-02
  0.371729E-02
  0.371723E-02
  0.371718E-02
  0.371713E-02
  0.371707E-02
  0.371702E-02
  0.371697E-02
  0.371691E-02
  0.371686E-02
  0.371681E-02
  0.371675E-02
  0.371670E-02
  0.371665E-02
  0.371659E-02
  0.371654E-02
  0.371649E-02
  0.371643E-02
  0.371638E-02
  0.371633E-02
  0.371627E-02
  0.371622E-02
  0.371617E-02
  0.371611E-02
  0.371606E-02
  0.371601E-02
  0.371595E-02
  0.371590E-02
  0.371585E-02
  0.371579E-02
  0.371574E-02
  0.371569E-02
  0.371563E-02
  0.371558E-02
  0.371553E-02
  0.371547E-02
  0.371542E-02
  0.371537E-02
  0.371531E-02
  0.371526E-02
  0.371523E-02
  0.371521E-02
  0.371518E-02
  0.371515E-02
  0.371512E-02
  0.371510E-02
  0.371507E-02
  0.371504E-02
  0.371502E-02
  0.371499E-02
  0.371496E-02
  0.371493E-02
  0.371491E-02
  0.371488E-02
  0.371485E-02
  0.371483E-02
  0.371480E-02
  0.371477E-02
  0.371474E-02
  0.371472E-02
  0.371469E-02
  0.371466E-02
  0.371463E-02
  0.371461E-02
  0.371458E-02
  0.371455E-02
  0.371453E-02
  0.371450E-02
  0.371447E-02
  0.371444E-02
  0.371442E-02
  0.371439E-02
  0.371436E-02
  0.371434E-02
  0.371431E-02
  0.371428E-02
  0.371425E-02
  0.371423E-02
  0.371420E-02
  0.371417E-02
  0.371415E-02
  0.371412E-02
  0.371409E-02
  0.371406E-02
  0.371404E-02
  0.371401E-02
  0.371398E-02
  0.371396E-02
  0.371393E-02
  0.371390E-02
  0.371387E-02
  0.371385E-02
  0.371382E-02
  0.371379E-02
  0.371376E-02
  0.371374E-02
  0.371371E-02
  0.371368E-02
  0.371366E-02
  0.371363E-02
  0.371360E-02
  0.371357E-02
  0.371355E-02
  0.371352E-02
  0.371349E-02
  0.371347E-02
  0.371344E-02
  0.371341E-02
  0.371338E-02
  0.371336E-02
  0.371333E-02
  0.371330E-02
  0.371328E-02
  0.371325E-02
  0.371322E-02
  0.371319E-02
  0.371317E-02
  0.371314E-02
  0.371311E-02
  0.371309E-02
  0.371306E-02
  0.371303E-02
  0.371300E-02
  0.371298E-02
  0.371295E-02
  0.371292E-02
  0.371289E-02
  0.371287E-02
  0.371284E-02
  0.371281E-02
  0.371279E-02
  0.371276E-02
  0.371273E-02
  0.371270E-02
  0.371268E-02
  0.371265E-02
  0.371262E-02
  0.371260E-02
  0.371257E-02
  0.371254E-02
  0.371251E-02
  0.371249E-02
  0.371246E-02
  0.371243E-02
  0.371241E-02
  0.371238E-02
  0.371235E-02
  0.371232E-02
  0.371230E-02
  0.371227E-02
  0.371224E-02
  0.371222E-02
  0.371219E-02
  0.371216E-02
  0.371213E-02
  0.371211E-02
  0.371208E-02
  0.371205E-02
  0.371202E-02
  0.371200E-02
  0.371197E-02
  0.371194E-02
  0.371192E-02
  0.371189E-02
  0.371186E-02
  0.371183E-02
  0.371181E-02
  0.371178E-02
  0.371175E-02
  0.371173E-02
  0.371170E-02
  0.371167E-02
  0.371164E-02
  0.371162E-02
  0.371159E-02
  0.371159E-02
  0.371160E-02
  0.371160E-02
  0.371161E-02
  0.371161E-02
  0.371161E-02
  0.371162E-02
  0.371162E-02
  0.371163E-02
  0.371163E-02
  0.371164E-02
  0.371164E-02
  0.371164E-02
  0.371165E-02
  0.371165E-02
  0.371166E-02
  0.371166E-02
  0.371166E-02
  0.371167E-02
  0.371167E-02
  0.371168E-02
  0.371168E-02
  0.371169E-02
  0.371169E-02
  0.371169E-02
  0.371170E-02
  0.371170E-02
  0.371171E-02
  0.371171E-02
  0.371171E-02
  0.371172E-02
  0.371172E-02
  0.371173E-02
  0.371173E-02
  0.371174E-02
  0.371174E-02
  0.371174E-02
  0.371175E-02
  0.371175E-02
  0.371176E-02
  0.371176E-02
  0.371176E-02
  0.371177E-02
  0.371177E-02
  0.371178E-02
  0.371178E-02
  0.371178E-02
  0.371179E-02
  0.371179E-02
  0.371180E-02
  0.371180E-02
  0.371181E-02
  0.371181E-02
  0.371181E-02
  0.371182E-02
  0.371182E-02
  0.371183E-02
  0.371183E-02
  0.371183E-02
  0.371184E-02
  0.371184E-02
  0.371185E-02
  0.371185E-02
  0.371186E-02
  0.371186E-02
  0.371186E-02
  0.371187E-02
  0.371187E-02
  0.371188E-02
  0.371188E-02
  0.371188E-02
  0.371189E-02
  0.371189E-02
  0.371190E-02
  0.371190E-02
  0.371191E-02
  0.371191E-02
  0.371191E-02
  0.371192E-02
  0.371192E-02
  0.371193E-02
  0.371193E-02
  0.371193E-02
  0.371194E-02
  0.371194E-02
  0.371195E-02
  0.371195E-02
  0.371196E-02
  0.371196E-02
  0.371196E-02
  0.371197E-02
  0.371197E-02
  0.371198E-02
  0.371198E-02
  0.371198E-02
  0.371199E-02
  0.371199E-02
  0.371200E-02
  0.371200E-02
  0.371200E-02
  0.371201E-02
  0.371201E-02
  0.371202E-02
  0.371202E-02
  0.371203E-02
  0.371203E-02
  0.371203E-02
  0.371204E-02
  0.371204E-02
  0.371205E-02
  0.371205E-02
  0.371205E-02
  0.371206E-02
  0.371206E-02
  0.371207E-02
  0.371207E-02
  0.371208E-02
  0.371208E-02
  0.371208E-02
  0.371209E-02
  0.371209E-02
  0.371210E-02
  0.371210E-02
  0.371210E-02
  0.371211E-02
  0.371211E-02
  0.371212E-02
  0.371212E-02
  0.371213E-02
  0.371213E-02
  0.371213E-02
  0.371214E-02
  0.371214E-02
  0.371215E-02
  0.371215E-02
  0.371218E-02
  0.371222E-02
  0.371225E-02
  0.371229E-02
  0.371232E-02
  0.371236E-02
  0.371239E-02
  0.371242E-02
  0.371246E-02
  0.371249E-02
  0.371253E-02
  0.371256E-02
  0.371260E-02
  0.371263E-02
  0.371266E-02
  0.371270E-02
  0.371273E-02
  0.371277E-02
  0.371280E-02
  0.371284E-02
  0.371287E-02
  0.371290E-02
  0.371294E-02
  0.371297E-02
  0.371301E-02
  0.371304E-02
  0.371308E-02
  0.371311E-02
  0.371314E-02
  0.371318E-02
  0.371321E-02
  0.371325E-02
  0.371328E-02
  0.371332E-02
  0.371335E-02
  0.371338E-02
  0.371342E-02
  0.371345E-02
  0.371349E-02
  0.371352E-02
  0.371356E-02
  0.371359E-02
  0.371362E-02
  0.371366E-02
  0.371369E-02
  0.371373E-02
  0.371376E-02
  0.371380E-02
  0.371383E-02
  0.371386E-02
  0.371390E-02
  0.371393E-02
  0.371397E-02
  0.371400E-02
  0.371404E-02
  0.371407E-02
  0.371410E-02
  0.371414E-02
  0.371417E-02
  0.371421E-02
  0.371424E-02
  0.371428E-02
  0.371431E-02
  0.371434E-02
  0.371438E-02
  0.371441E-02
  0.371445E-02
  0.371448E-02
  0.371452E-02
  0.371455E-02
  0.371459E-02
  0.371462E-02
  0.371465E-02
  0.371469E-02
  0.371472E-02
  0.371476E-02
  0.371479E-02
  0.371483E-02
  0.371486E-02
  0.371489E-02
  0.371493E-02
  0.371496E-02
  0.371500E-02
  0.371503E-02
  0.371507E-02
  0.371510E-02
  0.371513E-02
  0.371517E-02
  0.371520E-02
  0.371524E-02
  0.371527E-02
  0.371531E-02
  0.371534E-02
  0.371537E-02
  0.371541E-02
  0.371544E-02
  0.371548E-02
  0.371551E-02
  0.371555E-02
  0.371558E-02
  0.371561E-02
  0.371565E-02
  0.371568E-02
  0.371572E-02
  0.371575E-02
  0.371579E-02
  0.371582E-02
  0.371585E-02
  0.371589E-02
  0.371592E-02
  0.371596E-02
  0.371599E-02
  0.371603E-02
  0.371606E-02
  0.371609E-02
  0.371613E-02
  0.371616E-02
  0.371620E-02
  0.371623E-02
  0.371627E-02
  0.371630E-02
  0.371633E-02
  0.371637E-02
  0.371640E-02
  0.371644E-02
  0.371647E-02
  0.371651E-02
  0.371654E-02
  0.371657E-02
  0.371661E-02
  0.371664E-02
  0.371668E-02
  0.371671E-02
  0.371675E-02
  0.371678E-02
  0.371681E-02
  0.371685E-02
  0.371688E-02
  0.371692E-02
  0.371695E-02
  0.371699E-02
  0.371702E-02
  0.371706E-02
  0.371709E-02
  0.371713E-02
  0.371716E-02
  0.371720E-02
  0.371723E-02
  0.371727E-02
  0.371730E-02
  0.371733E-02
  0.371737E-02
  0.371740E-02
  0.371744E-02
  0.371747E-02
  0.371751E-02
  0.371754E-02
  0.371758E-02
  0.371761E-02
  0.371765E-02
  0.371768E-02
  0.371772E-02
  0.371775E-02
  0.371779E-02
  0.371782E-02
  0.371785E-02
  0.371789E-02
  0.371792E-02
  0.371796E-02
  0.371799E-02
  0.371803E-02
  0.371806E-02
  0.371810E-02
  0.371813E-02
  0.371817E-02
  0.371820E-02
  0.371824E-02
  0.371827E-02
  0.371831E-02
  0.371834E-02
  0.371837E-02
  0.371841E-02
  0.371844E-02
  0.371848E-02
  0.371851E-02
  0.371855E-02
  0.371858E-02
  0.371862E-02
  0.371865E-02
  0.371869E-02
  0.371872E-02
  0.371876E-02
  0.371879E-02
  0.371883E-02
  0.371886E-02
  0.371889E-02
  0.371893E-02
  0.371896E-02
  0.371900E-02
  0.371903E-02
  0.371907E-02
  0.371910E-02
  0.371914E-02
  0.371917E-02
  0.371921E-02
  0.371924E-02
  0.371928E-02
  0.371931E-02
  0.371935E-02
  0.371938E-02
  0.371941E-02
  0.371945E-02
  0.371948E-02
  0.371952E-02
  0.371955E-02
  0.371959E-02
  0.371962E-02
  0.371966E-02
  0.371969E-02
  0.371973E-02
  0.371976E-02
  0.371980E-02
  0.371983E-02
  0.371987E-02
  0.371990E-02
  0.371993E-02
  0.371997E-02
  0.372000E-02
  0.372004E-02
  0.372007E-02
  0.372011E-02
  0.372014E-02
  0.372018E-02
  0.372021E-02
  0.372025E-02
  0.372028E-02
  0.372032E-02
  0.372035E-02
  0.372039E-02
  0.372042E-02
  0.372045E-02
  0.372049E-02
  0.372052E-02
  0.372056E-02
  0.372059E-02
  0.372063E-02
  0.372066E-02
  0.372070E-02
  0.372073E-02
  0.372077E-02
  0.372080E-02
  0.372084E-02
  0.372087E-02
  0.372091E-02
  0.372094E-02
  0.372097E-02
  0.372101E-02
  0.372104E-02
  0.372108E-02
  0.372111E-02
  0.372115E-02
  0.372118E-02
  0.372122E-02
  0.372125E-02
  0.372129E-02
  0.372132E-02
  0.372136E-02
  0.372139E-02
  0.372143E-02
  0.372146E-02
  0.372147E-02
  0.372149E-02
  0.372150E-02
  0.372151E-02
  0.372152E-02
  0.372154E-02
  0.372155E-02
  0.372156E-02
  0.372157E-02
  0.372159E-02
  0.372160E-02
  0.372161E-02
  0.372162E-02
  0.372164E-02
  0.372165E-02
  0.372166E-02
  0.372167E-02
  0.372169E-02
  0.372170E-02
  0.372171E-02
  0.372172E-02
  0.372174E-02
  0.372175E-02
  0.372176E-02
  0.372177E-02
  0.372179E-02
  0.372180E-02
  0.372181E-02
  0.372182E-02
  0.372184E-02
  0.372185E-02
  0.372186E-02
  0.372187E-02
  0.372189E-02
  0.372190E-02
  0.372191E-02
  0.372192E-02
  0.372194E-02
  0.372195E-02
  0.372196E-02
  0.372197E-02
  0.372199E-02
  0.372200E-02
  0.372201E-02
  0.372202E-02
  0.372204E-02
  0.372205E-02
  0.372206E-02
  0.372207E-02
  0.372209E-02
  0.372210E-02
  0.372211E-02
  0.372212E-02
  0.372214E-02
  0.372215E-02
  0.372216E-02
  0.372217E-02
  0.372219E-02
  0.372220E-02
  0.372221E-02
  0.372222E-02
  0.372224E-02
  0.372225E-02
  0.372226E-02
  0.372227E-02
  0.372229E-02
  0.372230E-02
  0.372231E-02
  0.372232E-02
  0.372234E-02
  0.372235E-02
  0.372236E-02
  0.372237E-02
  0.372239E-02
  0.372240E-02
  0.372241E-02
  0.372242E-02
  0.372244E-02
  0.372245E-02
  0.372246E-02
  0.372247E-02
  0.372249E-02
  0.372250E-02
  0.372251E-02
  0.372252E-02
  0.372254E-02
  0.372255E-02
  0.372256E-02
  0.372257E-02
  0.372259E-02
  0.372260E-02
  0.372261E-02
  0.372262E-02
  0.372264E-02
  0.372265E-02
  0.372266E-02
  0.372267E-02
  0.372269E-02
  0.372270E-02
  0.372271E-02
  0.372272E-02
  0.372274E-02
  0.372275E-02
  0.372276E-02
  0.372277E-02
  0.372279E-02
  0.372280E-02
  0.372281E-02
  0.372282E-02
  0.372284E-02
  0.372285E-02
  0.372286E-02
  0.372287E-02
  0.372289E-02
  0.372290E-02
  0.372291E-02
  0.372292E-02
  0.372294E-02
  0.372295E-02
  0.372296E-02
  0.372297E-02
  0.372299E-02
  0.372300E-02
  0.372301E-02
  0.372302E-02
  0.372304E-02
  0.372305E-02
  0.372306E-02
  0.372307E-02
  0.372309E-02
  0.372310E-02
  0.372311E-02
  0.372312E-02
  0.372314E-02
  0.372315E-02
  0.372315E-02
  0.372314E-02
  0.372314E-02
  0.372313E-02
  0.372313E-02
  0.372313E-02
  0.372312E-02
  0.372312E-02
  0.372312E-02
  0.372311E-02
  0.372311E-02
  0.372310E-02
  0.372310E-02
  0.372310E-02
  0.372309E-02
  0.372309E-02
  0.372308E-02
  0.372308E-02
  0.372308E-02
  0.372307E-02
  0.372307E-02
  0.372307E-02
  0.372306E-02
  0.372306E-02
  0.372305E-02
  0.372305E-02
  0.372305E-02
  0.372304E-02
  0.372304E-02
  0.372303E-02
  0.372303E-02
  0.372303E-02
  0.372302E-02
  0.372302E-02
  0.372302E-02
  0.372301E-02
  0.372301E-02
  0.372300E-02
  0.372300E-02
  0.372300E-02
  0.372299E-02
  0.372299E-02
  0.372298E-02
  0.372298E-02
  0.372298E-02
  0.372297E-02
  0.372297E-02
  0.372297E-02
  0.372296E-02
  0.372296E-02
  0.372295E-02
  0.372295E-02
  0.372295E-02
  0.372294E-02
  0.372294E-02
  0.372293E-02
  0.372293E-02
  0.372293E-02
  0.372292E-02
  0.372292E-02
  0.372292E-02
  0.372291E-02
  0.372291E-02
  0.372290E-02
  0.372290E-02
  0.372290E-02
  0.372289E-02
  0.372289E-02
  0.372288E-02
  0.372288E-02
  0.372288E-02
  0.372287E-02
  0.372287E-02
  0.372286E-02
  0.372286E-02
  0.372286E-02
  0.372285E-02
  0.372285E-02
  0.372285E-02
  0.372284E-02
  0.372284E-02
  0.372283E-02
  0.372283E-02
  0.372283E-02
  0.372282E-02
  0.372282E-02
  0.372281E-02
  0.372281E-02
  0.372281E-02
  0.372280E-02
  0.372280E-02
  0.372280E-02
  0.372279E-02
  0.372279E-02
  0.372278E-02
  0.372278E-02
  0.372278E-02
  0.372277E-02
  0.372277E-02
  0.372276E-02
  0.372276E-02
  0.372276E-02
  0.372275E-02
  0.372275E-02
  0.372275E-02
  0.372274E-02
  0.372274E-02
  0.372273E-02
  0.372273E-02
  0.372273E-02
  0.372272E-02
  0.372272E-02
  0.372271E-02
  0.372271E-02
  0.372271E-02
  0.372270E-02
  0.372270E-02
  0.372270E-02
  0.372269E-02
  0.372269E-02
  0.372268E-02
  0.372268E-02
  0.372268E-02
  0.372267E-02
  0.372267E-02
  0.372266E-02
  0.372266E-02
  0.372266E-02
  0.372265E-02
  0.372265E-02
  0.372265E-02
  0.372264E-02
  0.372264E-02
  0.372263E-02
  0.372263E-02
  0.372262E-02
  0.372261E-02
  0.372260E-02
  0.372260E-02
  0.372259E-02
  0.372258E-02
  0.372257E-02
  0.372256E-02
  0.372255E-02
  0.372255E-02
  0.372254E-02
  0.372253E-02
  0.372252E-02
  0.372251E-02
  0.372250E-02
  0.372250E-02
  0.372249E-02
  0.372248E-02
  0.372247E-02
  0.372246E-02
  0.372245E-02
  0.372245E-02
  0.372244E-02
  0.372243E-02
  0.372242E-02
  0.372241E-02
  0.372240E-02
  0.372240E-02
  0.372239E-02
  0.372238E-02
  0.372237E-02
  0.372236E-02
  0.372235E-02
  0.372235E-02
  0.372234E-02
  0.372233E-02
  0.372232E-02
  0.372231E-02
  0.372230E-02
  0.372230E-02
  0.372229E-02
  0.372228E-02
  0.372227E-02
  0.372226E-02
  0.372225E-02
  0.372224E-02
  0.372224E-02
  0.372223E-02
  0.372222E-02
  0.372221E-02
  0.372220E-02
  0.372219E-02
  0.372219E-02
  0.372218E-02
  0.372217E-02
  0.372216E-02
  0.372215E-02
  0.372214E-02
  0.372214E-02
  0.372213E-02
  0.372212E-02
  0.372211E-02
  0.372210E-02
  0.372209E-02
  0.372209E-02
  0.372208E-02
  0.372207E-02
  0.372206E-02
  0.372205E-02
  0.372204E-02
  0.372204E-02
  0.372203E-02
  0.372202E-02
  0.372201E-02
  0.372200E-02
  0.372199E-02
  0.372199E-02
  0.372198E-02
  0.372197E-02
  0.372196E-02
  0.372195E-02
  0.372194E-02
  0.372194E-02
  0.372193E-02
  0.372192E-02
  0.372191E-02
  0.372190E-02
  0.372189E-02
  0.372189E-02
  0.372188E-02
  0.372187E-02
  0.372186E-02
  0.372185E-02
  0.372184E-02
  0.372183E-02
  0.372183E-02
  0.372182E-02
  0.372181E-02
  0.372180E-02
  0.372179E-02
  0.372178E-02
  0.372178E-02
  0.372177E-02
  0.372176E-02
  0.372175E-02
  0.372174E-02
  0.372173E-02
  0.372173E-02
  0.372172E-02
  0.372171E-02
  0.372170E-02
  0.372169E-02
  0.372168E-02
  0.372168E-02
  0.372167E-02
  0.372166E-02
  0.372165E-02
  0.372164E-02
  0.372163E-02
  0.372163E-02
  0.372162E-02
  0.372161E-02
  0.372160E-02
  0.372159E-02
  0.372158E-02
  0.372158E-02
  0.372157E-02
  0.372156E-02
  0.372155E-02
  0.372154E-02
  0.372153E-02
  0.372153E-02
  0.372152E-02
  0.372151E-02
  0.372150E-02
  0.372150E-02
  0.372149E-02
  0.372149E-02
  0.372148E-02
  0.372148E-02
  0.372147E-02
  0.372147E-02
  0.372146E-02
  0.372146E-02
  0.372145E-02
  0.372145E-02
  0.372144E-02
  0.372144E-02
  0.372143E-02
  0.372143E-02
  0.372142E-02
  0.372142E-02
  0.372141E-02
  0.372141E-02
  0.372141E-02
  0.372140E-02
  0.372140E-02
  0.372139E-02
  0.372139E-02
  0.372138E-02
  0.372138E-02
  0.372137E-02
  0.372137E-02
  0.372136E-02
  0.372136E-02
  0.372135E-02
  0.372135E-02
  0.372134E-02
  0.372134E-02
  0.372133E-02
  0.372133E-02
  0.372132E-02
  0.372132E-02
  0.372132E-02
  0.372131E-02
  0.372131E-02
  0.372130E-02
  0.372130E-02
  0.372129E-02
  0.372129E-02
  0.372128E-02
  0.372128E-02
  0.372127E-02
  0.372127E-02
  0.372126E-02
  0.372126E-02
  0.372125E-02
  0.372125E-02
  0.372124E-02
  0.372124E-02
  0.372123E-02
  0.372123E-02
  0.372123E-02
  0.372122E-02
  0.372122E-02
  0.372121E-02
  0.372121E-02
  0.372120E-02
  0.372120E-02
  0.372119E-02
  0.372119E-02
  0.372118E-02
  0.372118E-02
  0.372117E-02
  0.372117E-02
  0.372116E-02
  0.372116E-02
  0.372115E-02
  0.372115E-02
  0.372114E-02
  0.372114E-02
  0.372113E-02
  0.372113E-02
  0.372113E-02
  0.372112E-02
  0.372112E-02
  0.372111E-02
  0.372111E-02
  0.372110E-02
  0.372110E-02
  0.372109E-02
  0.372109E-02
  0.372108E-02
  0.372108E-02
  0.372107E-02
  0.372107E-02
  0.372106E-02
  0.372106E-02
  0.372105E-02
  0.372105E-02
  0.372104E-02
  0.372104E-02
  0.372104E-02
  0.372103E-02
  0.372103E-02
  0.372102E-02
  0.372102E-02
  0.372101E-02
  0.372101E-02
  0.372100E-02
  0.372100E-02
  0.372099E-02
  0.372099E-02
  0.372098E-02
  0.372098E-02
  0.372097E-02
  0.372097E-02
  0.372096E-02
  0.372096E-02
  0.372095E-02
  0.372095E-02
  0.372095E-02
  0.372094E-02
  0.372094E-02
  0.372093E-02
  0.372093E-02
  0.372092E-02
  0.372092E-02
  0.372091E-02
  0.372091E-02
  0.372090E-02
  0.372090E-02
  0.372089E-02
  0.372089E-02
  0.372088E-02
  0.372088E-02
  0.372087E-02
  0.372087E-02
  0.372086E-02
  0.372086E-02
  0.372086E-02
  0.372086E-02
  0.372086E-02
  0.372085E-02
  0.372085E-02
  0.372085E-02
  0.372085E-02
  0.372085E-02
  0.372085E-02
  0.372084E-02
  0.372084E-02
  0.372084E-02
  0.372084E-02
  0.372084E-02
  0.372084E-02
  0.372084E-02
  0.372083E-02
  0.372083E-02
  0.372083E-02
  0.372083E-02
  0.372083E-02
  0.372083E-02
  0.372082E-02
  0.372082E-02
  0.372082E-02
  0.372082E-02
  0.372082E-02
  0.372082E-02
  0.372081E-02
  0.372081E-02
  0.372081E-02
  0.372081E-02
  0.372081E-02
  0.372081E-02
  0.372081E-02
  0.372080E-02
  0.372080E-02
  0.372080E-02
  0.372080E-02
  0.372080E-02
  0.372080E-02
  0.372079E-02
  0.372079E-02
  0.372079E-02
  0.372079E-02
  0.372079E-02
  0.372079E-02
  0.372079E-02
  0.372078E-02
  0.372078E-02
  0.372078E-02
  0.372078E-02
  0.372078E-02
  0.372078E-02
  0.372077E-02
  0.372077E-02
  0.372077E-02
  0.372077E-02
  0.372077E-02
  0.372077E-02
  0.372077E-02
  0.372076E-02
  0.372076E-02
  0.372076E-02
  0.372076E-02
  0.372076E-02
  0.372076E-02
  0.372075E-02
  0.372075E-02
  0.372075E-02
  0.372075E-02
  0.372075E-02
  0.372075E-02
  0.372074E-02
  0.372074E-02
  0.372074E-02
  0.372074E-02
  0.372074E-02
  0.372074E-02
  0.372074E-02
  0.372073E-02
  0.372073E-02
  0.372073E-02
  0.372073E-02
  0.372073E-02
  0.372073E-02
  0.372072E-02
  0.372072E-02
  0.372072E-02
  0.372072E-02
  0.372072E-02
  0.372072E-02
  0.372072E-02
  0.372071E-02
  0.372071E-02
  0.372071E-02
  0.372071E-02
  0.372071E-02
  0.372071E-02
  0.372070E-02
  0.372070E-02
  0.372070E-02
  0.372070E-02
  0.372070E-02
  0.372070E-02
  0.372070E-02
  0.372069E-02
  0.372069E-02
  0.372069E-02
  0.372069E-02
  0.372069E-02
  0.372069E-02
  0.372068E-02
  0.372068E-02
  0.372068E-02
  0.372068E-02
  0.372068E-02
  0.372068E-02
  0.372067E-02
  0.372067E-02
  0.372067E-02
  0.372067E-02
  0.372067E-02
  0.372067E-02
  0.372067E-02
  0.372066E-02
  0.372066E-02
  0.372066E-02
  0.372066E-02
  0.372066E-02
  0.372066E-02
  0.372065E-02
  0.372065E-02
  0.372065E-02
  0.372065E-02
  0.372064E-02
  0.372064E-02
  0.372063E-02
  0.372062E-02
  0.372062E-02
  0.372061E-02
  0.372060E-02
  0.372060E-02
  0.372059E-02
  0.372058E-02
  0.372058E-02
  0.372057E-02
  0.372057E-02
  0.372056E-02
  0.372055E-02
  0.372055E-02
  0.372054E-02
  0.372053E-02
  0.372053E-02
  0.372052E-02
  0.372051E-02
  0.372051E-02
  0.372050E-02
  0.372049E-02
  0.372049E-02
  0.372048E-02
  0.372047E-02
  0.372047E-02
  0.372046E-02
  0.372045E-02
  0.372045E-02
  0.372044E-02
  0.372043E-02
  0.372043E-02
  0.372042E-02
  0.372042E-02
  0.372041E-02
  0.372040E-02
  0.372040E-02
  0.372039E-02
  0.372038E-02
  0.372038E-02
  0.372037E-02
  0.372036E-02
  0.372036E-02
  0.372035E-02
  0.372034E-02
  0.372034E-02
  0.372033E-02
  0.372032E-02
  0.372032E-02
  0.372031E-02
  0.372030E-02
  0.372030E-02
  0.372029E-02
  0.372028E-02
  0.372028E-02
  0.372027E-02
  0.372027E-02
  0.372026E-02
  0.372025E-02
  0.372025E-02
  0.372024E-02
  0.372023E-02
  0.372023E-02
  0.372022E-02
  0.372021E-02
  0.372021E-02
  0.372020E-02
  0.372019E-02
  0.372019E-02
  0.372018E-02
  0.372017E-02
  0.372017E-02
  0.372016E-02
  0.372015E-02
  0.372015E-02
  0.372014E-02
  0.372014E-02
  0.372013E-02
  0.372012E-02
  0.372012E-02
  0.372011E-02
  0.372010E-02
  0.372010E-02
  0.372009E-02
  0.372008E-02
  0.372008E-02
  0.372007E-02
  0.372006E-02
  0.372006E-02
  0.372005E-02
  0.372004E-02
  0.372004E-02
  0.372003E-02
  0.372002E-02
  0.372002E-02
  0.372001E-02
  0.372000E-02
  0.372000E-02
  0.371999E-02
  0.371999E-02
  0.371998E-02
  0.371997E-02
  0.371997E-02
  0.371996E-02
  0.371995E-02
  0.371995E-02
  0.371994E-02
  0.371993E-02
  0.371993E-02
  0.371992E-02
  0.371991E-02
  0.371991E-02
  0.371990E-02
  0.371989E-02
  0.371989E-02
  0.371988E-02
  0.371987E-02
  0.371987E-02
  0.371986E-02
  0.371985E-02
  0.371985E-02
  0.371984E-02
  0.371984E-02
  0.371983E-02
  0.371982E-02
  0.371982E-02
  0.371981E-02
  0.371980E-02
  0.371980E-02
  0.371979E-02
  0.371978E-02
  0.371978E-02
  0.371977E-02
  0.371975E-02
  0.371974E-02
  0.371972E-02
  0.371970E-02
  0.371969E-02
  0.371967E-02
  0.371965E-02
  0.371964E-02
  0.371962E-02
  0.371960E-02
  0.371959E-02
  0.371957E-02
  0.371956E-02
  0.371954E-02
  0.371952E-02
  0.371951E-02
  0.371949E-02
  0.371947E-02
  0.371946E-02
  0.371944E-02
  0.371942E-02
  0.371941E-02
  0.371939E-02
  0.371937E-02
  0.371936E-02
  0.371934E-02
  0.371932E-02
  0.371931E-02
  0.371929E-02
  0.371927E-02
  0.371926E-02
  0.371924E-02
  0.371922E-02
  0.371921E-02
  0.371919E-02
  0.371918E-02
  0.371916E-02
  0.371914E-02
  0.371913E-02
  0.371911E-02
  0.371909E-02
  0.371908E-02
  0.371906E-02
  0.371904E-02
  0.371903E-02
  0.371901E-02
  0.371899E-02
  0.371898E-02
  0.371896E-02
  0.371894E-02
  0.371893E-02
  0.371891E-02
  0.371889E-02
  0.371888E-02
  0.371886E-02
  0.371884E-02
  0.371883E-02
  0.371881E-02
  0.371880E-02
  0.371878E-02
  0.371876E-02
  0.371875E-02
  0.371873E-02
  0.371871E-02
  0.371870E-02
  0.371868E-02
  0.371866E-02
  0.371865E-02
  0.371863E-02
  0.371861E-02
  0.371860E-02
  0.371858E-02
  0.371856E-02
  0.371855E-02
  0.371853E-02
  0.371851E-02
  0.371850E-02
  0.371848E-02
  0.371847E-02
  0.371845E-02
  0.371843E-02
  0.371842E-02
  0.371840E-02
  0.371838E-02
  0.371837E-02
  0.371835E-02
  0.371833E-02
  0.371832E-02
  0.371830E-02
  0.371828E-02
  0.371827E-02
  0.371825E-02
  0.371823E-02
  0.371822E-02
  0.371820E-02
  0.371818E-02
  0.371817E-02
  0.371815E-02
  0.371813E-02
  0.371812E-02
  0.371810E-02
  0.371809E-02
  0.371807E-02
  0.371805E-02
  0.371804E-02
  0.371802E-02
  0.371800E-02
  0.371799E-02
  0.371797E-02
  0.371795E-02
  0.371794E-02
  0.371792E-02
  0.371790E-02
  0.371789E-02
  0.371787E-02
  0.371785E-02
  0.371784E-02
  0.371782E-02
  0.371780E-02
  0.371779E-02
  0.371777E-02
  0.371775E-02
  0.371774E-02
  0.371772E-02
  0.371771E-02
  0.371769E-02
  0.371767E-02
  0.371766E-02
  0.371764E-02
  0.371762E-02
  0.371761E-02
  0.371759E-02
  0.371757E-02
  0.371756E-02
  0.371754E-02
  0.371751E-02
  0.371749E-02
  0.371746E-02
  0.371744E-02
  0.371741E-02
  0.371739E-02
  0.371736E-02
  0.371734E-02
  0.371731E-02
  0.371729E-02
  0.371726E-02
  0.371724E-02
  0.371721E-02
  0.371719E-02
  0.371716E-02
  0.371714E-02
  0.371711E-02
  0.371709E-02
  0.371706E-02
  0.371704E-02
  0.371701E-02
  0.371699E-02
  0.371696E-02
  0.371694E-02
  0.371691E-02
  0.371689E-02
  0.371686E-02
  0.371683E-02
  0.371681E-02
  0.371678E-02
  0.371676E-02
  0.371673E-02
  0.371671E-02
  0.371668E-02
  0.371666E-02
  0.371663E-02
  0.371661E-02
  0.371658E-02
  0.371656E-02
  0.371653E-02
  0.371651E-02
  0.371648E-02
  0.371646E-02
  0.371643E-02
  0.371641E-02
  0.371638E-02
  0.371636E-02
  0.371633E-02
  0.371631E-02
  0.371628E-02
  0.371626E-02
  0.371623E-02
  0.371621E-02
  0.371618E-02
  0.371615E-02
  0.371613E-02
  0.371610E-02
  0.371608E-02
  0.371605E-02
  0.371603E-02
  0.371600E-02
  0.371598E-02
  0.371595E-02
  0.371593E-02
  0.371590E-02
  0.371588E-02
  0.371585E-02
  0.371583E-02
  0.371580E-02
  0.371578E-02
  0.371575E-02
  0.371573E-02
  0.371570E-02
  0.371568E-02
  0.371565E-02
  0.371563E-02
  0.371560E-02
  0.371558E-02
  0.371555E-02
  0.371553E-02
  0.371550E-02
  0.371547E-02
  0.371545E-02
  0.371542E-02
  0.371540E-02
  0.371537E-02
  0.371535E-02
  0.371532E-02
  0.371530E-02
  0.371527E-02
  0.371525E-02
  0.371522E-02
  0.371520E-02
  0.371517E-02
  0.371515E-02
  0.371512E-02
  0.371510E-02
  0.371507E-02
  0.371505E-02
  0.371502E-02
  0.371500E-02
  0.371497E-02
  0.371495E-02
  0.371492E-02
  0.371490E-02
  0.371487E-02
  0.371485E-02
  0.371482E-02
  0.371479E-02
  0.371477E-02
  0.371474E-02
  0.371472E-02
  0.371469E-02
  0.371467E-02
  0.371464E-02
  0.371462E-02
  0.371459E-02
  0.371457E-02
  0.371454E-02
  0.371452E-02
  0.371449E-02
  0.371447E-02
  0.371444E-02
  0.371442E-02
  0.371439E-02
  0.371437E-02
  0.371434E-02
  0.371432E-02
  0.371429E-02
  0.371427E-02
  0.371424E-02
  0.371422E-02
  0.371419E-02
  0.371417E-02
  0.371414E-02
  0.371411E-02
  0.371408E-02
  0.371405E-02
  0.371402E-02
  0.371400E-02
  0.371397E-02
  0.371394E-02
  0.371391E-02
  0.371388E-02
  0.371385E-02
  0.371382E-02
  0.371379E-02
  0.371376E-02
  0.371374E-02
  0.371371E-02
  0.371368E-02
  0.371365E-02
  0.371362E-02
  0.371359E-02
  0.371356E-02
  0.371353E-02
  0.371350E-02
  0.371348E-02
  0.371345E-02
  0.371342E-02
  0.371339E-02
  0.371336E-02
  0.371333E-02
  0.371330E-02
  0.371327E-02
  0.371324E-02
  0.371322E-02
  0.371319E-02
  0.371316E-02
  0.371313E-02
  0.371310E-02
  0.371307E-02
  0.371304E-02
  0.371301E-02
  0.371298E-02
  0.371296E-02
  0.371293E-02
  0.371290E-02
  0.371287E-02
  0.371284E-02
  0.371281E-02
  0.371278E-02
  0.371275E-02
  0.371272E-02
  0.371270E-02
  0.371267E-02
  0.371264E-02
  0.371261E-02
  0.371258E-02
  0.371255E-02
  0.371252E-02
  0.371249E-02
  0.371246E-02
  0.371244E-02
  0.371241E-02
  0.371238E-02
  0.371235E-02
  0.371232E-02
  0.371229E-02
  0.371226E-02
  0.371223E-02
  0.371220E-02
  0.371218E-02
  0.371215E-02
  0.371212E-02
  0.371209E-02
  0.371206E-02
  0.371203E-02
  0.371200E-02
  0.371197E-02
  0.371194E-02
  0.371192E-02
  0.371189E-02
  0.371186E-02
  0.371183E-02
  0.371180E-02
  0.371177E-02
  0.371174E-02
  0.371171E-02
  0.371168E-02
  0.371166E-02
  0.371163E-02
  0.371160E-02
  0.371157E-02
  0.371154E-02
  0.371151E-02
  0.371148E-02
  0.371145E-02
  0.371142E-02
  0.371140E-02
  0.371137E-02
  0.371134E-02
  0.371131E-02
  0.371128E-02
  0.371125E-02
  0.371122E-02
  0.371119E-02
  0.371116E-02
  0.371114E-02
  0.371111E-02
  0.371108E-02
  0.371105E-02
  0.371102E-02
  0.371099E-02
  0.371096E-02
  0.371093E-02
  0.371090E-02
  0.371088E-02
  0.371085E-02
  0.371082E-02
  0.371079E-02
  0.371076E-02
  0.371073E-02
  0.371070E-02
  0.371067E-02
  0.371064E-02
  0.371062E-02
  0.371059E-02
  0.371056E-02
  0.371053E-02
  0.371050E-02
  0.371047E-02
  0.371044E-02
  0.371041E-02
  0.371038E-02
  0.371036E-02
  0.371033E-02
  0.371030E-02
  0.371027E-02
  0.371024E-02
  0.371022E-02
  0.371021E-02
  0.371019E-02
  0.371017E-02
  0.371016E-02
  0.371014E-02
  0.371012E-02
  0.371011E-02
  0.371009E-02
  0.371008E-02
  0.371006E-02
  0.371004E-02
  0.371003E-02
  0.371001E-02
  0.370999E-02
  0.370998E-02
  0.370996E-02
  0.370994E-02
  0.370993E-02
  0.370991E-02
  0.370989E-02
  0.370988E-02
  0.370986E-02
  0.370985E-02
  0.370983E-02
  0.370981E-02
  0.370980E-02
  0.370978E-02
  0.370976E-02
  0.370975E-02
  0.370973E-02
  0.370971E-02
  0.370970E-02
  0.370968E-02
  0.370966E-02
  0.370965E-02
  0.370963E-02
  0.370962E-02
  0.370960E-02
  0.370958E-02
  0.370957E-02
  0.370955E-02
  0.370953E-02
  0.370952E-02
  0.370950E-02
  0.370948E-02
  0.370947E-02
  0.370945E-02
  0.370943E-02
  0.370942E-02
  0.370940E-02
  0.370938E-02
  0.370937E-02
  0.370935E-02
  0.370934E-02
  0.370932E-02
  0.370930E-02
  0.370929E-02
  0.370927E-02
  0.370925E-02
  0.370924E-02
  0.370922E-02
  0.370920E-02
  0.370919E-02
  0.370917E-02
  0.370915E-02
  0.370914E-02
  0.370912E-02
  0.370911E-02
  0.370909E-02
  0.370907E-02
  0.370906E-02
  0.370904E-02
  0.370902E-02
  0.370901E-02
  0.370899E-02
  0.370897E-02
  0.370896E-02
  0.370894E-02
  0.370892E-02
  0.370891E-02
  0.370889E-02
  0.370888E-02
  0.370886E-02
  0.370884E-02
  0.370883E-02
  0.370881E-02
  0.370879E-02
  0.370878E-02
  0.370876E-02
  0.370874E-02
  0.370873E-02
  0.370871E-02
  0.370869E-02
  0.370868E-02
  0.370866E-02
  0.370864E-02
  0.370863E-02
  0.370861E-02
  0.370860E-02
  0.370858E-02
  0.370856E-02
  0.370855E-02
  0.370853E-02
  0.370851E-02
  0.370850E-02
  0.370848E-02
  0.370846E-02
  0.370845E-02
  0.370843E-02
  0.370841E-02
  0.370840E-02
  0.370838E-02
  0.370837E-02
  0.370835E-02
  0.370833E-02
  0.370832E-02
  0.370830E-02
  0.370828E-02
  0.370827E-02
  0.370825E-02
  0.370823E-02
  0.370822E-02
  0.370820E-02
  0.370818E-02
  0.370817E-02
  0.370815E-02
  0.370814E-02
  0.370812E-02
  0.370810E-02
  0.370809E-02
  0.370807E-02
  0.370805E-02
  0.370804E-02
  0.370802E-02
  0.370803E-02
  0.370805E-02
  0.370806E-02
  0.370808E-02
  0.370809E-02
  0.370811E-02
  0.370812E-02
  0.370813E-02
  0.370815E-02
  0.370816E-02
  0.370818E-02
  0.370819E-02
  0.370820E-02
  0.370822E-02
  0.370823E-02
  0.370825E-02
  0.370826E-02
  0.370828E-02
  0.370829E-02
  0.370830E-02
  0.370832E-02
  0.370833E-02
  0.370835E-02
  0.370836E-02
  0.370838E-02
  0.370839E-02
  0.370840E-02
  0.370842E-02
  0.370843E-02
  0.370845E-02
  0.370846E-02
  0.370848E-02
  0.370849E-02
  0.370850E-02
  0.370852E-02
  0.370853E-02
  0.370855E-02
  0.370856E-02
  0.370857E-02
  0.370859E-02
  0.370860E-02
  0.370862E-02
  0.370863E-02
  0.370865E-02
  0.370866E-02
  0.370867E-02
  0.370869E-02
  0.370870E-02
  0.370872E-02
  0.370873E-02
  0.370875E-02
  0.370876E-02
  0.370877E-02
  0.370879E-02
  0.370880E-02
  0.370882E-02
  0.370883E-02
  0.370884E-02
  0.370886E-02
  0.370887E-02
  0.370889E-02
  0.370890E-02
  0.370892E-02
  0.370893E-02
  0.370894E-02
  0.370896E-02
  0.370897E-02
  0.370899E-02
  0.370900E-02
  0.370902E-02
  0.370903E-02
  0.370904E-02
  0.370906E-02
  0.370907E-02
  0.370909E-02
  0.370910E-02
  0.370912E-02
  0.370913E-02
  0.370914E-02
  0.370916E-02
  0.370917E-02
  0.370919E-02
  0.370920E-02
  0.370921E-02
  0.370923E-02
  0.370924E-02
  0.370926E-02
  0.370927E-02
  0.370929E-02
  0.370930E-02
  0.370931E-02
  0.370933E-02
  0.370934E-02
  0.370936E-02
  0.370937E-02
  0.370939E-02
  0.370940E-02
  0.370941E-02
  0.370943E-02
  0.370944E-02
  0.370946E-02
  0.370947E-02
  0.370948E-02
  0.370950E-02
  0.370951E-02
  0.370953E-02
  0.370954E-02
  0.370956E-02
  0.370957E-02
  0.370958E-02
  0.370960E-02
  0.370961E-02
  0.370963E-02
  0.370964E-02
  0.370966E-02
  0.370967E-02
  0.370968E-02
  0.370970E-02
  0.370971E-02
  0.370973E-02
  0.370974E-02
  0.370976E-02
  0.370977E-02
  0.370978E-02
  0.370980E-02
  0.370981E-02
  0.370983E-02
  0.370984E-02
  0.370985E-02
  0.370987E-02
  0.370988E-02
  0.370990E-02
  0.370991E-02
  0.370993E-02
  0.370994E-02
  0.370998E-02
  0.371003E-02
  0.371007E-02
  0.371012E-02
  0.371016E-02
  0.371020E-02
  0.371025E-02
  0.371029E-02
  0.371033E-02
  0.371038E-02
  0.371042E-02
  0.371047E-02
  0.371051E-02
  0.371055E-02
  0.371060E-02
  0.371064E-02
  0.371068E-02
  0.371073E-02
  0.371077E-02
  0.371082E-02
  0.371086E-02
  0.371090E-02
  0.371095E-02
  0.371099E-02
  0.371103E-02
  0.371108E-02
  0.371112E-02
  0.371117E-02
  0.371121E-02
  0.371125E-02
  0.371130E-02
  0.371134E-02
  0.371138E-02
  0.371143E-02
  0.371147E-02
  0.371152E-02
  0.371156E-02
  0.371160E-02
  0.371165E-02
  0.371169E-02
  0.371173E-02
  0.371178E-02
  0.371182E-02
  0.371187E-02
  0.371191E-02
  0.371195E-02
  0.371200E-02
  0.371204E-02
  0.371209E-02
  0.371213E-02
  0.371217E-02
  0.371222E-02
  0.371226E-02
  0.371230E-02
  0.371235E-02
  0.371239E-02
  0.371244E-02
  0.371248E-02
  0.371252E-02
  0.371257E-02
  0.371261E-02
  0.371265E-02
  0.371270E-02
  0.371274E-02
  0.371279E-02
  0.371283E-02
  0.371287E-02
  0.371292E-02
  0.371296E-02
  0.371300E-02
  0.371305E-02
  0.371309E-02
  0.371314E-02
  0.371318E-02
  0.371322E-02
  0.371327E-02
  0.371331E-02
  0.371335E-02
  0.371340E-02
  0.371344E-02
  0.371349E-02
  0.371353E-02
  0.371357E-02
  0.371362E-02
  0.371366E-02
  0.371370E-02
  0.371375E-02
  0.371379E-02
  0.371384E-02
  0.371388E-02
  0.371392E-02
  0.371397E-02
  0.371401E-02
  0.371406E-02
  0.371410E-02
  0.371414E-02
  0.371419E-02
  0.371423E-02
  0.371427E-02
  0.371432E-02
  0.371436E-02
  0.371441E-02
  0.371445E-02
  0.371449E-02
  0.371454E-02
  0.371458E-02
  0.371462E-02
  0.371467E-02
  0.371471E-02
  0.371476E-02
  0.371480E-02
  0.371484E-02
  0.371489E-02
  0.371493E-02
  0.371497E-02
  0.371502E-02
  0.371506E-02
  0.371511E-02
  0.371515E-02
  0.371519E-02
  0.371524E-02
  0.371528E-02
  0.371532E-02
  0.371537E-02
  0.371541E-02
  0.371546E-02
  0.371550E-02
  0.371554E-02
  0.371559E-02
  0.371563E-02
  0.371567E-02
  0.371572E-02
  0.371576E-02
  0.371581E-02
  0.371585E-02
  0.371591E-02
  0.371596E-02
  0.371602E-02
  0.371608E-02
  0.371613E-02
  0.371619E-02
  0.371624E-02
  0.371630E-02
  0.371636E-02
  0.371641E-02
  0.371647E-02
  0.371653E-02
  0.371658E-02
  0.371664E-02
  0.371669E-02
  0.371675E-02
  0.371681E-02
  0.371686E-02
  0.371692E-02
  0.371698E-02
  0.371703E-02
  0.371709E-02
  0.371714E-02
  0.371720E-02
  0.371726E-02
  0.371731E-02
  0.371737E-02
  0.371743E-02
  0.371748E-02
  0.371754E-02
  0.371760E-02
  0.371765E-02
  0.371771E-02
  0.371776E-02
  0.371782E-02
  0.371788E-02
  0.371793E-02
  0.371799E-02
  0.371805E-02
  0.371810E-02
  0.371816E-02
  0.371821E-02
  0.371827E-02
  0.371833E-02
  0.371838E-02
  0.371844E-02
  0.371850E-02
  0.371855E-02
  0.371861E-02
  0.371866E-02
  0.371872E-02
  0.371878E-02
  0.371883E-02
  0.371889E-02
  0.371895E-02
  0.371900E-02
  0.371906E-02
  0.371912E-02
  0.371917E-02
  0.371923E-02
  0.371928E-02
  0.371934E-02
  0.371940E-02
  0.371945E-02
  0.371951E-02
  0.371957E-02
  0.371962E-02
  0.371968E-02
  0.371973E-02
  0.371979E-02
  0.371985E-02
  0.371990E-02
  0.371996E-02
  0.372002E-02
  0.372007E-02
  0.372013E-02
  0.372018E-02
  0.372024E-02
  0.372030E-02
  0.372035E-02
  0.372041E-02
  0.372047E-02
  0.372052E-02
  0.372058E-02
  0.372064E-02
  0.372069E-02
  0.372075E-02
  0.372080E-02
  0.372086E-02
  0.372092E-02
  0.372097E-02
  0.372103E-02
  0.372109E-02
  0.372114E-02
  0.372120E-02
  0.372125E-02
  0.372131E-02
  0.372137E-02
  0.372142E-02
  0.372148E-02
  0.372154E-02
  0.372159E-02
  0.372165E-02
  0.372170E-02
  0.372176E-02
  0.372182E-02
  0.372187E-02
  0.372193E-02
  0.372199E-02
  0.372204E-02
  0.372210E-02
  0.372216E-02
  0.372221E-02
  0.372227E-02
  0.372232E-02
  0.372238E-02
  0.372244E-02
  0.372249E-02
  0.372255E-02
  0.372261E-02
  0.372266E-02
  0.372272E-02
  0.372277E-02
  0.372283E-02
  0.372289E-02
  0.372294E-02
  0.372300E-02
  0.372306E-02
  0.372311E-02
  0.372317E-02
  0.372322E-02
  0.372328E-02
  0.372334E-02
  0.372339E-02
  0.372345E-02
  0.372351E-02
  0.372356E-02
  0.372362E-02
  0.372367E-02
  0.372373E-02
  0.372378E-02
  0.372384E-02
  0.372389E-02
  0.372395E-02
  0.372401E-02
  0.372406E-02
  0.372412E-02
  0.372417E-02
  0.372423E-02
  0.372428E-02
  0.372434E-02
  0.372439E-02
  0.372445E-02
  0.372451E-02
  0.372456E-02
  0.372462E-02
  0.372467E-02
  0.372473E-02
  0.372478E-02
  0.372484E-02
  0.372489E-02
  0.372495E-02
  0.372501E-02
  0.372506E-02
  0.372512E-02
  0.372517E-02
  0.372523E-02
  0.372528E-02
  0.372534E-02
  0.372539E-02
  0.372545E-02
  0.372551E-02
  0.372556E-02
  0.372562E-02
  0.372567E-02
  0.372573E-02
  0.372578E-02
  0.372584E-02
  0.372589E-02
  0.372595E-02
  0.372601E-02
  0.372606E-02
  0.372612E-02
  0.372617E-02
  0.372623E-02
  0.372628E-02
  0.372634E-02
  0.372639E-02
  0.372645E-02
  0.372651E-02
  0.372656E-02
  0.372662E-02
  0.372667E-02
  0.372673E-02
  0.372678E-02
  0.372684E-02
  0.372689E-02
  0.372695E-02
  0.372701E-02
  0.372706E-02
  0.372712E-02
  0.372717E-02
  0.372723E-02
  0.372728E-02
  0.372734E-02
  0.372739E-02
  0.372745E-02
  0.372751E-02
  0.372756E-02
  0.372762E-02
  0.372767E-02
  0.372773E-02
  0.372778E-02
  0.372784E-02
  0.372789E-02
  0.372795E-02
  0.372801E-02
  0.372806E-02
  0.372812E-02
  0.372817E-02
  0.372823E-02
  0.372828E-02
  0.372834E-02
  0.372839E-02
  0.372845E-02
  0.372851E-02
  0.372856E-02
  0.372862E-02
  0.372867E-02
  0.372873E-02
  0.372878E-02
  0.372884E-02
  0.372889E-02
  0.372895E-02
  0.372901E-02
  0.372906E-02
  0.372912E-02
  0.372917E-02
  0.372923E-02
  0.372928E-02
  0.372934E-02
  0.372939E-02
  0.372945E-02
  0.372951E-02
  0.372956E-02
  0.372962E-02
  0.372967E-02
  0.372973E-02
  0.372978E-02
  0.372984E-02
  0.372989E-02
  0.372995E-02
  0.373001E-02
  0.373006E-02
  0.373012E-02
  0.373017E-02
  0.373023E-02
  0.373028E-02
  0.373034E-02
  0.373039E-02
  0.373045E-02
  0.373051E-02
  0.373056E-02
  0.373062E-02
  0.373067E-02
  0.373073E-02
  0.373078E-02
  0.373084E-02
  0.373089E-02
  0.373095E-02
  0.373101E-02
  0.373107E-02
  0.373112E-02
  0.373118E-02
  0.373124E-02
  0.373130E-02
  0.373135E-02
  0.373141E-02
  0.373147E-02
  0.373153E-02
  0.373158E-02
  0.373164E-02
  0.373170E-02
  0.373176E-02
  0.373182E-02
  0.373187E-02
  0.373193E-02
  0.373199E-02
  0.373205E-02
  0.373210E-02
  0.373216E-02
  0.373222E-02
  0.373228E-02
  0.373233E-02
  0.373239E-02
  0.373245E-02
  0.373251E-02
  0.373257E-02
  0.373262E-02
  0.373268E-02
  0.373274E-02
  0.373280E-02
  0.373285E-02
  0.373291E-02
  0.373297E-02
  0.373303E-02
  0.373309E-02
  0.373314E-02
  0.373320E-02
  0.373326E-02
  0.373332E-02
  0.373337E-02
  0.373343E-02
  0.373349E-02
  0.373355E-02
  0.373360E-02
  0.373366E-02
  0.373372E-02
  0.373378E-02
  0.373384E-02
  0.373389E-02
  0.373395E-02
  0.373401E-02
  0.373407E-02
  0.373412E-02
  0.373418E-02
  0.373424E-02
  0.373430E-02
  0.373435E-02
  0.373441E-02
  0.373447E-02
  0.373453E-02
  0.373459E-02
  0.373464E-02
  0.373470E-02
  0.373476E-02
  0.373482E-02
  0.373487E-02
  0.373493E-02
  0.373499E-02
  0.373505E-02
  0.373510E-02
  0.373516E-02
  0.373522E-02
  0.373528E-02
  0.373534E-02
  0.373539E-02
  0.373545E-02
  0.373551E-02
  0.373557E-02
  0.373562E-02
  0.373568E-02
  0.373574E-02
  0.373580E-02
  0.373585E-02
  0.373591E-02
  0.373597E-02
  0.373603E-02
  0.373609E-02
  0.373614E-02
  0.373620E-02
  0.373626E-02
  0.373632E-02
  0.373637E-02
  0.373643E-02
  0.373649E-02
  0.373655E-02
  0.373660E-02
  0.373666E-02
  0.373672E-02
  0.373678E-02
  0.373684E-02
  0.373689E-02
  0.373695E-02
  0.373701E-02
  0.373707E-02
  0.373712E-02
  0.373718E-02
  0.373724E-02
  0.373730E-02
  0.373736E-02
  0.373741E-02
  0.373747E-02
  0.373753E-02
  0.373759E-02
  0.373764E-02
  0.373770E-02
  0.373776E-02
  0.373782E-02
  0.373787E-02
  0.373793E-02
  0.373799E-02
  0.373805E-02
  0.373811E-02
  0.373816E-02
  0.373822E-02
  0.373828E-02
  0.373834E-02
  0.373839E-02
  0.373845E-02
  0.373851E-02
  0.373857E-02
  0.373862E-02
  0.373868E-02
  0.373874E-02
  0.373882E-02
  0.373890E-02
  0.373898E-02
  0.373906E-02
  0.373914E-02
  0.373922E-02
  0.373930E-02
  0.373938E-02
  0.373946E-02
  0.373954E-02
  0.373962E-02
  0.373970E-02
  0.373978E-02
  0.373986E-02
  0.373994E-02
  0.374002E-02
  0.374010E-02
  0.374018E-02
  0.374026E-02
  0.374034E-02
  0.374042E-02
  0.374050E-02
  0.374058E-02
  0.374066E-02
  0.374074E-02
  0.374082E-02
  0.374090E-02
  0.374098E-02
  0.374106E-02
  0.374114E-02
  0.374122E-02
  0.374130E-02
  0.374138E-02
  0.374145E-02
  0.374153E-02
  0.374161E-02
  0.374169E-02
  0.374177E-02
  0.374185E-02
  0.374193E-02
  0.374201E-02
  0.374209E-02
  0.374217E-02
  0.374225E-02
  0.374233E-02
  0.374241E-02
  0.374249E-02
  0.374257E-02
  0.374265E-02
  0.374273E-02
  0.374281E-02
  0.374289E-02
  0.374297E-02
  0.374305E-02
  0.374313E-02
  0.374321E-02
  0.374329E-02
  0.374337E-02
  0.374345E-02
  0.374353E-02
  0.374361E-02
  0.374369E-02
  0.374377E-02
  0.374385E-02
  0.374393E-02
  0.374401E-02
  0.374409E-02
  0.374417E-02
  0.374425E-02
  0.374433E-02
  0.374441E-02
  0.374449E-02
  0.374457E-02
  0.374465E-02
  0.374473E-02
  0.374481E-02
  0.374489E-02
  0.374497E-02
  0.374505E-02
  0.374513E-02
  0.374521E-02
  0.374529E-02
  0.374537E-02
  0.374545E-02
  0.374553E-02
  0.374561E-02
  0.374569E-02
  0.374577E-02
  0.374585E-02
  0.374593E-02
  0.374601E-02
  0.374609E-02
  0.374617E-02
  0.374625E-02
  0.374633E-02
  0.374641E-02
  0.374649E-02
  0.374657E-02
  0.374665E-02
  0.374673E-02
  0.374681E-02
  0.374688E-02
  0.374696E-02
  0.374704E-02
  0.374712E-02
  0.374720E-02
  0.374728E-02
  0.374736E-02
  0.374744E-02
  0.374752E-02
  0.374760E-02
  0.374768E-02
  0.374776E-02
  0.374784E-02
  0.374792E-02
  0.374800E-02
  0.374808E-02
  0.374816E-02
  0.374824E-02
  0.374832E-02
  0.374840E-02
  0.374848E-02
  0.374856E-02
  0.374864E-02
  0.374872E-02
  0.374880E-02
  0.374888E-02
  0.374896E-02
  0.374904E-02
  0.374912E-02
  0.374920E-02
  0.374928E-02
  0.374936E-02
  0.374944E-02
  0.374953E-02
  0.374966E-02
  0.374979E-02
  0.374993E-02
  0.375007E-02
  0.375020E-02
  0.375034E-02
  0.375048E-02
  0.375061E-02
  0.375075E-02
  0.375089E-02
  0.375102E-02
  0.375116E-02
  0.375130E-02
  0.375144E-02
  0.375157E-02
  0.375171E-02
  0.375185E-02
  0.375198E-02
  0.375212E-02
  0.375226E-02
  0.375239E-02
  0.375253E-02
  0.375267E-02
  0.375280E-02
  0.375294E-02
  0.375308E-02
  0.375321E-02
  0.375335E-02
  0.375349E-02
  0.375362E-02
  0.375376E-02
  0.375390E-02
  0.375403E-02
  0.375417E-02
  0.375431E-02
  0.375445E-02
  0.375458E-02
  0.375472E-02
  0.375486E-02
  0.375499E-02
  0.375513E-02
  0.375527E-02
  0.375540E-02
  0.375554E-02
  0.375568E-02
  0.375581E-02
  0.375595E-02
  0.375609E-02
  0.375622E-02
  0.375636E-02
  0.375650E-02
  0.375663E-02
  0.375677E-02
  0.375691E-02
  0.375704E-02
  0.375718E-02
  0.375732E-02
  0.375746E-02
  0.375759E-02
  0.375773E-02
  0.375787E-02
  0.375800E-02
  0.375814E-02
  0.375828E-02
  0.375841E-02
  0.375855E-02
  0.375869E-02
  0.375882E-02
  0.375896E-02
  0.375910E-02
  0.375923E-02
  0.375937E-02
  0.375951E-02
  0.375964E-02
  0.375978E-02
  0.375992E-02
  0.376005E-02
  0.376019E-02
  0.376033E-02
  0.376047E-02
  0.376060E-02
  0.376074E-02
  0.376088E-02
  0.376101E-02
  0.376115E-02
  0.376129E-02
  0.376142E-02
  0.376156E-02
  0.376170E-02
  0.376183E-02
  0.376197E-02
  0.376211E-02
  0.376224E-02
  0.376238E-02
  0.376252E-02
  0.376265E-02
  0.376279E-02
  0.376293E-02
  0.376306E-02
  0.376320E-02
  0.376334E-02
  0.376348E-02
  0.376361E-02
  0.376375E-02
  0.376389E-02
  0.376402E-02
  0.376416E-02
  0.376430E-02
  0.376443E-02
  0.376457E-02
  0.376471E-02
  0.376484E-02
  0.376498E-02
  0.376512E-02
  0.376525E-02
  0.376539E-02
  0.376553E-02
  0.376566E-02
  0.376580E-02
  0.376594E-02
  0.376607E-02
  0.376621E-02
  0.376635E-02
  0.376649E-02
  0.376662E-02
  0.376676E-02
  0.376690E-02
  0.376703E-02
  0.376717E-02
  0.376731E-02
  0.376744E-02
  0.376758E-02
  0.376772E-02
  0.376785E-02
  0.376800E-02
  0.376820E-02
  0.376841E-02
  0.376863E-02
  0.376884E-02
  0.376905E-02
  0.376926E-02
  0.376948E-02
  0.376969E-02
  0.376990E-02
  0.377011E-02
  0.377032E-02
  0.377054E-02
  0.377075E-02
  0.377096E-02
  0.377117E-02
  0.377139E-02
  0.377160E-02
  0.377181E-02
  0.377202E-02
  0.377223E-02
  0.377245E-02
  0.377266E-02
  0.377287E-02
  0.377308E-02
  0.377330E-02
  0.377351E-02
  0.377372E-02
  0.377393E-02
  0.377414E-02
  0.377436E-02
  0.377457E-02
  0.377478E-02
  0.377499E-02
  0.377521E-02
  0.377542E-02
  0.377563E-02
  0.377584E-02
  0.377605E-02
  0.377627E-02
  0.377648E-02
  0.377669E-02
  0.377690E-02
  0.377712E-02
  0.377733E-02
  0.377754E-02
  0.377775E-02
  0.377796E-02
  0.377818E-02
  0.377839E-02
  0.377860E-02
  0.377881E-02
  0.377903E-02
  0.377924E-02
  0.377945E-02
  0.377966E-02
  0.377987E-02
  0.378009E-02
  0.378030E-02
  0.378051E-02
  0.378072E-02
  0.378094E-02
  0.378115E-02
  0.378136E-02
  0.378157E-02
  0.378178E-02
  0.378200E-02
  0.378221E-02
  0.378242E-02
  0.378263E-02
  0.378285E-02
  0.378306E-02
  0.378327E-02
  0.378348E-02
  0.378369E-02
  0.378391E-02
  0.378412E-02
  0.378433E-02
  0.378454E-02
  0.378476E-02
  0.378497E-02
  0.378518E-02
  0.378539E-02
  0.378560E-02
  0.378582E-02
  0.378603E-02
  0.378624E-02
  0.378645E-02
  0.378667E-02
  0.378688E-02
  0.378709E-02
  0.378730E-02
  0.378751E-02
  0.378773E-02
  0.378794E-02
  0.378815E-02
  0.378836E-02
  0.378858E-02
  0.378879E-02
  0.378900E-02
  0.378921E-02
  0.378942E-02
  0.378964E-02
  0.378985E-02
  0.379006E-02
  0.379027E-02
  0.379049E-02
  0.379070E-02
  0.379091E-02
  0.379112E-02
  0.379133E-02
  0.379155E-02
  0.379176E-02
  0.379197E-02
  0.379218E-02
  0.379240E-02
  0.379261E-02
  0.379282E-02
  0.379303E-02
  0.379324E-02
  0.379346E-02
  0.379367E-02
  0.379388E-02
  0.379409E-02
  0.379431E-02
  0.379452E-02
  0.379473E-02
  0.379494E-02
  0.379515E-02
  0.379537E-02
  0.379558E-02
  0.379579E-02
  0.379600E-02
  0.379622E-02
  0.379643E-02
  0.379665E-02
  0.379692E-02
  0.379719E-02
  0.379747E-02
  0.379774E-02
  0.379802E-02
  0.379829E-02
  0.379857E-02
  0.379884E-02
  0.379912E-02
  0.379939E-02
  0.379967E-02
  0.379994E-02
  0.380022E-02
  0.380049E-02
  0.380077E-02
  0.380105E-02
  0.380132E-02
  0.380160E-02
  0.380187E-02
  0.380215E-02
  0.380242E-02
  0.380270E-02
  0.380297E-02
  0.380325E-02
  0.380352E-02
  0.380380E-02
  0.380407E-02
  0.380435E-02
  0.380462E-02
  0.380490E-02
  0.380518E-02
  0.380545E-02
  0.380573E-02
  0.380600E-02
  0.380628E-02
  0.380655E-02
  0.380683E-02
  0.380710E-02
  0.380738E-02
  0.380765E-02
  0.380793E-02
  0.380820E-02
  0.380848E-02
  0.380875E-02
  0.380903E-02
  0.380931E-02
  0.380958E-02
  0.380986E-02
  0.381013E-02
  0.381041E-02
  0.381068E-02
  0.381096E-02
  0.381123E-02
  0.381151E-02
  0.381178E-02
  0.381206E-02
  0.381233E-02
  0.381261E-02
  0.381288E-02
  0.381316E-02
  0.381344E-02
  0.381371E-02
  0.381399E-02
  0.381426E-02
  0.381454E-02
  0.381481E-02
  0.381509E-02
  0.381536E-02
  0.381564E-02
  0.381591E-02
  0.381619E-02
  0.381646E-02
  0.381674E-02
  0.381701E-02
  0.381729E-02
  0.381757E-02
  0.381784E-02
  0.381812E-02
  0.381839E-02
  0.381867E-02
  0.381894E-02
  0.381922E-02
  0.381949E-02
  0.381977E-02
  0.382004E-02
  0.382032E-02
  0.382059E-02
  0.382087E-02
  0.382114E-02
  0.382142E-02
  0.382170E-02
  0.382197E-02
  0.382225E-02
  0.382252E-02
  0.382280E-02
  0.382307E-02
  0.382335E-02
  0.382362E-02
  0.382390E-02
  0.382417E-02
  0.382445E-02
  0.382472E-02
  0.382500E-02
  0.382527E-02
  0.382555E-02
  0.382583E-02
  0.382610E-02
  0.382638E-02
  0.382665E-02
  0.382693E-02
  0.382720E-02
  0.382748E-02
  0.382775E-02
  0.382803E-02
  0.382830E-02
  0.382858E-02
  0.382885E-02
  0.382913E-02
  0.382940E-02
  0.382968E-02
  0.382996E-02
  0.383023E-02
  0.383051E-02
  0.383078E-02
  0.383106E-02
  0.383133E-02
  0.383161E-02
  0.383188E-02
  0.383216E-02
  0.383243E-02
  0.383271E-02
  0.383298E-02
  0.383326E-02
  0.383353E-02
  0.383381E-02
  0.383410E-02
  0.383439E-02
  0.383468E-02
  0.383497E-02
  0.383526E-02
  0.383555E-02
  0.383584E-02
  0.383613E-02
  0.383642E-02
  0.383671E-02
  0.383700E-02
  0.383729E-02
  0.383758E-02
  0.383787E-02
  0.383816E-02
  0.383845E-02
  0.383874E-02
  0.383903E-02
  0.383932E-02
  0.383961E-02
  0.383990E-02
  0.384019E-02
  0.384049E-02
  0.384078E-02
  0.384107E-02
  0.384136E-02
  0.384165E-02
  0.384194E-02
  0.384223E-02
  0.384252E-02
  0.384281E-02
  0.384310E-02
  0.384339E-02
  0.384368E-02
  0.384397E-02
  0.384426E-02
  0.384455E-02
  0.384484E-02
  0.384513E-02
  0.384542E-02
  0.384571E-02
  0.384600E-02
  0.384629E-02
  0.384658E-02
  0.384687E-02
  0.384716E-02
  0.384745E-02
  0.384774E-02
  0.384803E-02
  0.384832E-02
  0.384861E-02
  0.384890E-02
  0.384919E-02
  0.384948E-02
  0.384977E-02
  0.385006E-02
  0.385035E-02
  0.385064E-02
  0.385093E-02
  0.385122E-02
  0.385151E-02
  0.385180E-02
  0.385209E-02
  0.385238E-02
  0.385267E-02
  0.385296E-02
  0.385325E-02
  0.385355E-02
  0.385384E-02
  0.385413E-02
  0.385442E-02
  0.385471E-02
  0.385500E-02
  0.385529E-02
  0.385558E-02
  0.385587E-02
  0.385616E-02
  0.385645E-02
  0.385674E-02
  0.385703E-02
  0.385732E-02
  0.385761E-02
  0.385790E-02
  0.385819E-02
  0.385848E-02
  0.385877E-02
  0.385906E-02
  0.385935E-02
  0.385964E-02
  0.385993E-02
  0.386022E-02
  0.386051E-02
  0.386080E-02
  0.386109E-02
  0.386138E-02
  0.386167E-02
  0.386196E-02
  0.386225E-02
  0.386254E-02
  0.386283E-02
  0.386312E-02
  0.386341E-02
  0.386370E-02
  0.386399E-02
  0.386428E-02
  0.386457E-02
  0.386486E-02
  0.386515E-02
  0.386544E-02
  0.386573E-02
  0.386602E-02
  0.386631E-02
  0.386661E-02
  0.386690E-02
  0.386719E-02
  0.386748E-02
  0.386777E-02
  0.386806E-02
  0.386835E-02
  0.386864E-02
  0.386893E-02
  0.386922E-02
  0.386951E-02
  0.386980E-02
  0.387009E-02
  0.387038E-02
  0.387067E-02
  0.387096E-02
  0.387125E-02
  0.387154E-02
  0.387183E-02
  0.387212E-02
  0.387241E-02
  0.387270E-02
  0.387298E-02
  0.387323E-02
  0.387346E-02
  0.387370E-02
  0.387394E-02
  0.387418E-02
  0.387441E-02
  0.387465E-02
  0.387489E-02
  0.387512E-02
  0.387536E-02
  0.387560E-02
  0.387584E-02
  0.387607E-02
  0.387631E-02
  0.387655E-02
  0.387678E-02
  0.387702E-02
  0.387726E-02
  0.387750E-02
  0.387773E-02
  0.387797E-02
  0.387821E-02
  0.387845E-02
  0.387868E-02
  0.387892E-02
  0.387916E-02
  0.387939E-02
  0.387963E-02
  0.387987E-02
  0.388011E-02
  0.388034E-02
  0.388058E-02
  0.388082E-02
  0.388105E-02
  0.388129E-02
  0.388153E-02
  0.388177E-02
  0.388200E-02
  0.388224E-02
  0.388248E-02
  0.388271E-02
  0.388295E-02
  0.388319E-02
  0.388343E-02
  0.388366E-02
  0.388390E-02
  0.388414E-02
  0.388437E-02
  0.388461E-02
  0.388485E-02
  0.388509E-02
  0.388532E-02
  0.388556E-02
  0.388580E-02
  0.388604E-02
  0.388627E-02
  0.388651E-02
  0.388675E-02
  0.388698E-02
  0.388722E-02
  0.388746E-02
  0.388770E-02
  0.388793E-02
  0.388817E-02
  0.388841E-02
  0.388864E-02
  0.388888E-02
  0.388912E-02
  0.388936E-02
  0.388959E-02
  0.388983E-02
  0.389007E-02
  0.389030E-02
  0.389054E-02
  0.389078E-02
  0.389102E-02
  0.389125E-02
  0.389149E-02
  0.389173E-02
  0.389196E-02
  0.389220E-02
  0.389244E-02
  0.389268E-02
  0.389291E-02
  0.389315E-02
  0.389339E-02
  0.389363E-02
  0.389386E-02
  0.389410E-02
  0.389434E-02
  0.389457E-02
  0.389481E-02
  0.389505E-02
  0.389529E-02
  0.389552E-02
  0.389576E-02
  0.389600E-02
  0.389623E-02
  0.389647E-02
  0.389671E-02
  0.389695E-02
  0.389718E-02
  0.389742E-02
  0.389766E-02
  0.389789E-02
  0.389813E-02
  0.389837E-02
  0.389861E-02
  0.389884E-02
  0.389908E-02
  0.389932E-02
  0.389955E-02
  0.389979E-02
  0.390003E-02
  0.390027E-02
  0.390050E-02
  0.390074E-02
  0.390098E-02
  0.390122E-02
  0.390145E-02
  0.390169E-02
  0.390193E-02
  0.390216E-02
  0.390240E-02
  0.390264E-02
  0.390288E-02
  0.390311E-02
  0.390335E-02
  0.390359E-02
  0.390382E-02
  0.390406E-02
  0.390430E-02
  0.390454E-02
  0.390477E-02
  0.390499E-02
  0.390514E-02
  0.390528E-02
  0.390541E-02
  0.390554E-02
  0.390568E-02
  0.390581E-02
  0.390594E-02
  0.390607E-02
  0.390621E-02
  0.390634E-02
  0.390647E-02
  0.390661E-02
  0.390674E-02
  0.390687E-02
  0.390701E-02
  0.390714E-02
  0.390727E-02
  0.390741E-02
  0.390754E-02
  0.390767E-02
  0.390781E-02
  0.390794E-02
  0.390807E-02
  0.390820E-02
  0.390834E-02
  0.390847E-02
  0.390860E-02
  0.390874E-02
  0.390887E-02
  0.390900E-02
  0.390914E-02
  0.390927E-02
  0.390940E-02
  0.390954E-02
  0.390967E-02
  0.390980E-02
  0.390994E-02
  0.391007E-02
  0.391020E-02
  0.391033E-02
  0.391047E-02
  0.391060E-02
  0.391073E-02
  0.391087E-02
  0.391100E-02
  0.391113E-02
  0.391127E-02
  0.391140E-02
  0.391153E-02
  0.391167E-02
  0.391180E-02
  0.391193E-02
  0.391206E-02
  0.391220E-02
  0.391233E-02
  0.391246E-02
  0.391260E-02
  0.391273E-02
  0.391286E-02
  0.391300E-02
  0.391313E-02
  0.391326E-02
  0.391340E-02
  0.391353E-02
  0.391366E-02
  0.391380E-02
  0.391393E-02
  0.391406E-02
  0.391419E-02
  0.391433E-02
  0.391446E-02
  0.391459E-02
  0.391473E-02
  0.391486E-02
  0.391499E-02
  0.391513E-02
  0.391526E-02
  0.391539E-02
  0.391553E-02
  0.391566E-02
  0.391579E-02
  0.391593E-02
  0.391606E-02
  0.391619E-02
  0.391632E-02
  0.391646E-02
  0.391659E-02
  0.391672E-02
  0.391686E-02
  0.391699E-02
  0.391712E-02
  0.391726E-02
  0.391739E-02
  0.391752E-02
  0.391766E-02
  0.391779E-02
  0.391792E-02
  0.391805E-02
  0.391819E-02
  0.391832E-02
  0.391845E-02
  0.391859E-02
  0.391872E-02
  0.391885E-02
  0.391899E-02
  0.391912E-02
  0.391925E-02
  0.391939E-02
  0.391952E-02
  0.391965E-02
  0.391979E-02
  0.391992E-02
  0.392005E-02
  0.392018E-02
  0.392032E-02
  0.392045E-02
  0.392058E-02
  0.392072E-02
  0.392085E-02
  0.392098E-02
  0.392112E-02
  0.392125E-02
  0.392138E-02
  0.392152E-02
  0.392165E-02
  0.392178E-02
  0.392192E-02
  0.392205E-02
  0.392218E-02
  0.392231E-02
  0.392245E-02
  0.392258E-02
  0.392271E-02
  0.392285E-02
  0.392296E-02
  0.392298E-02
  0.392299E-02
  0.392299E-02
  0.392300E-02
  0.392300E-02
  0.392300E-02
  0.392301E-02
  0.392301E-02
  0.392302E-02
  0.392302E-02
  0.392302E-02
  0.392303E-02
  0.392303E-02
  0.392303E-02
  0.392304E-02
  0.392304E-02
  0.392305E-02
  0.392305E-02
  0.392305E-02
  0.392306E-02
  0.392306E-02
  0.392307E-02
  0.392307E-02
  0.392307E-02
  0.392308E-02
  0.392308E-02
  0.392309E-02
  0.392309E-02
  0.392309E-02
  0.392310E-02
  0.392310E-02
  0.392311E-02
  0.392311E-02
  0.392311E-02
  0.392312E-02
  0.392312E-02
  0.392313E-02
  0.392313E-02
  0.392313E-02
  0.392314E-02
  0.392314E-02
  0.392314E-02
  0.392315E-02
  0.392315E-02
  0.392316E-02
  0.392316E-02
  0.392316E-02
  0.392317E-02
  0.392317E-02
  0.392318E-02
  0.392318E-02
  0.392318E-02
  0.392319E-02
  0.392319E-02
  0.392320E-02
  0.392320E-02
  0.392320E-02
  0.392321E-02
  0.392321E-02
  0.392322E-02
  0.392322E-02
  0.392322E-02
  0.392323E-02
  0.392323E-02
  0.392324E-02
  0.392324E-02
  0.392324E-02
  0.392325E-02
  0.392325E-02
  0.392325E-02
  0.392326E-02
  0.392326E-02
  0.392327E-02
  0.392327E-02
  0.392327E-02
  0.392328E-02
  0.392328E-02
  0.392329E-02
  0.392329E-02
  0.392329E-02
  0.392330E-02
  0.392330E-02
  0.392331E-02
  0.392331E-02
  0.392331E-02
  0.392332E-02
  0.392332E-02
  0.392333E-02
  0.392333E-02
  0.392333E-02
  0.392334E-02
  0.392334E-02
  0.392335E-02
  0.392335E-02
  0.392335E-02
  0.392336E-02
  0.392336E-02
  0.392336E-02
  0.392337E-02
  0.392337E-02
  0.392338E-02
  0.392338E-02
  0.392338E-02
  0.392339E-02
  0.392339E-02
  0.392340E-02
  0.392340E-02
  0.392340E-02
  0.392341E-02
  0.392341E-02
  0.392342E-02
  0.392342E-02
  0.392342E-02
  0.392343E-02
  0.392343E-02
  0.392344E-02
  0.392344E-02
  0.392344E-02
  0.392345E-02
  0.392345E-02
  0.392346E-02
  0.392346E-02
  0.392346E-02
  0.392347E-02
  0.392347E-02
  0.392347E-02
  0.392348E-02
  0.392348E-02
  0.392349E-02
  0.392349E-02
  0.392349E-02
  0.392350E-02
  0.392350E-02
  0.392351E-02
  0.392349E-02
  0.392341E-02
  0.392331E-02
  0.392320E-02
  0.392310E-02
  0.392300E-02
  0.392290E-02
  0.392280E-02
  0.392270E-02
  0.392259E-02
  0.392249E-02
  0.392239E-02
  0.392229E-02
  0.392219E-02
  0.392208E-02
  0.392198E-02
  0.392188E-02
  0.392178E-02
  0.392168E-02
  0.392157E-02
  0.392147E-02
  0.392137E-02
  0.392127E-02
  0.392117E-02
  0.392107E-02
  0.392096E-02
  0.392086E-02
  0.392076E-02
  0.392066E-02
  0.392056E-02
  0.392045E-02
  0.392035E-02
  0.392025E-02
  0.392015E-02
  0.392005E-02
  0.391995E-02
  0.391984E-02
  0.391974E-02
  0.391964E-02
  0.391954E-02
  0.391944E-02
  0.391933E-02
  0.391923E-02
  0.391913E-02
  0.391903E-02
  0.391893E-02
  0.391882E-02
  0.391872E-02
  0.391862E-02
  0.391852E-02
  0.391842E-02
  0.391832E-02
  0.391821E-02
  0.391811E-02
  0.391801E-02
  0.391791E-02
  0.391781E-02
  0.391770E-02
  0.391760E-02
  0.391750E-02
  0.391740E-02
  0.391730E-02
  0.391720E-02
  0.391709E-02
  0.391699E-02
  0.391689E-02
  0.391679E-02
  0.391669E-02
  0.391658E-02
  0.391648E-02
  0.391638E-02
  0.391628E-02
  0.391618E-02
  0.391607E-02
  0.391597E-02
  0.391587E-02
  0.391577E-02
  0.391567E-02
  0.391557E-02
  0.391546E-02
  0.391536E-02
  0.391526E-02
  0.391516E-02
  0.391506E-02
  0.391495E-02
  0.391485E-02
  0.391475E-02
  0.391465E-02
  0.391455E-02
  0.391445E-02
  0.391434E-02
  0.391424E-02
  0.391414E-02
  0.391404E-02
  0.391394E-02
  0.391383E-02
  0.391373E-02
  0.391363E-02
  0.391353E-02
  0.391343E-02
  0.391332E-02
  0.391322E-02
  0.391312E-02
  0.391302E-02
  0.391292E-02
  0.391282E-02
  0.391271E-02
  0.391261E-02
  0.391251E-02
  0.391241E-02
  0.391231E-02
  0.391220E-02
  0.391210E-02
  0.391200E-02
  0.391190E-02
  0.391180E-02
  0.391170E-02
  0.391159E-02
  0.391149E-02
  0.391139E-02
  0.391129E-02
  0.391119E-02
  0.391108E-02
  0.391098E-02
  0.391088E-02
  0.391078E-02
  0.391068E-02
  0.391057E-02
  0.391047E-02
  0.391037E-02
  0.391027E-02
  0.391017E-02
  0.391007E-02
  0.390996E-02
  0.390986E-02
  0.390974E-02
  0.390952E-02
  0.390928E-02
  0.390904E-02
  0.390881E-02
  0.390857E-02
  0.390833E-02
  0.390809E-02
  0.390785E-02
  0.390761E-02
  0.390737E-02
  0.390714E-02
  0.390690E-02
  0.390666E-02
  0.390642E-02
  0.390618E-02
  0.390594E-02
  0.390570E-02
  0.390547E-02
  0.390523E-02
  0.390499E-02
  0.390475E-02
  0.390451E-02
  0.390427E-02
  0.390403E-02
  0.390380E-02
  0.390356E-02
  0.390332E-02
  0.390308E-02
  0.390284E-02
  0.390260E-02
  0.390236E-02
  0.390213E-02
  0.390189E-02
  0.390165E-02
  0.390141E-02
  0.390117E-02
  0.390093E-02
  0.390069E-02
  0.390045E-02
  0.390022E-02
  0.389998E-02
  0.389974E-02
  0.389950E-02
  0.389926E-02
  0.389902E-02
  0.389878E-02
  0.389855E-02
  0.389831E-02
  0.389807E-02
  0.389783E-02
  0.389759E-02
  0.389735E-02
  0.389711E-02
  0.389688E-02
  0.389664E-02
  0.389640E-02
  0.389616E-02
  0.389592E-02
  0.389568E-02
  0.389544E-02
  0.389521E-02
  0.389497E-02
  0.389473E-02
  0.389449E-02
  0.389425E-02
  0.389401E-02
  0.389377E-02
  0.389354E-02
  0.389330E-02
  0.389306E-02
  0.389282E-02
  0.389258E-02
  0.389234E-02
  0.389210E-02
  0.389187E-02
  0.389163E-02
  0.389139E-02
  0.389115E-02
  0.389091E-02
  0.389067E-02
  0.389043E-02
  0.389020E-02
  0.388996E-02
  0.388972E-02
  0.388948E-02
  0.388924E-02
  0.388900E-02
  0.388876E-02
  0.388853E-02
  0.388829E-02
  0.388805E-02
  0.388781E-02
  0.388757E-02
  0.388733E-02
  0.388709E-02
  0.388686E-02
  0.388662E-02
  0.388638E-02
  0.388614E-02
  0.388590E-02
  0.388566E-02
  0.388542E-02
  0.388518E-02
  0.388495E-02
  0.388471E-02
  0.388447E-02
  0.388423E-02
  0.388399E-02
  0.388375E-02
  0.388351E-02
  0.388328E-02
  0.388304E-02
  0.388280E-02
  0.388256E-02
  0.388232E-02
  0.388208E-02
  0.388184E-02
  0.388161E-02
  0.388137E-02
  0.388113E-02
  0.388089E-02
  0.388065E-02
  0.388041E-02
  0.388017E-02
  0.387994E-02
  0.387970E-02
  0.387946E-02
  0.387922E-02
  0.387898E-02
  0.387874E-02
  0.387850E-02
  0.387827E-02
  0.387803E-02
  0.387779E-02
  0.387749E-02
  0.387699E-02
  0.387643E-02
  0.387587E-02
  0.387531E-02
  0.387476E-02
  0.387420E-02
  0.387364E-02
  0.387308E-02
  0.387252E-02
  0.387196E-02
  0.387140E-02
  0.387084E-02
  0.387029E-02
  0.386973E-02
  0.386917E-02
  0.386861E-02
  0.386805E-02
  0.386749E-02
  0.386693E-02
  0.386637E-02
  0.386581E-02
  0.386526E-02
  0.386470E-02
  0.386414E-02
  0.386358E-02
  0.386302E-02
  0.386246E-02
  0.386190E-02
  0.386134E-02
  0.386079E-02
  0.386023E-02
  0.385967E-02
  0.385911E-02
  0.385855E-02
  0.385799E-02
  0.385743E-02
  0.385687E-02
  0.385632E-02
  0.385576E-02
  0.385520E-02
  0.385464E-02
  0.385408E-02
  0.385352E-02
  0.385296E-02
  0.385240E-02
  0.385184E-02
  0.385129E-02
  0.385073E-02
  0.385017E-02
  0.384961E-02
  0.384905E-02
  0.384849E-02
  0.384793E-02
  0.384737E-02
  0.384682E-02
  0.384626E-02
  0.384570E-02
  0.384514E-02
  0.384458E-02
  0.384402E-02
  0.384346E-02
  0.384290E-02
  0.384234E-02
  0.384179E-02
  0.384123E-02
  0.384067E-02
  0.384011E-02
  0.383955E-02
  0.383899E-02
  0.383843E-02
  0.383787E-02
  0.383732E-02
  0.383676E-02
  0.383620E-02
  0.383564E-02
  0.383508E-02
  0.383452E-02
  0.383396E-02
  0.383340E-02
  0.383284E-02
  0.383229E-02
  0.383173E-02
  0.383117E-02
  0.383061E-02
  0.383005E-02
  0.382949E-02
  0.382893E-02
  0.382837E-02
  0.382782E-02
  0.382726E-02
  0.382670E-02
  0.382614E-02
  0.382558E-02
  0.382502E-02
  0.382446E-02
  0.382390E-02
  0.382334E-02
  0.382279E-02
  0.382223E-02
  0.382167E-02
  0.382111E-02
  0.382055E-02
  0.381999E-02
  0.381943E-02
  0.381887E-02
  0.381832E-02
  0.381776E-02
  0.381720E-02
  0.381664E-02
  0.381608E-02
  0.381552E-02
  0.381496E-02
  0.381440E-02
  0.381385E-02
  0.381329E-02
  0.381273E-02
  0.381217E-02
  0.381161E-02
  0.381105E-02
  0.381049E-02
  0.380993E-02
  0.380937E-02
  0.380882E-02
  0.380826E-02
  0.380770E-02
  0.380714E-02
  0.380658E-02
  0.380602E-02
  0.380546E-02
  0.380490E-02
  0.380435E-02
  0.380379E-02
  0.380323E-02
  0.380267E-02
  0.380201E-02
  0.380101E-02
  0.379990E-02
  0.379880E-02
  0.379769E-02
  0.379659E-02
  0.379548E-02
  0.379438E-02
  0.379327E-02
  0.379217E-02
  0.379106E-02
  0.378996E-02
  0.378885E-02
  0.378775E-02
  0.378665E-02
  0.378554E-02
  0.378444E-02
  0.378333E-02
  0.378223E-02
  0.378112E-02
  0.378002E-02
  0.377891E-02
  0.377781E-02
  0.377670E-02
  0.377560E-02
  0.377450E-02
  0.377339E-02
  0.377229E-02
  0.377118E-02
  0.377008E-02
  0.376897E-02
  0.376787E-02
  0.376676E-02
  0.376566E-02
  0.376455E-02
  0.376345E-02
  0.376234E-02
  0.376124E-02
  0.376014E-02
  0.375903E-02
  0.375793E-02
  0.375682E-02
  0.375572E-02
  0.375461E-02
  0.375351E-02
  0.375240E-02
  0.375130E-02
  0.375019E-02
  0.374909E-02
  0.374798E-02
  0.374688E-02
  0.374578E-02
  0.374467E-02
  0.374357E-02
  0.374246E-02
  0.374136E-02
  0.374025E-02
  0.373915E-02
  0.373804E-02
  0.373694E-02
  0.373583E-02
  0.373473E-02
  0.373363E-02
  0.373252E-02
  0.373142E-02
  0.373031E-02
  0.372921E-02
  0.372810E-02
  0.372700E-02
  0.372589E-02
  0.372479E-02
  0.372368E-02
  0.372258E-02
  0.372147E-02
  0.372037E-02
  0.371927E-02
  0.371816E-02
  0.371706E-02
  0.371595E-02
  0.371485E-02
  0.371374E-02
  0.371264E-02
  0.371153E-02
  0.371043E-02
  0.370932E-02
  0.370822E-02
  0.370712E-02
  0.370601E-02
  0.370491E-02
  0.370380E-02
  0.370270E-02
  0.370159E-02
  0.370049E-02
  0.369938E-02
  0.369828E-02
  0.369717E-02
  0.369607E-02
  0.369496E-02
  0.369386E-02
  0.369276E-02
  0.369165E-02
  0.369055E-02
  0.368944E-02
  0.368834E-02
  0.368723E-02
  0.368613E-02
  0.368502E-02
  0.368392E-02
  0.368281E-02
  0.368171E-02
  0.368060E-02
  0.367950E-02
  0.367840E-02
  0.367729E-02
  0.367619E-02
  0.367508E-02
  0.367398E-02
  0.367287E-02
  0.367177E-02
  0.367066E-02
  0.366956E-02
  0.366845E-02
  0.366735E-02
  0.366625E-02
  0.366514E-02
  0.366404E-02
  0.366293E-02
  0.366183E-02
  0.366072E-02
  0.365962E-02
  0.365851E-02
  0.365741E-02
  0.365630E-02
  0.365520E-02
  0.365409E-02
  0.365285E-02
  0.365110E-02
  0.364921E-02
  0.364732E-02
  0.364543E-02
  0.364353E-02
  0.364164E-02
  0.363975E-02
  0.363786E-02
  0.363597E-02
  0.363408E-02
  0.363219E-02
  0.363030E-02
  0.362840E-02
  0.362651E-02
  0.362462E-02
  0.362273E-02
  0.362084E-02
  0.361895E-02
  0.361706E-02
  0.361517E-02
  0.361328E-02
  0.361138E-02
  0.360949E-02
  0.360760E-02
  0.360571E-02
  0.360382E-02
  0.360193E-02
  0.360004E-02
  0.359815E-02
  0.359625E-02
  0.359436E-02
  0.359247E-02
  0.359058E-02
  0.358869E-02
  0.358680E-02
  0.358491E-02
  0.358302E-02
  0.358112E-02
  0.357923E-02
  0.357734E-02
  0.357545E-02
  0.357356E-02
  0.357167E-02
  0.356978E-02
  0.356789E-02
  0.356600E-02
  0.356410E-02
  0.356221E-02
  0.356032E-02
  0.355843E-02
  0.355654E-02
  0.355465E-02
  0.355276E-02
  0.355087E-02
  0.354897E-02
  0.354708E-02
  0.354519E-02
  0.354330E-02
  0.354141E-02
  0.353952E-02
  0.353763E-02
  0.353574E-02
  0.353385E-02
  0.353195E-02
  0.353006E-02
  0.352817E-02
  0.352628E-02
  0.352439E-02
  0.352250E-02
  0.352061E-02
  0.351872E-02
  0.351682E-02
  0.351493E-02
  0.351304E-02
  0.351115E-02
  0.350926E-02
  0.350737E-02
  0.350548E-02
  0.350359E-02
  0.350170E-02
  0.349980E-02
  0.349791E-02
  0.349602E-02
  0.349413E-02
  0.349224E-02
  0.349035E-02
  0.348846E-02
  0.348657E-02
  0.348467E-02
  0.348278E-02
  0.348089E-02
  0.347900E-02
  0.347711E-02
  0.347522E-02
  0.347333E-02
  0.347144E-02
  0.346955E-02
  0.346765E-02
  0.346576E-02
  0.346387E-02
  0.346198E-02
  0.346009E-02
  0.345820E-02
  0.345631E-02
  0.345442E-02
  0.345252E-02
  0.345063E-02
  0.344874E-02
  0.344685E-02
  0.344496E-02
  0.344307E-02
  0.344118E-02
  0.343929E-02
  0.343739E-02
  0.343550E-02
  0.343361E-02
  0.343172E-02
  0.342983E-02
  0.342794E-02
  0.342605E-02
  0.342416E-02
  0.342227E-02
  0.342037E-02
  0.341848E-02
  0.341659E-02
  0.341470E-02
  0.341281E-02
  0.341092E-02
  0.340903E-02
  0.340714E-02
  0.340524E-02
  0.340335E-02
  0.340146E-02
  0.339957E-02
  0.339752E-02
  0.339490E-02
  0.339213E-02
  0.338935E-02
  0.338657E-02
  0.338380E-02
  0.338102E-02
  0.337824E-02
  0.337546E-02
  0.337269E-02
  0.336991E-02
  0.336713E-02
  0.336436E-02
  0.336158E-02
  0.335880E-02
  0.335603E-02
  0.335325E-02
  0.335047E-02
  0.334770E-02
  0.334492E-02
  0.334214E-02
  0.333937E-02
  0.333659E-02
  0.333381E-02
  0.333103E-02
  0.332826E-02
  0.332548E-02
  0.332270E-02
  0.331993E-02
  0.331715E-02
  0.331437E-02
  0.331160E-02
  0.330882E-02
  0.330604E-02
  0.330327E-02
  0.330049E-02
  0.329771E-02
  0.329494E-02
  0.329216E-02
  0.328938E-02
  0.328660E-02
  0.328383E-02
  0.328105E-02
  0.327827E-02
  0.327550E-02
  0.327272E-02
  0.326994E-02
  0.326717E-02
  0.326439E-02
  0.326161E-02
  0.325884E-02
  0.325606E-02
  0.325328E-02
  0.325050E-02
  0.324773E-02
  0.324495E-02
  0.324217E-02
  0.323940E-02
  0.323662E-02
  0.323384E-02
  0.323107E-02
  0.322829E-02
  0.322551E-02
  0.322274E-02
  0.321996E-02
  0.321718E-02
  0.321441E-02
  0.321163E-02
  0.320885E-02
  0.320607E-02
  0.320330E-02
  0.320052E-02
  0.319774E-02
  0.319497E-02
  0.319219E-02
  0.318941E-02
  0.318664E-02
  0.318386E-02
  0.318108E-02
  0.317831E-02
  0.317553E-02
  0.317275E-02
  0.316998E-02
  0.316720E-02
  0.316442E-02
  0.316164E-02
  0.315887E-02
  0.315609E-02
  0.315331E-02
  0.315054E-02
  0.314776E-02
  0.314498E-02
  0.314221E-02
  0.313943E-02
  0.313665E-02
  0.313388E-02
  0.313110E-02
  0.312832E-02
  0.312554E-02
  0.312277E-02
  0.311999E-02
  0.311721E-02
  0.311444E-02
  0.311166E-02
  0.310888E-02
  0.310611E-02
  0.310333E-02
  0.310055E-02
  0.309778E-02
  0.309500E-02
  0.309222E-02
  0.308945E-02
  0.308667E-02
  0.308389E-02
  0.308111E-02
  0.307834E-02
  0.307556E-02
  0.307278E-02
  0.307001E-02
  0.306723E-02
  0.306445E-02
  0.306168E-02
  0.305890E-02
  0.305612E-02
  0.305335E-02
  0.305057E-02
  0.304779E-02
  0.304502E-02
  0.304224E-02
  0.303946E-02
  0.303668E-02
  0.303391E-02
  0.303113E-02
  0.302835E-02
  0.302558E-02
  0.302265E-02
  0.301921E-02
  0.301563E-02
  0.301204E-02
  0.300846E-02
  0.300487E-02
  0.300129E-02
  0.299770E-02
  0.299412E-02
  0.299053E-02
  0.298695E-02
  0.298336E-02
  0.297977E-02
  0.297619E-02
  0.297260E-02
  0.296902E-02
  0.296543E-02
  0.296185E-02
  0.295826E-02
  0.295468E-02
  0.295109E-02
  0.294750E-02
  0.294392E-02
  0.294033E-02
  0.293675E-02
  0.293316E-02
  0.292958E-02
  0.292599E-02
  0.292241E-02
  0.291882E-02
  0.291524E-02
  0.291165E-02
  0.290806E-02
  0.290448E-02
  0.290089E-02
  0.289731E-02
  0.289372E-02
  0.289014E-02
  0.288655E-02
  0.288297E-02
  0.287938E-02
  0.287580E-02
  0.287221E-02
  0.286862E-02
  0.286504E-02
  0.286145E-02
  0.285787E-02
  0.285428E-02
  0.285070E-02
  0.284711E-02
  0.284353E-02
  0.283994E-02
  0.283635E-02
  0.283277E-02
  0.282918E-02
  0.282560E-02
  0.282201E-02
  0.281843E-02
  0.281484E-02
  0.281126E-02
  0.280767E-02
  0.280409E-02
  0.280050E-02
  0.279691E-02
  0.279333E-02
  0.278974E-02
  0.278616E-02
  0.278257E-02
  0.277899E-02
  0.277540E-02
  0.277182E-02
  0.276823E-02
  0.276465E-02
  0.276106E-02
  0.275747E-02
  0.275389E-02
  0.275030E-02
  0.274672E-02
  0.274313E-02
  0.273955E-02
  0.273596E-02
  0.273238E-02
  0.272879E-02
  0.272521E-02
  0.272162E-02
  0.271803E-02
  0.271445E-02
  0.271086E-02
  0.270728E-02
  0.270369E-02
  0.270011E-02
  0.269652E-02
  0.269294E-02
  0.268935E-02
  0.268576E-02
  0.268218E-02
  0.267859E-02
  0.267501E-02
  0.267142E-02
  0.266784E-02
  0.266425E-02
  0.266067E-02
  0.265708E-02
  0.265350E-02
  0.264991E-02
  0.264632E-02
  0.264274E-02
  0.263915E-02
  0.263557E-02
  0.263198E-02
  0.262840E-02
  0.262481E-02
  0.262123E-02
  0.261764E-02
  0.261406E-02
  0.261047E-02
  0.260688E-02
  0.260330E-02
  0.259971E-02
  0.259613E-02
  0.259254E-02
  0.258896E-02
  0.258537E-02
  0.258179E-02
  0.257820E-02
  0.257461E-02
  0.257103E-02
  0.256744E-02
  0.256386E-02
  0.256027E-02
  0.255669E-02
  0.255310E-02
  0.254952E-02
  0.254593E-02
  0.254235E-02
  0.253867E-02
  0.253466E-02
  0.253057E-02
  0.252647E-02
  0.252237E-02
  0.251828E-02
  0.251418E-02
  0.251008E-02
  0.250598E-02
  0.250189E-02
  0.249779E-02
  0.249369E-02
  0.248960E-02
  0.248550E-02
  0.248140E-02
  0.247731E-02
  0.247321E-02
  0.246911E-02
  0.246502E-02
  0.246092E-02
  0.245682E-02
  0.245273E-02
  0.244863E-02
  0.244453E-02
  0.244043E-02
  0.243634E-02
  0.243224E-02
  0.242814E-02
  0.242405E-02
  0.241995E-02
  0.241585E-02
  0.241176E-02
  0.240766E-02
  0.240356E-02
  0.239947E-02
  0.239537E-02
  0.239127E-02
  0.238718E-02
  0.238308E-02
  0.237898E-02
  0.237488E-02
  0.237079E-02
  0.236669E-02
  0.236259E-02
  0.235850E-02
  0.235440E-02
  0.235030E-02
  0.234621E-02
  0.234211E-02
  0.233801E-02
  0.233392E-02
  0.232982E-02
  0.232572E-02
  0.232162E-02
  0.231753E-02
  0.231343E-02
  0.230933E-02
  0.230524E-02
  0.230114E-02
  0.229704E-02
  0.229295E-02
  0.228885E-02
  0.228475E-02
  0.228066E-02
  0.227656E-02
  0.227246E-02
  0.226837E-02
  0.226427E-02
  0.226017E-02
  0.225607E-02
  0.225198E-02
  0.224788E-02
  0.224378E-02
  0.223969E-02
  0.223559E-02
  0.223149E-02
  0.222740E-02
  0.222330E-02
  0.221920E-02
  0.221511E-02
  0.221101E-02
  0.220691E-02
  0.220282E-02
  0.219872E-02
  0.219462E-02
  0.219052E-02
  0.218643E-02
  0.218233E-02
  0.217823E-02
  0.217414E-02
  0.217004E-02
  0.216594E-02
  0.216185E-02
  0.215775E-02
  0.215365E-02
  0.214956E-02
  0.214546E-02
  0.214136E-02
  0.213726E-02
  0.213317E-02
  0.212907E-02
  0.212497E-02
  0.212088E-02
  0.211678E-02
  0.211268E-02
  0.210859E-02
  0.210449E-02
  0.210039E-02
  0.209630E-02
  0.209220E-02
  0.208810E-02
  0.208401E-02
  0.207991E-02
  0.207581E-02
  0.207171E-02
  0.206762E-02
  0.206352E-02
  0.205942E-02
  0.205533E-02
  0.205123E-02
  0.204713E-02
  0.204304E-02
  0.203894E-02
  0.203484E-02
  0.203075E-02
  0.202665E-02
  0.202255E-02
  0.201846E-02
  0.201436E-02
  0.201026E-02
  0.200616E-02
  0.200207E-02
  0.199797E-02
  0.199387E-02
  0.198978E-02
  0.198566E-02
  0.198146E-02
  0.197725E-02
  0.197303E-02
  0.196881E-02
  0.196460E-02
  0.196038E-02
  0.195617E-02
  0.195195E-02
  0.194773E-02
  0.194352E-02
  0.193930E-02
  0.193508E-02
  0.193087E-02
  0.192665E-02
  0.192244E-02
  0.191822E-02
  0.191400E-02
  0.190979E-02
  0.190557E-02
  0.190135E-02
  0.189714E-02
  0.189292E-02
  0.188871E-02
  0.188449E-02
  0.188027E-02
  0.187606E-02
  0.187184E-02
  0.186762E-02
  0.186341E-02
  0.185919E-02
  0.185497E-02
  0.185076E-02
  0.184654E-02
  0.184233E-02
  0.183811E-02
  0.183389E-02
  0.182968E-02
  0.182546E-02
  0.182124E-02
  0.181703E-02
  0.181281E-02
  0.180860E-02
  0.180438E-02
  0.180016E-02
  0.179595E-02
  0.179173E-02
  0.178751E-02
  0.178330E-02
  0.177908E-02
  0.177487E-02
  0.177065E-02
  0.176643E-02
  0.176222E-02
  0.175800E-02
  0.175378E-02
  0.174957E-02
  0.174535E-02
  0.174113E-02
  0.173692E-02
  0.173270E-02
  0.172849E-02
  0.172427E-02
  0.172005E-02
  0.171584E-02
  0.171162E-02
  0.170740E-02
  0.170319E-02
  0.169897E-02
  0.169476E-02
  0.169054E-02
  0.168632E-02
  0.168211E-02
  0.167789E-02
  0.167367E-02
  0.166946E-02
  0.166524E-02
  0.166103E-02
  0.165681E-02
  0.165259E-02
  0.164838E-02
  0.164416E-02
  0.163994E-02
  0.163573E-02
  0.163151E-02
  0.162729E-02
  0.162308E-02
  0.161886E-02
  0.161465E-02
  0.161043E-02
  0.160621E-02
  0.160200E-02
  0.159778E-02
  0.159356E-02
  0.158935E-02
  0.158513E-02
  0.158092E-02
  0.157670E-02
  0.157248E-02
  0.156827E-02
  0.156405E-02
  0.155983E-02
  0.155562E-02
  0.155140E-02
  0.154719E-02
  0.154297E-02
  0.153875E-02
  0.153454E-02
  0.153032E-02
  0.152610E-02
  0.152189E-02
  0.151767E-02
  0.151345E-02
  0.150924E-02
  0.150502E-02
  0.150081E-02
  0.149659E-02
  0.149237E-02
  0.148816E-02
  0.148394E-02
  0.147972E-02
  0.147551E-02
  0.147129E-02
  0.146708E-02
  0.146286E-02
  0.145864E-02
  0.145443E-02
  0.145021E-02
  0.144599E-02
  0.144178E-02
  0.143756E-02
  0.143335E-02
  0.142913E-02
  0.142491E-02
  0.142070E-02
  0.141654E-02
  0.141256E-02
  0.140864E-02
  0.140472E-02
  0.140080E-02
  0.139688E-02
  0.139296E-02
  0.138904E-02
  0.138512E-02
  0.138120E-02
  0.137728E-02
  0.137336E-02
  0.136944E-02
  0.136552E-02
  0.136160E-02
  0.135768E-02
  0.135376E-02
  0.134984E-02
  0.134592E-02
  0.134200E-02
  0.133808E-02
  0.133416E-02
  0.133023E-02
  0.132631E-02
  0.132239E-02
  0.131847E-02
  0.131455E-02
  0.131063E-02
  0.130671E-02
  0.130279E-02
  0.129887E-02
  0.129495E-02
  0.129103E-02
  0.128711E-02
  0.128319E-02
  0.127927E-02
  0.127535E-02
  0.127143E-02
  0.126751E-02
  0.126359E-02
  0.125967E-02
  0.125575E-02
  0.125183E-02
  0.124791E-02
  0.124399E-02
  0.124007E-02
  0.123615E-02
  0.123223E-02
  0.122831E-02
  0.122439E-02
  0.122047E-02
  0.121655E-02
  0.121263E-02
  0.120871E-02
  0.120479E-02
  0.120087E-02
  0.119695E-02
  0.119303E-02
  0.118911E-02
  0.118519E-02
  0.118127E-02
  0.117735E-02
  0.117343E-02
  0.116951E-02
  0.116559E-02
  0.116167E-02
  0.115774E-02
  0.115382E-02
  0.114990E-02
  0.114598E-02
  0.114206E-02
  0.113814E-02
  0.113422E-02
  0.113030E-02
  0.112638E-02
  0.112246E-02
  0.111854E-02
  0.111462E-02
  0.111070E-02
  0.110678E-02
  0.110286E-02
  0.109894E-02
  0.109502E-02
  0.109110E-02
  0.108718E-02
  0.108326E-02
  0.107934E-02
  0.107542E-02
  0.107150E-02
  0.106758E-02
  0.106366E-02
  0.105974E-02
  0.105582E-02
  0.105190E-02
  0.104798E-02
  0.104406E-02
  0.104014E-02
  0.103622E-02
  0.103230E-02
  0.102838E-02
  0.102446E-02
  0.102054E-02
  0.101662E-02
  0.101270E-02
  0.100878E-02
  0.100486E-02
  0.100094E-02
  0.997015E-03
  0.993095E-03
  0.989175E-03
  0.985255E-03
  0.981335E-03
  0.977414E-03
  0.973494E-03
  0.969574E-03
  0.965654E-03
  0.961733E-03
  0.957813E-03
  0.953893E-03
  0.949973E-03
  0.946052E-03
  0.942132E-03
  0.938212E-03
  0.934292E-03
  0.930372E-03
  0.926451E-03
  0.922531E-03
  0.918611E-03
  0.914691E-03
  0.910770E-03
  0.906850E-03
  0.902930E-03
  0.899010E-03
  0.895089E-03
  0.891169E-03
  0.887408E-03
  0.884178E-03
  0.881106E-03
  0.878035E-03
  0.874964E-03
  0.871893E-03
  0.868821E-03
  0.865750E-03
  0.862679E-03
  0.859607E-03
  0.856536E-03
  0.853465E-03
  0.850393E-03
  0.847322E-03
  0.844251E-03
  0.841180E-03
  0.838108E-03
  0.835037E-03
  0.831966E-03
  0.828894E-03
  0.825823E-03
  0.822752E-03
  0.819680E-03
  0.816609E-03
  0.813538E-03
  0.810467E-03
  0.807395E-03
  0.804324E-03
  0.801253E-03
  0.798181E-03
  0.795110E-03
  0.792039E-03
  0.788968E-03
  0.785896E-03
  0.782825E-03
  0.779754E-03
  0.776682E-03
  0.773611E-03
  0.770540E-03
  0.767468E-03
  0.764397E-03
  0.761326E-03
  0.758255E-03
  0.755183E-03
  0.752112E-03
  0.749041E-03
  0.745969E-03
  0.742898E-03
  0.739827E-03
  0.736755E-03
  0.733684E-03
  0.730613E-03
  0.727542E-03
  0.724470E-03
  0.721399E-03
  0.718328E-03
  0.715256E-03
  0.712185E-03
  0.709114E-03
  0.706043E-03
  0.702971E-03
  0.699900E-03
  0.696829E-03
  0.693757E-03
  0.690686E-03
  0.687615E-03
  0.684543E-03
  0.681472E-03
  0.678401E-03
  0.675330E-03
  0.672258E-03
  0.669187E-03
  0.666116E-03
  0.663044E-03
  0.659973E-03
  0.656902E-03
  0.653830E-03
  0.650759E-03
  0.647688E-03
  0.644617E-03
  0.641545E-03
  0.638474E-03
  0.635403E-03
  0.632331E-03
  0.629260E-03
  0.626189E-03
  0.623118E-03
  0.620046E-03
  0.616975E-03
  0.613904E-03
  0.610832E-03
  0.607761E-03
  0.604690E-03
  0.601618E-03
  0.598547E-03
  0.595476E-03
  0.592405E-03
  0.589333E-03
  0.586262E-03
  0.583191E-03
  0.580119E-03
  0.577048E-03
  0.573977E-03
  0.570905E-03
  0.567834E-03
  0.564763E-03
  0.561692E-03
  0.558620E-03
  0.555549E-03
  0.552478E-03
  0.549406E-03
  0.546335E-03
  0.543264E-03
  0.540193E-03
  0.537121E-03
  0.534050E-03
  0.530979E-03
  0.527907E-03
  0.524836E-03
  0.521765E-03
  0.518693E-03
  0.515622E-03
  0.512551E-03
  0.509480E-03
  0.506408E-03
  0.503337E-03
  0.500266E-03
  0.497194E-03
  0.494123E-03
  0.491052E-03
  0.487980E-03
  0.484909E-03
  0.481838E-03
  0.478767E-03
  0.475695E-03
  0.472824E-03
  0.470619E-03
  0.468613E-03
  0.466608E-03
  0.464603E-03
  0.462598E-03
  0.460592E-03
  0.458587E-03
  0.456582E-03
  0.454577E-03
  0.452571E-03
  0.450566E-03
  0.448561E-03
  0.446555E-03
  0.444550E-03
  0.442545E-03
  0.440540E-03
  0.438534E-03
  0.436529E-03
  0.434524E-03
  0.432519E-03
  0.430513E-03
  0.428508E-03
  0.426503E-03
  0.424497E-03
  0.422492E-03
  0.420487E-03
  0.418482E-03
  0.416476E-03
  0.414471E-03
  0.412466E-03
  0.410461E-03
  0.408455E-03
  0.406450E-03
  0.404445E-03
  0.402439E-03
  0.400434E-03
  0.398429E-03
  0.396424E-03
  0.394418E-03
  0.392413E-03
  0.390408E-03
  0.388402E-03
  0.386397E-03
  0.384392E-03
  0.382387E-03
  0.380381E-03
  0.378376E-03
  0.376371E-03
  0.374366E-03
  0.372360E-03
  0.370355E-03
  0.368350E-03
  0.366344E-03
  0.364339E-03
  0.362334E-03
  0.360329E-03
  0.358323E-03
  0.356318E-03
  0.354313E-03
  0.352308E-03
  0.350302E-03
  0.348297E-03
  0.346292E-03
  0.344286E-03
  0.342281E-03
  0.340276E-03
  0.338271E-03
  0.336265E-03
  0.334260E-03
  0.332255E-03
  0.330250E-03
  0.328244E-03
  0.326239E-03
  0.324234E-03
  0.322228E-03
  0.320223E-03
  0.318218E-03
  0.316213E-03
  0.314207E-03
  0.312202E-03
  0.310197E-03
  0.308192E-03
  0.306186E-03
  0.304181E-03
  0.302176E-03
  0.300170E-03
  0.298165E-03
  0.296160E-03
  0.294155E-03
  0.292149E-03
  0.290144E-03
  0.288139E-03
  0.286134E-03
  0.284128E-03
  0.282123E-03
  0.280118E-03
  0.278112E-03
  0.276107E-03
  0.274102E-03
  0.272097E-03
  0.270091E-03
  0.268086E-03
  0.266081E-03
  0.264075E-03
  0.262070E-03
  0.260065E-03
  0.258060E-03
  0.256054E-03
  0.254049E-03
  0.252044E-03
  0.250039E-03
  0.248033E-03
  0.246028E-03
  0.244023E-03
  0.242017E-03
  0.240012E-03
  0.238007E-03
  0.236002E-03
  0.233996E-03
  0.231991E-03
  0.229986E-03
  0.227981E-03
  0.225975E-03
  0.223970E-03
  0.221965E-03
  0.219959E-03
  0.217954E-03
  0.215949E-03
  0.213944E-03
  0.211938E-03
  0.209933E-03
  0.207928E-03
  0.205923E-03
  0.203917E-03
  0.202085E-03
  0.200830E-03
  0.199748E-03
  0.198666E-03
  0.197584E-03
  0.196503E-03
  0.195421E-03
  0.194339E-03
  0.193257E-03
  0.192175E-03
  0.191093E-03
  0.190011E-03
  0.188929E-03
  0.187847E-03
  0.186766E-03
  0.185684E-03
  0.184602E-03
  0.183520E-03
  0.182438E-03
  0.181356E-03
  0.180274E-03
  0.179192E-03
  0.178110E-03
  0.177029E-03
  0.175947E-03
  0.174865E-03
  0.173783E-03
  0.172701E-03
  0.171619E-03
  0.170537E-03
  0.169455E-03
  0.168373E-03
  0.167291E-03
  0.166210E-03
  0.165128E-03
  0.164046E-03
  0.162964E-03
  0.161882E-03
  0.160800E-03
  0.159718E-03
  0.158636E-03
  0.157554E-03
  0.156473E-03
  0.155391E-03
  0.154309E-03
  0.153227E-03
  0.152145E-03
  0.151063E-03
  0.149981E-03
  0.148899E-03
  0.147817E-03
  0.146736E-03
  0.145654E-03
  0.144572E-03
  0.143490E-03
  0.142408E-03
  0.141326E-03
  0.140244E-03
  0.139162E-03
  0.138080E-03
  0.136999E-03
  0.135917E-03
  0.134835E-03
  0.133753E-03
  0.132671E-03
  0.131589E-03
  0.130507E-03
  0.129425E-03
  0.128343E-03
  0.127262E-03
  0.126180E-03
  0.125098E-03
  0.124016E-03
  0.122934E-03
  0.121852E-03
  0.120770E-03
  0.119688E-03
  0.118606E-03
  0.117524E-03
  0.116443E-03
  0.115361E-03
  0.114279E-03
  0.113197E-03
  0.112115E-03
  0.111033E-03
  0.109951E-03
  0.108869E-03
  0.107787E-03
  0.106706E-03
  0.105624E-03
  0.104542E-03
  0.103460E-03
  0.102378E-03
  0.101296E-03
  0.100214E-03
  0.991323E-04
  0.980505E-04
  0.969686E-04
  0.958867E-04
  0.948048E-04
  0.937229E-04
  0.926410E-04
  0.915591E-04
  0.904772E-04
  0.893953E-04
  0.883134E-04
  0.872315E-04
  0.861497E-04
  0.850678E-04
  0.839859E-04
  0.829040E-04
  0.818221E-04
  0.807402E-04
  0.796583E-04
  0.785764E-04
  0.774945E-04
  0.764126E-04
  0.753307E-04
  0.742488E-04
  0.731670E-04
  0.720851E-04
  0.710032E-04
  0.699213E-04
  0.688394E-04
  0.677575E-04
  0.666756E-04
  0.655937E-04
  0.645118E-04
  0.634299E-04
  0.623480E-04
  0.612662E-04
  0.601843E-04
  0.591024E-04
  0.580205E-04
  0.569386E-04
  0.559820E-04
  0.554429E-04
  0.550292E-04
  0.546154E-04
  0.542017E-04
  0.537879E-04
  0.533742E-04
  0.529604E-04
  0.525467E-04
  0.521329E-04
  0.517192E-04
  0.513054E-04
  0.508917E-04
  0.504779E-04
  0.500642E-04
  0.496504E-04
  0.492366E-04
  0.488229E-04
  0.484091E-04
  0.479954E-04
  0.475816E-04
  0.471679E-04
  0.467541E-04
  0.463404E-04
  0.459266E-04
  0.455129E-04
  0.450991E-04
  0.446854E-04
  0.442716E-04
  0.438579E-04
  0.434441E-04
  0.430303E-04
  0.426166E-04
  0.422028E-04
  0.417891E-04
  0.413753E-04
  0.409616E-04
  0.405478E-04
  0.401341E-04
  0.397203E-04
  0.393066E-04
  0.388928E-04
  0.384791E-04
  0.380653E-04
  0.376516E-04
  0.372378E-04
  0.368240E-04
  0.364103E-04
  0.359965E-04
  0.355828E-04
  0.351690E-04
  0.347553E-04
  0.343415E-04
  0.339278E-04
  0.335140E-04
  0.331003E-04
  0.326865E-04
  0.322728E-04
  0.318590E-04
  0.314453E-04
  0.310315E-04
  0.306177E-04
  0.302040E-04
  0.297902E-04
  0.293765E-04
  0.289627E-04
  0.285490E-04
  0.281352E-04
  0.277215E-04
  0.273077E-04
  0.268940E-04
  0.264802E-04
  0.260665E-04
  0.256527E-04
  0.252390E-04
  0.248252E-04
  0.244114E-04
  0.239977E-04
  0.235839E-04
  0.231702E-04
  0.227564E-04
  0.223427E-04
  0.219289E-04
  0.215152E-04
  0.211014E-04
  0.206877E-04
  0.202739E-04
  0.198602E-04
  0.194464E-04
  0.190327E-04
  0.186189E-04
  0.182051E-04
  0.177914E-04
  0.173776E-04
  0.169639E-04
  0.165501E-04
  0.161364E-04
  0.157226E-04
  0.153089E-04
  0.148951E-04
  0.144814E-04
  0.140676E-04
  0.136539E-04
  0.132401E-04
  0.128264E-04
  0.124126E-04
  0.119988E-04
  0.115851E-04
  0.111713E-04
  0.107576E-04
  0.103438E-04
  0.993008E-05
  0.951633E-05
  0.910257E-05
  0.868882E-05
  0.827507E-05
  0.786131E-05
  0.744756E-05
  0.703381E-05
  0.662005E-05
  0.620630E-05
  0.579255E-05
  0.537879E-05
  0.496504E-05
  0.455129E-05
  0.413753E-05
  0.372378E-05
  0.331003E-05
  0.289627E-05
  0.248252E-05
  0.206877E-05
  0.165501E-05
  0.124126E-05
  0.827507E-06
  0.413753E-06
  0.775434E-07
  0.000000E+00
  0.000000E+00
  0.000000E+00
  0.000000E+00
  0.000000E+00
  0.000000E+00
  0.000000E+00
  0.000000E+00
  0.000000E+00
  0.000000E+00
  0.000000E+00
  0.000000E+00
  0.000000E+00
  0.000000E+00
  0.000000E+00
  0.000000E+00
  0.000000E+00
  0.000000E+00
  0.000000E+00
  0.000000E+00
  0.000000E+00
  0.000000E+00
  0.000000E+00
  0.000000E+00
  0.000000E+00
  0.000000E+00
  0.000000E+00
  0.000000E+00
  0.000000E+00
  0.000000E+00
  0.000000E+00
  0.000000E+00
  0.000000E+00
  0.000000E+00
  0.000000E+00
  0.000000E+00
  0.000000E+00
  0.000000E+00
  0.000000E+00
  0.000000E+00
  0.000000E+00
  0.000000E+00
  0.000000E+00
  0.000000E+00
  0.000000E+00
  0.000000E+00
  0.000000E+00
  0.000000E+00
  0.000000E+00
  0.000000E+00
  0.000000E+00
  0.000000E+00
  0.000000E+00
  0.000000E+00
  0.000000E+00
  0.000000E+00
  0.000000E+00
  0.000000E+00
  0.000000E+00
  0.000000E+00
  0.000000E+00
  0.000000E+00
  0.000000E+00
  0.000000E+00
  0.000000E+00
  0.000000E+00
  0.000000E+00
  0.000000E+00
  0.000000E+00
  0.000000E+00
  0.000000E+00
  0.000000E+00
  0.000000E+00
  0.000000E+00
  0.000000E+00
  0.000000E+00
  0.000000E+00
  0.000000E+00
  0.000000E+00
  0.000000E+00
  0.000000E+00
  0.000000E+00
  0.000000E+00
  0.000000E+00
  0.000000E+00
  0.000000E+00
  0.000000E+00
  0.000000E+00
  0.000000E+00
  0.000000E+00
  0.000000E+00
  0.000000E+00
  0.000000E+00
  0.000000E+00
  0.000000E+00
  0.000000E+00
  0.000000E+00
  0.000000E+00
  0.000000E+00
  0.000000E+00
  0.000000E+00
  0.000000E+00
  0.000000E+00
  0.000000E+00
  0.000000E+00
  0.000000E+00
  0.000000E+00
  0.000000E+00
  0.000000E+00
  0.000000E+00
  0.000000E+00
  0.000000E+00
  0.000000E+00
  0.000000E+00
  0.000000E+00
  0.000000E+00
  0.000000E+00
  0.000000E+00
  0.000000E+00
  0.000000E+00
  0.000000E+00
  0.000000E+00
  0.000000E+00
  0.000000E+00
  0.000000E+00
  0.000000E+00
  0.000000E+00
  0.000000E+00
  0.000000E+00
  0.000000E+00
  0.000000E+00
  0.000000E+00
  0.000000E+00
  0.000000E+00
  0.000000E+00
  0.000000E+00
  0.000000E+00
  0.000000E+00
  0.000000E+00
  0.000000E+00
  0.000000E+00
  0.000000E+00
  0.000000E+00
  0.000000E+00
  0.000000E+00
  0.000000E+00
  0.000000E+00
  0.000000E+00
  0.000000E+00
  0.000000E+00
  0.000000E+00
  0.000000E+00
  0.000000E+00
  0.000000E+00
  0.000000E+00
  0.000000E+00
  0.000000E+00
  0.000000E+00
  0.000000E+00
  0.000000E+00
  0.000000E+00
  0.000000E+00
  0.000000E+00
  0.000000E+00
  0.000000E+00
  0.000000E+00
  0.000000E+00
  0.000000E+00
  0.000000E+00
  0.000000E+00
  0.000000E+00
  0.000000E+00
  0.000000E+00
  0.000000E+00
  0.000000E+00
  0.000000E+00
  0.000000E+00
  0.000000E+00
  0.000000E+00
  0.000000E+00
  0.000000E+00
  0.000000E+00
  0.000000E+00
  0.000000E+00
  0.000000E+00
  0.000000E+00
  0.000000E+00
  0.000000E+00
  0.000000E+00
  0.000000E+00
  0.000000E+00
  0.000000E+00
  0.000000E+00
  0.000000E+00
  0.000000E+00
  0.000000E+00
  0.000000E+00
  0.000000E+00
  0.000000E+00
  0.000000E+00
  0.000000E+00
  0.000000E+00
  0.000000E+00
  0.000000E+00
  0.000000E+00
  0.000000E+00
  0.000000E+00
  0.000000E+00
  0.000000E+00
  0.000000E+00
  0.000000E+00
  0.000000E+00
  0.000000E+00
  0.000000E+00
  0.000000E+00
  0.000000E+00
  0.000000E+00
  0.000000E+00
  0.000000E+00
  0.000000E+00
  0.000000E+00
  0.000000E+00
  0.000000E+00
  0.000000E+00
  0.000000E+00
  0.000000E+00
  0.000000E+00
  0.000000E+00
  0.000000E+00
  0.000000E+00
  0.000000E+00
  0.000000E+00
  0.000000E+00
  0.000000E+00
  0.000000E+00
  0.000000E+00
  0.000000E+00
  0.000000E+00
  0.000000E+00
  0.000000E+00
  0.000000E+00
  0.000000E+00
  0.000000E+00
  0.000000E+00
  0.000000E+00
  0.000000E+00
  0.000000E+00
  0.000000E+00
  0.000000E+00
  0.000000E+00
  0.000000E+00
  0.000000E+00
  0.000000E+00
  0.000000E+00
  0.000000E+00
  0.000000E+00
  0.000000E+00
  0.000000E+00
  0.000000E+00
  0.000000E+00
  0.000000E+00
  0.000000E+00
  0.000000E+00
  0.000000E+00
  0.000000E+00
  0.000000E+00
  0.000000E+00
  0.000000E+00
  0.000000E+00
  0.763492E-08
  0.408690E-07
  0.817379E-07
  0.122607E-06
  0.163476E-06
  0.204345E-06
  0.245214E-06
  0.286083E-06
  0.326952E-06
  0.367821E-06
  0.408690E-06
  0.449559E-06
  0.490428E-06
  0.531297E-06
  0.572165E-06
  0.613034E-06
  0.653903E-06
  0.694772E-06
  0.735641E-06
  0.776510E-06
  0.817379E-06
  0.858248E-06
  0.899117E-06
  0.939986E-06
  0.980855E-06
  0.102172E-05
  0.106259E-05
  0.110346E-05
  0.114433E-05
  0.118520E-05
  0.122607E-05
  0.126694E-05
  0.130781E-05
  0.134868E-05
  0.138954E-05
  0.143041E-05
  0.147128E-05
  0.151215E-05
  0.155302E-05
  0.159389E-05
  0.163476E-05
  0.167563E-05
  0.171650E-05
  0.175737E-05
  0.179823E-05
  0.183910E-05
  0.187997E-05
  0.192084E-05
  0.196171E-05
  0.200258E-05
  0.204345E-05
  0.208432E-05
  0.212519E-05
  0.216606E-05
  0.220692E-05
  0.224779E-05
  0.228866E-05
  0.232953E-05
  0.237040E-05
  0.241127E-05
  0.245214E-05
  0.249301E-05
  0.253388E-05
  0.257474E-05
  0.261561E-05
  0.265648E-05
  0.269735E-05
  0.273822E-05
  0.277909E-05
  0.281996E-05
  0.286083E-05
  0.290170E-05
  0.294257E-05
  0.298343E-05
  0.302430E-05
  0.306517E-05
  0.310604E-05
  0.314691E-05
  0.318778E-05
  0.322865E-05
  0.326952E-05
  0.331039E-05
  0.335125E-05
  0.339212E-05
  0.343299E-05
  0.347386E-05
  0.351473E-05
  0.355560E-05
  0.359647E-05
  0.363734E-05
  0.367821E-05
  0.371908E-05
  0.375994E-05
  0.380081E-05
  0.384168E-05
  0.388255E-05
  0.392342E-05
  0.396429E-05
  0.400516E-05
  0.404603E-05
  0.408690E-05
  0.412777E-05
  0.416863E-05
  0.420950E-05
  0.425037E-05
  0.429124E-05
  0.433211E-05
  0.437298E-05
  0.441385E-05
  0.445472E-05
  0.449559E-05
  0.453645E-05
  0.457732E-05
  0.461819E-05
  0.465906E-05
  0.469993E-05
  0.474080E-05
  0.478167E-05
  0.482254E-05
  0.486341E-05
  0.490428E-05
  0.494514E-05
  0.498601E-05
  0.502688E-05
  0.506775E-05
  0.510862E-05
  0.514949E-05
  0.519036E-05
  0.523123E-05
  0.527210E-05
  0.531297E-05
  0.535383E-05
  0.539470E-05
  0.543557E-05
  0.547644E-05
  0.551712E-05
  0.555715E-05
  0.559699E-05
  0.563683E-05
  0.567667E-05
  0.571651E-05
  0.575635E-05
  0.579618E-05
  0.583602E-05
  0.587586E-05
  0.591570E-05
  0.595554E-05
  0.599538E-05
  0.603522E-05
  0.607506E-05
  0.611490E-05
  0.615474E-05
  0.619458E-05
  0.623442E-05
  0.627425E-05
  0.631409E-05
  0.635393E-05
  0.639377E-05
  0.643361E-05
  0.647345E-05
  0.651329E-05
  0.655313E-05
  0.659297E-05
  0.663281E-05
  0.667265E-05
  0.671249E-05
  0.675232E-05
  0.679216E-05
  0.683200E-05
  0.687184E-05
  0.691168E-05
  0.695152E-05
  0.699136E-05
  0.703120E-05
  0.707104E-05
  0.711088E-05
  0.715072E-05
  0.719056E-05
  0.723039E-05
  0.727023E-05
  0.731007E-05
  0.734991E-05
  0.738975E-05
  0.742959E-05
  0.746943E-05
  0.750927E-05
  0.754911E-05
  0.758895E-05
  0.762879E-05
  0.766863E-05
  0.770847E-05
  0.774830E-05
  0.778814E-05
  0.782798E-05
  0.786782E-05
  0.790766E-05
  0.794750E-05
  0.798734E-05
  0.802718E-05
  0.806702E-05
  0.810686E-05
  0.814670E-05
  0.818654E-05
  0.822637E-05
  0.826621E-05
  0.830605E-05
  0.834589E-05
  0.838573E-05
  0.842557E-05
  0.846541E-05
  0.850525E-05
  0.854509E-05
  0.858493E-05
  0.862477E-05
  0.866461E-05
  0.870444E-05
  0.874428E-05
  0.878412E-05
  0.882396E-05
  0.886380E-05
  0.890364E-05
  0.894348E-05
  0.898332E-05
  0.902316E-05
  0.906300E-05
  0.910284E-05
  0.914268E-05
  0.918252E-05
  0.922235E-05
  0.926219E-05
  0.930203E-05
  0.934187E-05
  0.938171E-05
  0.942155E-05
  0.946139E-05
  0.950123E-05
  0.954107E-05
  0.958091E-05
  0.962075E-05
  0.966059E-05
  0.970042E-05
  0.974026E-05
  0.978010E-05
  0.981994E-05
  0.985978E-05
  0.989962E-05
  0.993946E-05
  0.997930E-05
  0.100191E-04
  0.100590E-04
  0.100988E-04
  0.101387E-04
  0.101785E-04
  0.102183E-04
  0.102582E-04
  0.102980E-04
  0.103379E-04
  0.103777E-04
  0.104175E-04
  0.104574E-04
  0.104972E-04
  0.105370E-04
  0.105769E-04
  0.106167E-04
  0.106566E-04
  0.106964E-04
  0.107362E-04
  0.107761E-04
  0.108159E-04
  0.108558E-04
  0.108817E-04
  0.108607E-04
  0.108257E-04
  0.107908E-04
  0.107558E-04
  0.107209E-04
  0.106859E-04
  0.106510E-04
  0.106160E-04
  0.105811E-04
  0.105461E-04
  0.105112E-04
  0.104762E-04
  0.104413E-04
  0.104063E-04
  0.103714E-04
  0.103364E-04
  0.103015E-04
  0.102665E-04
  0.102316E-04
  0.101966E-04
  0.101617E-04
  0.101267E-04
  0.100918E-04
  0.100569E-04
  0.100219E-04
  0.998696E-05
  0.995201E-05
  0.991706E-05
  0.988211E-05
  0.984716E-05
  0.981222E-05
  0.977727E-05
  0.974232E-05
  0.970737E-05
  0.967243E-05
  0.963748E-05
  0.960253E-05
  0.956758E-05
  0.953263E-05
  0.949769E-05
  0.946274E-05
  0.942779E-05
  0.939284E-05
  0.935789E-05
  0.932295E-05
  0.928800E-05
  0.925305E-05
  0.921810E-05
  0.918316E-05
  0.914821E-05
  0.911326E-05
  0.907831E-05
  0.904336E-05
  0.900842E-05
  0.897347E-05
  0.893852E-05
  0.890357E-05
  0.886862E-05
  0.883368E-05
  0.879873E-05
  0.876378E-05
  0.872883E-05
  0.869389E-05
  0.865894E-05
  0.862399E-05
  0.858904E-05
  0.855409E-05
  0.851915E-05
  0.848420E-05
  0.844925E-05
  0.841430E-05
  0.837935E-05
  0.834441E-05
  0.830946E-05
  0.827451E-05
  0.823956E-05
  0.820462E-05
  0.816967E-05
  0.813472E-05
  0.809977E-05
  0.806482E-05
  0.802988E-05
  0.799493E-05
  0.795998E-05
  0.792503E-05
  0.789008E-05
  0.785514E-05
  0.782019E-05
  0.778524E-05
  0.775029E-05
  0.771535E-05
  0.768040E-05
  0.764545E-05
  0.761050E-05
  0.757555E-05
  0.754061E-05
  0.750566E-05
  0.747071E-05
  0.743576E-05
  0.740081E-05
  0.736587E-05
  0.733092E-05
  0.729597E-05
  0.726102E-05
  0.722608E-05
  0.719113E-05
  0.715618E-05
  0.712123E-05
  0.708628E-05
  0.705134E-05
  0.701639E-05
  0.698144E-05
  0.694649E-05
  0.691154E-05
  0.687660E-05
  0.684165E-05
  0.680670E-05
  0.677175E-05
  0.673681E-05
  0.670186E-05
  0.666691E-05
  0.663196E-05
  0.659701E-05
  0.656207E-05
  0.652712E-05
  0.649217E-05
  0.645722E-05
  0.642227E-05
  0.638733E-05
  0.635238E-05
  0.631743E-05
  0.628248E-05
  0.624754E-05
  0.621259E-05
  0.617695E-05
  0.613895E-05
  0.610026E-05
  0.606158E-05
  0.602289E-05
  0.598420E-05
  0.594551E-05
  0.590683E-05
  0.586814E-05
  0.582945E-05
  0.579076E-05
  0.575208E-05
  0.571339E-05
  0.567470E-05
  0.563601E-05
  0.559733E-05
  0.555864E-05
  0.551995E-05
  0.548126E-05
  0.544257E-05
  0.540389E-05
  0.536520E-05
  0.532651E-05
  0.528782E-05
  0.524914E-05
  0.521045E-05
  0.517176E-05
  0.513307E-05
  0.509439E-05
  0.505570E-05
  0.501701E-05
  0.497832E-05
  0.493964E-05
  0.490095E-05
  0.486226E-05
  0.482357E-05
  0.478488E-05
  0.474620E-05
  0.470751E-05
  0.466882E-05
  0.463013E-05
  0.459145E-05
  0.455276E-05
  0.451407E-05
  0.447538E-05
  0.443670E-05
  0.439801E-05
  0.435932E-05
  0.432063E-05
  0.428195E-05
  0.424326E-05
  0.420457E-05
  0.416588E-05
  0.412719E-05
  0.408851E-05
  0.404982E-05
  0.401113E-05
  0.397244E-05
  0.393376E-05
  0.389507E-05
  0.385638E-05
  0.381769E-05
  0.377901E-05
  0.374032E-05
  0.370163E-05
  0.366294E-05
  0.362426E-05
  0.358557E-05
  0.354688E-05
  0.350819E-05
  0.346950E-05
  0.343082E-05
  0.339213E-05
  0.335344E-05
  0.331475E-05
  0.327607E-05
  0.323738E-05
  0.319869E-05
  0.316000E-05
  0.312132E-05
  0.308263E-05
  0.304394E-05
  0.300525E-05
  0.296657E-05
  0.292788E-05
  0.288919E-05
  0.285050E-05
  0.281181E-05
  0.277313E-05
  0.273444E-05
  0.269575E-05
  0.265706E-05
  0.261838E-05
  0.257969E-05
  0.254100E-05
  0.250231E-05
  0.246363E-05
  0.242494E-05
  0.238625E-05
  0.234756E-05
  0.230888E-05
  0.227019E-05
  0.223150E-05
  0.219281E-05
  0.215412E-05
  0.211544E-05
  0.207675E-05
  0.203806E-05
  0.199937E-05
  0.196069E-05
  0.192200E-05
  0.188331E-05
  0.184462E-05
  0.180594E-05
  0.176725E-05
  0.172856E-05
  0.168987E-05
  0.165119E-05
  0.161250E-05
  0.157381E-05
  0.153512E-05
  0.149644E-05
  0.145775E-05
  0.141906E-05
  0.138037E-05
  0.134168E-05
  0.130300E-05
  0.126431E-05
  0.122562E-05
  0.118693E-05
  0.114825E-05
  0.110956E-05
  0.107087E-05
  0.103218E-05
  0.993496E-06
  0.960619E-06
  0.947735E-06
  0.940663E-06
  0.933590E-06
  0.926517E-06
  0.919445E-06
  0.912372E-06
  0.905299E-06
  0.898227E-06
  0.891154E-06
  0.884081E-06
  0.877009E-06
  0.869936E-06
  0.862864E-06
  0.855791E-06
  0.848718E-06
  0.841646E-06
  0.834573E-06
  0.827500E-06
  0.820428E-06
  0.813355E-06
  0.806282E-06
  0.799210E-06
  0.792137E-06
  0.785064E-06
  0.777992E-06
  0.770919E-06
  0.763846E-06
  0.756774E-06
  0.749701E-06
  0.742628E-06
  0.735556E-06
  0.728483E-06
  0.721410E-06
  0.714338E-06
  0.707265E-06
  0.700193E-06
  0.693120E-06
  0.686047E-06
  0.678975E-06
  0.671902E-06
  0.664829E-06
  0.657757E-06
  0.650684E-06
  0.643611E-06
  0.636539E-06
  0.629466E-06
  0.622393E-06
  0.615321E-06
  0.608248E-06
  0.601175E-06
  0.594103E-06
  0.587030E-06
  0.579957E-06
  0.572885E-06
  0.565812E-06
  0.558739E-06
  0.551667E-06
  0.544594E-06
  0.537522E-06
  0.530449E-06
  0.523376E-06
  0.516304E-06
  0.509231E-06
  0.502158E-06
  0.495086E-06
  0.488013E-06
  0.480940E-06
  0.473868E-06
  0.466795E-06
  0.459722E-06
  0.452650E-06
  0.445577E-06
  0.438504E-06
  0.431432E-06
  0.424359E-06
  0.417286E-06
  0.410214E-06
  0.403141E-06
  0.396069E-06
  0.388996E-06
  0.381923E-06
  0.374851E-06
  0.367778E-06
  0.360705E-06
  0.353633E-06
  0.346560E-06
  0.339487E-06
  0.332415E-06
  0.325342E-06
  0.318269E-06
  0.311197E-06
  0.304124E-06
  0.297051E-06
  0.289979E-06
  0.282906E-06
  0.275833E-06
  0.268761E-06
  0.261688E-06
  0.254615E-06
  0.247543E-06
  0.240470E-06
  0.233398E-06
  0.226325E-06
  0.219252E-06
  0.212180E-06
  0.205107E-06
  0.198034E-06
  0.190962E-06
  0.183889E-06
  0.176816E-06
  0.169744E-06
  0.162671E-06
  0.155598E-06
  0.148526E-06
  0.141453E-06
  0.134380E-06
  0.127308E-06
  0.120235E-06
  0.113162E-06
  0.106090E-06
  0.990171E-07
  0.919445E-07
  0.848718E-07
  0.777992E-07
  0.707265E-07
  0.636539E-07
  0.565812E-07
  0.495086E-07
  0.424359E-07
  0.353633E-07
  0.282906E-07
  0.212180E-07
  0.141453E-07
  0.707265E-08
  0.129210E-08
  0.000000E+00
  0.000000E+00
  0.000000E+00
  0.000000E+00
  0.000000E+00
  0.000000E+00
  0.000000E+00
  0.000000E+00
  0.000000E+00
  0.000000E+00
  0.000000E+00
  0.000000E+00
  0.000000E+00
  0.000000E+00
  0.000000E+00
  0.000000E+00
  0.000000E+00
  0.000000E+00
  0.000000E+00
  0.000000E+00
  0.000000E+00
  0.000000E+00
  0.000000E+00
  0.000000E+00
  0.000000E+00
  0.000000E+00
  0.000000E+00
  0.000000E+00
  0.000000E+00
  0.000000E+00
  0.000000E+00
  0.000000E+00
  0.000000E+00
  0.000000E+00
  0.000000E+00
  0.000000E+00
  0.000000E+00
  0.000000E+00
  0.000000E+00
  0.000000E+00
  0.000000E+00
  0.000000E+00
  0.000000E+00
  0.000000E+00
  0.000000E+00
  0.000000E+00
  0.000000E+00
  0.000000E+00
  0.000000E+00
  0.000000E+00
  0.000000E+00
  0.000000E+00
  0.000000E+00
  0.000000E+00
  0.000000E+00
  0.000000E+00
  0.000000E+00
  0.000000E+00
  0.000000E+00
  0.000000E+00
  0.000000E+00
  0.000000E+00
  0.000000E+00
  0.000000E+00
  0.000000E+00
  0.000000E+00
  0.000000E+00
  0.000000E+00
  0.000000E+00
  0.000000E+00
  0.000000E+00
  0.000000E+00
  0.000000E+00
  0.000000E+00
  0.000000E+00
  0.000000E+00
  0.000000E+00
  0.000000E+00
  0.000000E+00
  0.000000E+00
  0.000000E+00
  0.000000E+00
  0.000000E+00
  0.000000E+00
  0.000000E+00
  0.000000E+00
  0.000000E+00
  0.000000E+00
  0.000000E+00
  0.000000E+00
  0.000000E+00
  0.000000E+00
  0.000000E+00
  0.000000E+00
  0.000000E+00
  0.000000E+00
  0.000000E+00
  0.000000E+00
  0.000000E+00
  0.000000E+00
  0.000000E+00
  0.000000E+00
  0.000000E+00
  0.000000E+00
  0.000000E+00
  0.000000E+00
  0.000000E+00
  0.000000E+00
  0.000000E+00
  0.000000E+00
  0.000000E+00
  0.000000E+00
  0.000000E+00
  0.000000E+00
  0.000000E+00
  0.000000E+00
  0.000000E+00
  0.000000E+00
  0.000000E+00
  0.000000E+00
  0.000000E+00
  0.000000E+00
  0.000000E+00
  0.000000E+00
  0.000000E+00
  0.000000E+00
  0.000000E+00
  0.000000E+00
  0.000000E+00
  0.000000E+00
  0.000000E+00
  0.000000E+00
  0.000000E+00
  0.000000E+00
  0.000000E+00
  0.000000E+00
  0.000000E+00
  0.000000E+00
  0.000000E+00
  0.000000E+00
  0.000000E+00
  0.000000E+00
  0.000000E+00
  0.000000E+00
  0.000000E+00
  0.000000E+00
  0.000000E+00
  0.000000E+00
  0.000000E+00
  0.000000E+00
  0.000000E+00
  0.000000E+00
  0.000000E+00
  0.000000E+00
  0.000000E+00
  0.000000E+00
  0.000000E+00
  0.000000E+00
  0.000000E+00
  0.000000E+00
  0.000000E+00
  0.000000E+00
  0.000000E+00
  0.000000E+00
  0.000000E+00
  0.000000E+00
  0.000000E+00
  0.000000E+00
  0.000000E+00
  0.000000E+00
  0.000000E+00
  0.000000E+00
  0.000000E+00
  0.000000E+00
  0.000000E+00
  0.000000E+00
  0.000000E+00
  0.000000E+00
  0.000000E+00
  0.000000E+00
  0.000000E+00
  0.000000E+00
  0.000000E+00
  0.000000E+00
  0.000000E+00
  0.000000E+00
  0.000000E+00
  0.000000E+00
  0.000000E+00
  0.000000E+00
  0.000000E+00
  0.000000E+00
  0.000000E+00
  0.000000E+00
  0.000000E+00
  0.000000E+00
  0.000000E+00
  0.000000E+00
  0.000000E+00
  0.000000E+00
  0.000000E+00
  0.000000E+00
  0.000000E+00
  0.000000E+00
  0.000000E+00
  0.000000E+00
  0.000000E+00
  0.000000E+00
  0.000000E+00
  0.000000E+00
  0.000000E+00
  0.000000E+00
  0.000000E+00
  0.000000E+00
  0.000000E+00
  0.000000E+00
  0.000000E+00
  0.000000E+00
  0.000000E+00
  0.000000E+00
  0.000000E+00
  0.000000E+00
  0.000000E+00
  0.000000E+00
  0.000000E+00
  0.000000E+00
  0.000000E+00
  0.000000E+00
  0.000000E+00
  0.000000E+00
  0.000000E+00
  0.000000E+00
  0.000000E+00
  0.000000E+00
  0.000000E+00
  0.000000E+00
  0.000000E+00
  0.000000E+00
  0.000000E+00
  0.000000E+00
  0.000000E+00
  0.000000E+00
  0.000000E+00
  0.000000E+00
  0.000000E+00
  0.000000E+00
  0.000000E+00
  0.000000E+00
  0.000000E+00
  0.000000E+00
  0.000000E+00
  0.000000E+00
  0.000000E+00
  0.000000E+00
  0.000000E+00
  0.000000E+00
  0.000000E+00
  0.000000E+00
  0.000000E+00
  0.000000E+00
  0.000000E+00
  0.000000E+00
  0.000000E+00
  0.000000E+00
  0.000000E+00
  0.000000E+00
  0.000000E+00
  0.000000E+00
  0.000000E+00
  0.000000E+00
  0.000000E+00
  0.000000E+00
  0.000000E+00
  0.000000E+00
  0.000000E+00
  0.000000E+00
  0.000000E+00
  0.000000E+00
  0.000000E+00
  0.000000E+00
  0.000000E+00
  0.000000E+00
  0.000000E+00
  0.000000E+00
  0.000000E+00
  0.000000E+00
  0.000000E+00
  0.000000E+00
  0.000000E+00
  0.000000E+00
  0.000000E+00
  0.000000E+00
  0.000000E+00
  0.000000E+00
  0.000000E+00
  0.000000E+00
  0.000000E+00
  0.000000E+00
  0.000000E+00
  0.000000E+00
  0.000000E+00
  0.000000E+00
  0.000000E+00
  0.000000E+00
  0.000000E+00
  0.000000E+00
  0.000000E+00
  0.000000E+00
  0.000000E+00
  0.000000E+00
  0.000000E+00
  0.000000E+00
  0.000000E+00
  0.000000E+00
  0.000000E+00
  0.000000E+00
  0.000000E+00
  0.000000E+00
  0.000000E+00
  0.000000E+00
  0.000000E+00
  0.000000E+00
  0.000000E+00
  0.000000E+00
  0.000000E+00
  0.000000E+00
  0.000000E+00
  0.000000E+00
  0.000000E+00
  0.000000E+00
  0.000000E+00
  0.000000E+00
  0.000000E+00
  0.000000E+00
  0.000000E+00
  0.000000E+00
  0.000000E+00
  0.000000E+00
  0.000000E+00
  0.000000E+00
  0.000000E+00
  0.000000E+00
  0.000000E+00
  0.000000E+00
  0.000000E+00
  0.000000E+00
  0.000000E+00
  0.000000E+00
  0.000000E+00
  0.000000E+00
  0.000000E+00
  0.000000E+00
  0.000000E+00
  0.000000E+00
  0.000000E+00
  0.000000E+00
  0.000000E+00
  0.000000E+00
  0.000000E+00
  0.000000E+00
  0.000000E+00
  0.000000E+00
  0.000000E+00
  0.000000E+00
  0.000000E+00
  0.000000E+00
  0.000000E+00
  0.000000E+00
  0.000000E+00
  0.000000E+00
  0.000000E+00
  0.000000E+00
  0.000000E+00
  0.000000E+00
  0.000000E+00
  0.000000E+00
  0.000000E+00
  0.000000E+00
  0.000000E+00
  0.000000E+00
  0.000000E+00
  0.000000E+00
  0.000000E+00
  0.000000E+00
  0.000000E+00
  0.000000E+00
  0.000000E+00
  0.000000E+00
  0.000000E+00
  0.000000E+00
  0.000000E+00
  0.000000E+00
  0.000000E+00
  0.000000E+00
  0.000000E+00
  0.000000E+00
  0.000000E+00
  0.000000E+00
  0.000000E+00
  0.000000E+00
  0.000000E+00
  0.000000E+00
  0.000000E+00
  0.000000E+00
  0.000000E+00
  0.000000E+00
  0.000000E+00
  0.000000E+00
  0.000000E+00
  0.000000E+00
  0.000000E+00
  0.000000E+00
  0.000000E+00
  0.000000E+00
  0.000000E+00
  0.000000E+00
  0.000000E+00
  0.000000E+00
  0.000000E+00
  0.000000E+00
  0.000000E+00
  0.000000E+00
  0.000000E+00
  0.000000E+00
  0.000000E+00
  0.000000E+00
  0.000000E+00
  0.000000E+00
  0.000000E+00
  0.000000E+00
  0.000000E+00
  0.000000E+00
  0.000000E+00
  0.000000E+00
  0.000000E+00
  0.000000E+00
  0.000000E+00
  0.000000E+00
  0.000000E+00
  0.000000E+00
  0.000000E+00
  0.000000E+00
  0.000000E+00
  0.000000E+00
  0.000000E+00
  0.000000E+00
  0.000000E+00
  0.000000E+00
  0.000000E+00
  0.000000E+00
  0.000000E+00
  0.000000E+00
  0.000000E+00
  0.000000E+00
  0.000000E+00
  0.000000E+00
  0.000000E+00
  0.000000E+00
  0.000000E+00
  0.000000E+00
  0.000000E+00
  0.000000E+00
  0.000000E+00
  0.000000E+00
  0.000000E+00
  0.000000E+00
  0.000000E+00
  0.000000E+00
  0.000000E+00
  0.000000E+00
  0.000000E+00
  0.000000E+00
  0.000000E+00
  0.000000E+00
  0.000000E+00
  0.000000E+00
  0.000000E+00
  0.000000E+00
  0.000000E+00
  0.000000E+00
  0.000000E+00
  0.000000E+00
  0.000000E+00
  0.000000E+00
  0.000000E+00
  0.000000E+00
  0.000000E+00
  0.000000E+00
  0.000000E+00
  0.000000E+00
  0.000000E+00
  0.000000E+00
  0.000000E+00
  0.000000E+00
  0.000000E+00
  0.000000E+00
  0.000000E+00
  0.000000E+00
  0.000000E+00
  0.000000E+00
  0.000000E+00
  0.000000E+00
  0.000000E+00
  0.000000E+00
  0.000000E+00
  0.000000E+00
  0.000000E+00
  0.000000E+00
  0.000000E+00
  0.000000E+00
  0.000000E+00
  0.000000E+00
  0.000000E+00
  0.000000E+00
  0.000000E+00
  0.000000E+00
  0.000000E+00
  0.000000E+00
  0.000000E+00
  0.000000E+00
  0.000000E+00
  0.000000E+00
  0.000000E+00
  0.000000E+00
  0.000000E+00
  0.000000E+00
  0.000000E+00
  0.000000E+00
  0.000000E+00
  0.000000E+00
  0.000000E+00
  0.000000E+00
  0.000000E+00
  0.000000E+00
  0.000000E+00
  0.000000E+00
  0.000000E+00
  0.000000E+00
  0.000000E+00
  0.757021E-09
  0.428445E-08
  0.856890E-08
  0.128534E-07
  0.171378E-07
  0.214223E-07
  0.257067E-07
  0.299912E-07
  0.342756E-07
  0.385601E-07
  0.428445E-07
  0.471290E-07
  0.514134E-07
  0.556979E-07
  0.599823E-07
  0.642668E-07
  0.685512E-07
  0.728357E-07
  0.771201E-07
  0.814046E-07
  0.856890E-07
  0.899735E-07
  0.942579E-07
  0.985424E-07
  0.102827E-06
  0.107111E-06
  0.111396E-06
  0.115680E-06
  0.119965E-06
  0.124249E-06
  0.128534E-06
  0.132818E-06
  0.137102E-06
  0.141387E-06
  0.145671E-06
  0.149956E-06
  0.154240E-06
  0.158525E-06
  0.162809E-06
  0.167094E-06
  0.171378E-06
  0.175663E-06
  0.179947E-06
  0.184231E-06
  0.188516E-06
  0.192800E-06
  0.197085E-06
  0.201369E-06
  0.205654E-06
  0.209938E-06
  0.214223E-06
  0.218507E-06
  0.222791E-06
  0.227076E-06
  0.231360E-06
  0.235645E-06
  0.239929E-06
  0.244214E-06
  0.248498E-06
  0.252783E-06
  0.257067E-06
  0.261352E-06
  0.265636E-06
  0.269920E-06
  0.274205E-06
  0.278489E-06
  0.282774E-06
  0.287058E-06
  0.291343E-06
  0.295627E-06
  0.299912E-06
  0.304196E-06
  0.308481E-06
  0.312765E-06
  0.317049E-06
  0.321334E-06
  0.325618E-06
  0.329903E-06
  0.334187E-06
  0.338472E-06
  0.342756E-06
  0.347041E-06
  0.351325E-06
  0.355610E-06
  0.359894E-06
  0.364178E-06
  0.368463E-06
  0.372747E-06
  0.377032E-06
  0.381316E-06
  0.385601E-06
  0.389885E-06
  0.394170E-06
  0.398454E-06
  0.402738E-06
  0.407023E-06
  0.411307E-06
  0.415592E-06
  0.419876E-06
  0.424161E-06
  0.428445E-06
  0.432730E-06
  0.437014E-06
  0.441299E-06
  0.445583E-06
  0.449867E-06
  0.454152E-06
  0.458436E-06
  0.462721E-06
  0.467005E-06
  0.471290E-06
  0.475574E-06
  0.479859E-06
  0.484143E-06
  0.488428E-06
  0.492712E-06
  0.496996E-06
  0.501281E-06
  0.505565E-06
  0.509850E-06
  0.514134E-06
  0.518419E-06
  0.522703E-06
  0.526988E-06
  0.531272E-06
  0.535556E-06
  0.539841E-06
  0.544125E-06
  0.548410E-06
  0.552694E-06
  0.556979E-06
  0.561263E-06
  0.565548E-06
  0.569832E-06
  0.574117E-06
  0.577549E-06
  0.577812E-06
  0.577224E-06
  0.576635E-06
  0.576046E-06
  0.575457E-06
  0.574869E-06
  0.574280E-06
  0.573691E-06
  0.573102E-06
  0.572514E-06
  0.571925E-06
  0.571336E-06
  0.570748E-06
  0.570159E-06
  0.569570E-06
  0.568981E-06
  0.568393E-06
  0.567804E-06
  0.567215E-06
  0.566626E-06
  0.566038E-06
  0.565449E-06
  0.564860E-06
  0.564272E-06
  0.563683E-06
  0.563094E-06
  0.562505E-06
  0.561917E-06
  0.561328E-06
  0.560739E-06
  0.560150E-06
  0.559562E-06
  0.558973E-06
  0.558384E-06
  0.557796E-06
  0.557207E-06
  0.556618E-06
  0.556029E-06
  0.555441E-06
  0.554852E-06
  0.554263E-06
  0.553675E-06
  0.553086E-06
  0.552497E-06
  0.551908E-06
  0.551320E-06
  0.550731E-06
  0.550142E-06
  0.549553E-06
  0.548965E-06
  0.548376E-06
  0.547787E-06
  0.547199E-06
  0.546610E-06
  0.546021E-06
  0.545432E-06
  0.544844E-06
  0.544255E-06
  0.543666E-06
  0.543077E-06
  0.542489E-06
  0.541900E-06
  0.541311E-06
  0.540723E-06
  0.540134E-06
  0.539545E-06
  0.538956E-06
  0.538368E-06
  0.537779E-06
  0.537190E-06
  0.536601E-06
  0.536013E-06
  0.535424E-06
  0.534835E-06
  0.534247E-06
  0.533658E-06
  0.533069E-06
  0.532480E-06
  0.531892E-06
  0.531303E-06
  0.530714E-06
  0.530125E-06
  0.529537E-06
  0.528948E-06
  0.528359E-06
  0.527771E-06
  0.527182E-06
  0.526593E-06
  0.526004E-06
  0.525416E-06
  0.524827E-06
  0.524238E-06
  0.523649E-06
  0.523061E-06
  0.522472E-06
  0.521883E-06
  0.521295E-06
  0.520706E-06
  0.520117E-06
  0.519528E-06
  0.518940E-06
  0.518351E-06
  0.517762E-06
  0.517174E-06
  0.516585E-06
  0.515996E-06
  0.515407E-06
  0.514819E-06
  0.514230E-06
  0.513641E-06
  0.513052E-06
  0.512464E-06
  0.511875E-06
  0.511286E-06
  0.510698E-06
  0.510109E-06
  0.509520E-06
  0.508931E-06
  0.508343E-06
  0.507754E-06
  0.507165E-06
  0.506576E-06
  0.505988E-06
  0.505399E-06
  0.504810E-06
  0.504222E-06
  0.503633E-06
  0.503044E-06
  0.502455E-06
  0.501867E-06
  0.501278E-06
  0.500689E-06
  0.500100E-06
  0.499512E-06
  0.498592E-06
  0.496417E-06
  0.493910E-06
  0.491404E-06
  0.488897E-06
  0.486391E-06
  0.483884E-06
  0.481378E-06
  0.478871E-06
  0.476365E-06
  0.473859E-06
  0.471352E-06
  0.468846E-06
  0.466339E-06
  0.463833E-06
  0.461326E-06
  0.458820E-06
  0.456313E-06
  0.453807E-06
  0.451301E-06
  0.448794E-06
  0.446288E-06
  0.443781E-06
  0.441275E-06
  0.438768E-06
  0.436262E-06
  0.433755E-06
  0.431249E-06
  0.428743E-06
  0.426236E-06
  0.423730E-06
  0.421223E-06
  0.418717E-06
  0.416210E-06
  0.413704E-06
  0.411197E-06
  0.408691E-06
  0.406185E-06
  0.403678E-06
  0.401172E-06
  0.398665E-06
  0.396159E-06
  0.393652E-06
  0.391146E-06
  0.388639E-06
  0.386133E-06
  0.383627E-06
  0.381120E-06
  0.378614E-06
  0.376107E-06
  0.373601E-06
  0.371094E-06
  0.368588E-06
  0.366081E-06
  0.363575E-06
  0.361069E-06
  0.358562E-06
  0.356056E-06
  0.353549E-06
  0.351043E-06
  0.348536E-06
  0.346030E-06
  0.343523E-06
  0.341017E-06
  0.338511E-06
  0.336004E-06
  0.333498E-06
  0.330991E-06
  0.328485E-06
  0.325978E-06
  0.323472E-06
  0.320965E-06
  0.318459E-06
  0.315953E-06
  0.313446E-06
  0.310940E-06
  0.308433E-06
  0.305927E-06
  0.303420E-06
  0.300914E-06
  0.298407E-06
  0.295901E-06
  0.293395E-06
  0.290888E-06
  0.288382E-06
  0.285875E-06
  0.283369E-06
  0.280862E-06
  0.278356E-06
  0.275849E-06
  0.273343E-06
  0.270837E-06
  0.268330E-06
  0.265824E-06
  0.263317E-06
  0.260811E-06
  0.258304E-06
  0.255798E-06
  0.253291E-06
  0.250785E-06
  0.248279E-06
  0.245772E-06
  0.243266E-06
  0.240759E-06
  0.238253E-06
  0.235746E-06
  0.233240E-06
  0.230733E-06
  0.228227E-06
  0.225721E-06
  0.223214E-06
  0.220708E-06
  0.218201E-06
  0.215695E-06
  0.213188E-06
  0.210682E-06
  0.208175E-06
  0.205669E-06
  0.203163E-06
  0.200656E-06
  0.198150E-06
  0.195643E-06
  0.193137E-06
  0.190630E-06
  0.188124E-06
  0.185617E-06
  0.183111E-06
  0.180605E-06
  0.178098E-06
  0.175592E-06
  0.173085E-06
  0.170579E-06
  0.168072E-06
  0.165566E-06
  0.163059E-06
  0.160778E-06
  0.159364E-06
  0.158174E-06
  0.156985E-06
  0.155796E-06
  0.154607E-06
  0.153417E-06
  0.152228E-06
  0.151039E-06
  0.149849E-06
  0.148660E-06
  0.147471E-06
  0.146282E-06
  0.145092E-06
  0.143903E-06
  0.142714E-06
  0.141524E-06
  0.140335E-06
  0.139146E-06
  0.137957E-06
  0.136767E-06
  0.135578E-06
  0.134389E-06
  0.133200E-06
  0.132010E-06
  0.130821E-06
  0.129632E-06
  0.128442E-06
  0.127253E-06
  0.126064E-06
  0.124875E-06
  0.123685E-06
  0.122496E-06
  0.121307E-06
  0.120117E-06
  0.118928E-06
  0.117739E-06
  0.116550E-06
  0.115360E-06
  0.114171E-06
  0.112982E-06
  0.111792E-06
  0.110603E-06
  0.109414E-06
  0.108225E-06
  0.107035E-06
  0.105846E-06
  0.104657E-06
  0.103467E-06
  0.102278E-06
  0.101089E-06
  0.998996E-07
  0.987104E-07
  0.975211E-07
  0.963318E-07
  0.951425E-07
  0.939532E-07
  0.927640E-07
  0.915747E-07
  0.903854E-07
  0.891961E-07
  0.880068E-07
  0.868175E-07
  0.856283E-07
  0.844390E-07
  0.832497E-07
  0.820604E-07
  0.808711E-07
  0.796819E-07
  0.784926E-07
  0.773033E-07
  0.761140E-07
  0.749247E-07
  0.737355E-07
  0.725462E-07
  0.713569E-07
  0.701676E-07
  0.689783E-07
  0.677890E-07
  0.665998E-07
  0.654105E-07
  0.642212E-07
  0.630319E-07
  0.618426E-07
  0.606534E-07
  0.594641E-07
  0.582748E-07
  0.570855E-07
  0.558962E-07
  0.547069E-07
  0.535177E-07
  0.523284E-07
  0.511391E-07
  0.499498E-07
  0.487605E-07
  0.475713E-07
  0.463820E-07
  0.451927E-07
  0.440034E-07
  0.428141E-07
  0.416249E-07
  0.404356E-07
  0.392463E-07
  0.380570E-07
  0.368677E-07
  0.356784E-07
  0.344892E-07
  0.332999E-07
  0.321106E-07
  0.309213E-07
  0.297320E-07
  0.285428E-07
  0.273535E-07
  0.261642E-07
  0.249749E-07
  0.237856E-07
  0.225963E-07
  0.214071E-07
  0.202178E-07
  0.190285E-07
  0.178392E-07
  0.166499E-07
  0.154607E-07
  0.142714E-07
  0.130821E-07
  0.118928E-07
  0.107035E-07
  0.951425E-08
  0.832497E-08
  0.713569E-08
  0.594641E-08
  0.475713E-08
  0.356784E-08
  0.237856E-08
  0.118928E-08
  0.200145E-09
  0.000000E+00
  0.000000E+00
  0.000000E+00
  0.000000E+00
  0.000000E+00
  0.000000E+00
  0.000000E+00
  0.000000E+00
  0.000000E+00
  0.000000E+00
  0.000000E+00
  0.000000E+00
  0.000000E+00
  0.000000E+00
  0.000000E+00
  0.000000E+00
  0.000000E+00
  0.000000E+00
  0.000000E+00
  0.000000E+00
  0.000000E+00
  0.000000E+00
  0.000000E+00
  0.000000E+00
  0.000000E+00
  0.000000E+00
  0.000000E+00
  0.000000E+00
  0.000000E+00
  0.000000E+00
  0.000000E+00
  0.000000E+00
  0.000000E+00
  0.000000E+00
  0.000000E+00
  0.000000E+00
  0.000000E+00
  0.000000E+00
  0.000000E+00
  0.000000E+00
  0.000000E+00
  0.000000E+00
  0.000000E+00
  0.000000E+00
  0.000000E+00
  0.000000E+00
  0.000000E+00
  0.000000E+00
  0.000000E+00
  0.000000E+00
  0.000000E+00
  0.000000E+00
  0.000000E+00
  0.000000E+00
  0.000000E+00
  0.000000E+00
  0.000000E+00
  0.000000E+00
  0.000000E+00
  0.000000E+00
  0.000000E+00
  0.000000E+00
  0.000000E+00
  0.000000E+00
  0.000000E+00
  0.000000E+00
  0.000000E+00
  0.000000E+00
  0.000000E+00
  0.000000E+00
  0.000000E+00
  0.000000E+00
  0.000000E+00
  0.000000E+00
  0.000000E+00
  0.000000E+00
  0.000000E+00
  0.000000E+00
  0.000000E+00
  0.000000E+00
  0.000000E+00
  0.000000E+00
  0.000000E+00
  0.000000E+00
  0.000000E+00
  0.000000E+00
  0.000000E+00
  0.000000E+00
  0.000000E+00
  0.000000E+00
  0.000000E+00
  0.000000E+00
  0.000000E+00
  0.000000E+00
  0.000000E+00
  0.000000E+00
  0.000000E+00
  0.000000E+00
  0.000000E+00
  0.000000E+00
  0.000000E+00
  0.000000E+00
  0.000000E+00
  0.000000E+00
  0.000000E+00
  0.000000E+00
  0.000000E+00
  0.000000E+00
  0.000000E+00
  0.000000E+00
  0.000000E+00
  0.000000E+00
  0.000000E+00
  0.000000E+00
  0.000000E+00
  0.000000E+00
  0.000000E+00
  0.000000E+00
  0.000000E+00
  0.000000E+00
  0.000000E+00
  0.000000E+00
  0.000000E+00
  0.000000E+00
  0.000000E+00
  0.000000E+00
  0.000000E+00
  0.000000E+00
  0.000000E+00
  0.000000E+00
  0.000000E+00
  0.000000E+00
  0.000000E+00
  0.000000E+00
  0.000000E+00
  0.000000E+00
  0.000000E+00
  0.000000E+00
  0.000000E+00
  0.000000E+00
  0.000000E+00
  0.000000E+00
  0.000000E+00
  0.000000E+00
  0.000000E+00
  0.000000E+00
  0.000000E+00
  0.000000E+00
  0.000000E+00
  0.000000E+00
  0.000000E+00
  0.000000E+00
  0.000000E+00
  0.000000E+00
  0.000000E+00
  0.000000E+00
  0.000000E+00
  0.000000E+00
  0.000000E+00
  0.000000E+00
  0.000000E+00
  0.000000E+00
  0.000000E+00
  0.000000E+00
  0.000000E+00
  0.000000E+00
  0.000000E+00
  0.000000E+00
  0.000000E+00
  0.000000E+00
  0.000000E+00
  0.000000E+00
  0.000000E+00
  0.000000E+00
  0.000000E+00
  0.000000E+00
  0.000000E+00
  0.000000E+00
  0.000000E+00
  0.000000E+00
  0.000000E+00
  0.000000E+00
  0.000000E+00
  0.000000E+00
  0.000000E+00
  0.000000E+00
  0.000000E+00
  0.000000E+00
  0.000000E+00
  0.000000E+00
  0.000000E+00
  0.000000E+00
  0.000000E+00
  0.000000E+00
  0.000000E+00
  0.000000E+00
  0.000000E+00
  0.000000E+00
  0.000000E+00
  0.000000E+00
  0.000000E+00
  0.000000E+00
  0.000000E+00
  0.000000E+00
  0.000000E+00
  0.000000E+00
  0.000000E+00
  0.000000E+00
  0.000000E+00
  0.000000E+00
  0.000000E+00
  0.000000E+00
  0.000000E+00
  0.000000E+00
  0.000000E+00
  0.000000E+00
  0.000000E+00
  0.000000E+00
  0.000000E+00
  0.000000E+00
  0.000000E+00
  0.000000E+00
  0.000000E+00
  0.000000E+00
  0.000000E+00
  0.000000E+00
  0.000000E+00
  0.000000E+00
  0.000000E+00
  0.000000E+00
  0.000000E+00
  0.000000E+00
  0.000000E+00
  0.000000E+00
  0.000000E+00
  0.000000E+00
  0.000000E+00
  0.000000E+00
  0.000000E+00
  0.000000E+00
  0.000000E+00
  0.000000E+00
  0.000000E+00
  0.000000E+00
  0.000000E+00
  0.000000E+00
  0.000000E+00
  0.000000E+00
  0.000000E+00
  0.000000E+00
  0.000000E+00
  0.000000E+00
  0.000000E+00
  0.000000E+00
  0.000000E+00
  0.000000E+00
  0.000000E+00
  0.000000E+00
  0.000000E+00
  0.000000E+00
  0.000000E+00
  0.000000E+00
  0.000000E+00
  0.000000E+00
  0.000000E+00
  0.000000E+00
  0.000000E+00
  0.000000E+00
  0.000000E+00
  0.000000E+00
  0.000000E+00
  0.000000E+00
  0.000000E+00
  0.000000E+00
  0.000000E+00
  0.000000E+00
  0.000000E+00
  0.000000E+00
  0.000000E+00
  0.000000E+00
  0.000000E+00
  0.000000E+00
  0.000000E+00
  0.000000E+00
  0.000000E+00
  0.000000E+00
  0.000000E+00
  0.000000E+00
  0.000000E+00
  0.000000E+00
  0.000000E+00
  0.000000E+00
  0.000000E+00
  0.000000E+00
  0.000000E+00
  0.000000E+00
  0.000000E+00
  0.000000E+00
  0.000000E+00
  0.000000E+00
  0.000000E+00
  0.000000E+00
  0.000000E+00
  0.000000E+00
  0.000000E+00
  0.000000E+00
  0.000000E+00
  0.000000E+00
  0.000000E+00
  0.000000E+00
  0.000000E+00
  0.000000E+00
  0.000000E+00
  0.000000E+00
  0.000000E+00
  0.000000E+00
  0.000000E+00
  0.000000E+00
  0.000000E+00
  0.000000E+00
  0.000000E+00
  0.000000E+00
  0.000000E+00
  0.000000E+00
  0.000000E+00
  0.000000E+00
  0.000000E+00
  0.000000E+00
  0.000000E+00
  0.000000E+00
  0.000000E+00
  0.000000E+00
  0.000000E+00
  0.000000E+00
  0.000000E+00
  0.000000E+00
  0.000000E+00
  0.000000E+00
  0.000000E+00
  0.000000E+00
  0.000000E+00
  0.000000E+00
  0.000000E+00
  0.000000E+00
  0.000000E+00
  0.000000E+00
  0.000000E+00
  0.000000E+00
  0.000000E+00
  0.000000E+00
  0.000000E+00
  0.000000E+00
  0.000000E+00
  0.000000E+00
  0.000000E+00
  0.000000E+00
  0.000000E+00
  0.000000E+00
  0.000000E+00
  0.000000E+00
  0.000000E+00
  0.000000E+00
  0.000000E+00
  0.000000E+00
  0.000000E+00
  0.000000E+00
  0.000000E+00
  0.000000E+00
  0.000000E+00
  0.000000E+00
  0.000000E+00
  0.000000E+00
  0.000000E+00
  0.000000E+00
  0.000000E+00
  0.000000E+00
  0.000000E+00
  0.000000E+00
  0.000000E+00
  0.000000E+00
  0.000000E+00
  0.000000E+00
  0.000000E+00
  0.000000E+00
  0.000000E+00
  0.000000E+00
  0.000000E+00
  0.000000E+00
  0.000000E+00
  0.000000E+00
  0.000000E+00
  0.000000E+00
  0.000000E+00
  0.000000E+00
  0.000000E+00
  0.000000E+00
  0.000000E+00
  0.000000E+00
  0.000000E+00
  0.000000E+00
  0.000000E+00
  0.000000E+00
  0.000000E+00
  0.000000E+00
  0.000000E+00
  0.000000E+00
  0.000000E+00
  0.000000E+00
  0.000000E+00
  0.000000E+00
  0.000000E+00
  0.000000E+00
  0.000000E+00
  0.000000E+00
  0.000000E+00
  0.000000E+00
  0.000000E+00
  0.000000E+00
  0.000000E+00
  0.000000E+00
  0.000000E+00
  0.000000E+00
  0.000000E+00
  0.000000E+00
  0.000000E+00
  0.000000E+00
  0.000000E+00
  0.000000E+00
  0.000000E+00
  0.000000E+00
  0.000000E+00
  0.000000E+00
  0.000000E+00
  0.000000E+00
  0.000000E+00
  0.000000E+00
  0.000000E+00
  0.000000E+00
  0.000000E+00
  0.000000E+00
  0.000000E+00
  0.000000E+00
  0.000000E+00
  0.000000E+00
  0.000000E+00
  0.000000E+00
  0.000000E+00
  0.000000E+00
  0.000000E+00
  0.000000E+00
  0.000000E+00
  0.000000E+00
  0.000000E+00
  0.000000E+00
  0.000000E+00
  0.000000E+00
  0.000000E+00
  0.000000E+00
  0.000000E+00
  0.000000E+00
  0.000000E+00
  0.000000E+00
  0.000000E+00
  0.000000E+00
  0.000000E+00
  0.000000E+00
  0.000000E+00
  0.000000E+00
  0.000000E+00
  0.000000E+00
  0.000000E+00
  0.000000E+00
  0.000000E+00
  0.000000E+00
  0.000000E+00
  0.000000E+00
  0.000000E+00
  0.000000E+00
  0.000000E+00
  0.000000E+00
  0.000000E+00
  0.000000E+00
  0.000000E+00
  0.000000E+00
  0.000000E+00
  0.000000E+00
  0.000000E+00
  0.000000E+00
  0.000000E+00
  0.000000E+00
  0.000000E+00
  0.000000E+00
  0.000000E+00
  0.000000E+00
  0.000000E+00
  0.000000E+00
  0.000000E+00
  0.000000E+00
  0.000000E+00
  0.000000E+00
  0.000000E+00
  0.000000E+00
  0.000000E+00
  0.000000E+00
  0.000000E+00
  0.000000E+00
  0.000000E+00
  0.000000E+00
  0.000000E+00
  0.000000E+00
  0.000000E+00
  0.000000E+00
  0.000000E+00
  0.000000E+00
  0.000000E+00
  0.000000E+00
  0.000000E+00
  0.000000E+00
  0.000000E+00
  0.000000E+00
  0.000000E+00
  0.000000E+00
  0.000000E+00
  0.000000E+00
  0.000000E+00
  0.000000E+00
  0.000000E+00
  0.000000E+00
  0.000000E+00
  0.000000E+00
  0.000000E+00
  0.000000E+00
  0.000000E+00
  0.000000E+00
  0.000000E+00
  0.000000E+00
  0.000000E+00
  0.000000E+00
  0.000000E+00
  0.273217E-10
  0.173481E-09
  0.346961E-09
  0.520442E-09
  0.693923E-09
  0.867404E-09
  0.104088E-08
  0.121437E-08
  0.138785E-08
  0.156133E-08
  0.173481E-08
  0.190829E-08
  0.208177E-08
  0.225525E-08
  0.242873E-08
  0.260221E-08
  0.277569E-08
  0.294917E-08
  0.312265E-08
  0.329613E-08
  0.346961E-08
  0.364310E-08
  0.381658E-08
  0.399006E-08
  0.416354E-08
  0.433702E-08
  0.451050E-08
  0.468398E-08
  0.485746E-08
  0.503094E-08
  0.520442E-08
  0.537790E-08
  0.555138E-08
  0.572486E-08
  0.589835E-08
  0.607183E-08
  0.624531E-08
  0.641879E-08
  0.659227E-08
  0.676575E-08
  0.693923E-08
  0.711271E-08
  0.728619E-08
  0.745967E-08
  0.763315E-08
  0.780663E-08
  0.798011E-08
  0.815359E-08
  0.832708E-08
  0.850056E-08
  0.867404E-08
  0.884752E-08
  0.902100E-08
  0.919448E-08
  0.936796E-08
  0.954144E-08
  0.971492E-08
  0.988840E-08
  0.100619E-07
  0.102354E-07
  0.104088E-07
  0.105823E-07
  0.107558E-07
  0.109293E-07
  0.111028E-07
  0.112762E-07
  0.114497E-07
  0.116232E-07
  0.117967E-07
  0.119702E-07
  0.121437E-07
  0.123171E-07
  0.124906E-07
  0.126641E-07
  0.128376E-07
  0.130111E-07
  0.131845E-07
  0.133580E-07
  0.135315E-07
  0.137050E-07
  0.138785E-07
  0.140519E-07
  0.142254E-07
  0.143989E-07
  0.145724E-07
  0.147459E-07
  0.149193E-07
  0.150928E-07
  0.152663E-07
  0.154398E-07
  0.156133E-07
  0.157867E-07
  0.159602E-07
  0.161337E-07
  0.163072E-07
  0.164807E-07
  0.166542E-07
  0.168276E-07
  0.170011E-07
  0.171746E-07
  0.173481E-07
  0.175216E-07
  0.176950E-07
  0.178685E-07
  0.180420E-07
  0.182155E-07
  0.183890E-07
  0.185624E-07
  0.187359E-07
  0.189094E-07
  0.190829E-07
  0.192564E-07
  0.194298E-07
  0.196033E-07
  0.197768E-07
  0.199503E-07
  0.201238E-07
  0.202972E-07
  0.204707E-07
  0.206442E-07
  0.208177E-07
  0.209912E-07
  0.211647E-07
  0.213381E-07
  0.215116E-07
  0.216851E-07
  0.218586E-07
  0.220321E-07
  0.222055E-07
  0.223790E-07
  0.225525E-07
  0.227260E-07
  0.228995E-07
  0.230729E-07
  0.232464E-07
  0.234118E-07
  0.235409E-07
  0.236620E-07
  0.237830E-07
  0.239041E-07
  0.240251E-07
  0.241462E-07
  0.242672E-07
  0.243883E-07
  0.245093E-07
  0.246304E-07
  0.247514E-07
  0.248725E-07
  0.249935E-07
  0.251146E-07
  0.252356E-07
  0.253567E-07
  0.254777E-07
  0.255988E-07
  0.257198E-07
  0.258409E-07
  0.259619E-07
  0.260830E-07
  0.262040E-07
  0.263251E-07
  0.264461E-07
  0.265672E-07
  0.266882E-07
  0.268092E-07
  0.269303E-07
  0.270513E-07
  0.271724E-07
  0.272934E-07
  0.274145E-07
  0.275355E-07
  0.276566E-07
  0.277776E-07
  0.278987E-07
  0.280197E-07
  0.281408E-07
  0.282618E-07
  0.283829E-07
  0.285039E-07
  0.286250E-07
  0.287460E-07
  0.288671E-07
  0.289881E-07
  0.291092E-07
  0.292302E-07
  0.293513E-07
  0.294723E-07
  0.295934E-07
  0.297144E-07
  0.298355E-07
  0.299565E-07
  0.300775E-07
  0.301986E-07
  0.303196E-07
  0.304407E-07
  0.305617E-07
  0.306828E-07
  0.308038E-07
  0.309249E-07
  0.310459E-07
  0.311670E-07
  0.312880E-07
  0.314091E-07
  0.315301E-07
  0.316512E-07
  0.317722E-07
  0.318933E-07
  0.320143E-07
  0.321354E-07
  0.322564E-07
  0.323775E-07
  0.324985E-07
  0.326196E-07
  0.327406E-07
  0.328617E-07
  0.329827E-07
  0.331038E-07
  0.332248E-07
  0.333458E-07
  0.334669E-07
  0.335879E-07
  0.337090E-07
  0.338300E-07
  0.339511E-07
  0.340721E-07
  0.341932E-07
  0.343142E-07
  0.344353E-07
  0.345563E-07
  0.346774E-07
  0.347984E-07
  0.349195E-07
  0.350405E-07
  0.351616E-07
  0.352826E-07
  0.354037E-07
  0.355247E-07
  0.356458E-07
  0.357668E-07
  0.358879E-07
  0.360089E-07
  0.361300E-07
  0.362510E-07
  0.363721E-07
  0.364931E-07
  0.366141E-07
  0.367352E-07
  0.368562E-07
  0.369773E-07
  0.370983E-07
  0.372194E-07
  0.373404E-07
  0.374615E-07
  0.375825E-07
  0.377036E-07
  0.378246E-07
  0.379457E-07
  0.380667E-07
  0.381878E-07
  0.383088E-07
  0.384299E-07
  0.385509E-07
  0.386720E-07
  0.387930E-07
  0.389141E-07
  0.390351E-07
  0.391562E-07
  0.392772E-07
  0.393983E-07
  0.395193E-07
  0.396404E-07
  0.397199E-07
  0.396079E-07
  0.394544E-07
  0.393010E-07
  0.391475E-07
  0.389940E-07
  0.388405E-07
  0.386870E-07
  0.385335E-07
  0.383801E-07
  0.382266E-07
  0.380731E-07
  0.379196E-07
  0.377661E-07
  0.376126E-07
  0.374592E-07
  0.373057E-07
  0.371522E-07
  0.369987E-07
  0.368452E-07
  0.366917E-07
  0.365383E-07
  0.363848E-07
  0.362313E-07
  0.360778E-07
  0.359243E-07
  0.357708E-07
  0.356174E-07
  0.354639E-07
  0.353104E-07
  0.351569E-07
  0.350034E-07
  0.348499E-07
  0.346965E-07
  0.345430E-07
  0.343895E-07
  0.342360E-07
  0.340825E-07
  0.339290E-07
  0.337756E-07
  0.336221E-07
  0.334686E-07
  0.333151E-07
  0.331616E-07
  0.330081E-07
  0.328547E-07
  0.327012E-07
  0.325477E-07
  0.323942E-07
  0.322407E-07
  0.320873E-07
  0.319338E-07
  0.317803E-07
  0.316268E-07
  0.314733E-07
  0.313198E-07
  0.311664E-07
  0.310129E-07
  0.308594E-07
  0.307059E-07
  0.305524E-07
  0.303989E-07
  0.302455E-07
  0.300920E-07
  0.299385E-07
  0.297850E-07
  0.296315E-07
  0.294780E-07
  0.293246E-07
  0.291711E-07
  0.290176E-07
  0.288641E-07
  0.287106E-07
  0.285571E-07
  0.284037E-07
  0.282502E-07
  0.280967E-07
  0.279432E-07
  0.277897E-07
  0.276362E-07
  0.274828E-07
  0.273293E-07
  0.271758E-07
  0.270223E-07
  0.268688E-07
  0.267153E-07
  0.265619E-07
  0.264084E-07
  0.262549E-07
  0.261014E-07
  0.259479E-07
  0.257945E-07
  0.256410E-07
  0.254875E-07
  0.253340E-07
  0.251805E-07
  0.250270E-07
  0.248736E-07
  0.247201E-07
  0.245666E-07
  0.244131E-07
  0.242596E-07
  0.241061E-07
  0.239527E-07
  0.237992E-07
  0.236457E-07
  0.234922E-07
  0.233387E-07
  0.231852E-07
  0.230318E-07
  0.228783E-07
  0.227248E-07
  0.225713E-07
  0.224178E-07
  0.222643E-07
  0.221109E-07
  0.219574E-07
  0.218039E-07
  0.216504E-07
  0.214969E-07
  0.213434E-07
  0.211900E-07
  0.210365E-07
  0.208830E-07
  0.207295E-07
  0.205760E-07
  0.204225E-07
  0.202691E-07
  0.201156E-07
  0.199621E-07
  0.198086E-07
  0.196551E-07
  0.195016E-07
  0.193482E-07
  0.191947E-07
  0.190436E-07
  0.189039E-07
  0.187666E-07
  0.186293E-07
  0.184921E-07
  0.183548E-07
  0.182175E-07
  0.180802E-07
  0.179429E-07
  0.178056E-07
  0.176683E-07
  0.175310E-07
  0.173938E-07
  0.172565E-07
  0.171192E-07
  0.169819E-07
  0.168446E-07
  0.167073E-07
  0.165700E-07
  0.164328E-07
  0.162955E-07
  0.161582E-07
  0.160209E-07
  0.158836E-07
  0.157463E-07
  0.156090E-07
  0.154717E-07
  0.153345E-07
  0.151972E-07
  0.150599E-07
  0.149226E-07
  0.147853E-07
  0.146480E-07
  0.145107E-07
  0.143734E-07
  0.142362E-07
  0.140989E-07
  0.139616E-07
  0.138243E-07
  0.136870E-07
  0.135497E-07
  0.134124E-07
  0.132752E-07
  0.131379E-07
  0.130006E-07
  0.128633E-07
  0.127260E-07
  0.125887E-07
  0.124514E-07
  0.123141E-07
  0.121769E-07
  0.120396E-07
  0.119023E-07
  0.117650E-07
  0.116277E-07
  0.114904E-07
  0.113531E-07
  0.112159E-07
  0.110786E-07
  0.109413E-07
  0.108040E-07
  0.106667E-07
  0.105294E-07
  0.103921E-07
  0.102548E-07
  0.101176E-07
  0.998027E-08
  0.984299E-08
  0.970570E-08
  0.956841E-08
  0.943113E-08
  0.929384E-08
  0.915655E-08
  0.901927E-08
  0.888198E-08
  0.874469E-08
  0.860741E-08
  0.847012E-08
  0.833283E-08
  0.819555E-08
  0.805826E-08
  0.792097E-08
  0.778368E-08
  0.764640E-08
  0.750911E-08
  0.737182E-08
  0.723454E-08
  0.709725E-08
  0.695996E-08
  0.682268E-08
  0.668539E-08
  0.654810E-08
  0.641082E-08
  0.627353E-08
  0.613624E-08
  0.599896E-08
  0.586167E-08
  0.572438E-08
  0.558710E-08
  0.544981E-08
  0.531252E-08
  0.517524E-08
  0.503795E-08
  0.490066E-08
  0.476338E-08
  0.462609E-08
  0.448880E-08
  0.435152E-08
  0.421423E-08
  0.407694E-08
  0.393966E-08
  0.380237E-08
  0.366508E-08
  0.352779E-08
  0.339051E-08
  0.325322E-08
  0.311593E-08
  0.297865E-08
  0.284136E-08
  0.270407E-08
  0.256679E-08
  0.242950E-08
  0.229221E-08
  0.215493E-08
  0.201764E-08
  0.188035E-08
  0.174307E-08
  0.160578E-08
  0.146849E-08
  0.133121E-08
  0.119392E-08
  0.105663E-08
  0.919346E-09
  0.782060E-09
  0.644773E-09
  0.526753E-09
  0.503727E-09
  0.499968E-09
  0.496209E-09
  0.492449E-09
  0.488690E-09
  0.484931E-09
  0.481172E-09
  0.477413E-09
  0.473654E-09
  0.469894E-09
  0.466135E-09
  0.462376E-09
  0.458617E-09
  0.454858E-09
  0.451099E-09
  0.447340E-09
  0.443580E-09
  0.439821E-09
  0.436062E-09
  0.432303E-09
  0.428544E-09
  0.424785E-09
  0.421025E-09
  0.417266E-09
  0.413507E-09
  0.409748E-09
  0.405989E-09
  0.402230E-09
  0.398470E-09
  0.394711E-09
  0.390952E-09
  0.387193E-09
  0.383434E-09
  0.379675E-09
  0.375916E-09
  0.372156E-09
  0.368397E-09
  0.364638E-09
  0.360879E-09
  0.357120E-09
  0.353361E-09
  0.349601E-09
  0.345842E-09
  0.342083E-09
  0.338324E-09
  0.334565E-09
  0.330806E-09
  0.327047E-09
  0.323287E-09
  0.319528E-09
  0.315769E-09
  0.312010E-09
  0.308251E-09
  0.304492E-09
  0.300732E-09
  0.296973E-09
  0.293214E-09
  0.289455E-09
  0.285696E-09
  0.281937E-09
  0.278178E-09
  0.274418E-09
  0.270659E-09
  0.266900E-09
  0.263141E-09
  0.259382E-09
  0.255623E-09
  0.251863E-09
  0.248104E-09
  0.244345E-09
  0.240586E-09
  0.236827E-09
  0.233068E-09
  0.229308E-09
  0.225549E-09
  0.221790E-09
  0.218031E-09
  0.214272E-09
  0.210513E-09
  0.206754E-09
  0.202994E-09
  0.199235E-09
  0.195476E-09
  0.191717E-09
  0.187958E-09
  0.184199E-09
  0.180439E-09
  0.176680E-09
  0.172921E-09
  0.169162E-09
  0.165403E-09
  0.161644E-09
  0.157885E-09
  0.154125E-09
  0.150366E-09
  0.146607E-09
  0.142848E-09
  0.139089E-09
  0.135330E-09
  0.131570E-09
  0.127811E-09
  0.124052E-09
  0.120293E-09
  0.116534E-09
  0.112775E-09
  0.109016E-09
  0.105256E-09
  0.101497E-09
  0.977380E-10
  0.939789E-10
  0.902197E-10
  0.864606E-10
  0.827014E-10
  0.789423E-10
  0.751831E-10
  0.714240E-10
  0.676648E-10
  0.639056E-10
  0.601465E-10
  0.563873E-10
  0.526282E-10
  0.488690E-10
  0.451099E-10
  0.413507E-10
  0.375916E-10
  0.338324E-10
  0.300732E-10
  0.263141E-10
  0.225549E-10
  0.187958E-10
  0.150366E-10
  0.112775E-10
  0.751831E-11
  0.375916E-11
  0.528602E-12
  0.000000E+00
  0.000000E+00
  0.000000E+00
  0.000000E+00
  0.000000E+00
  0.000000E+00
  0.000000E+00
  0.000000E+00
  0.000000E+00
  0.000000E+00
  0.000000E+00
  0.000000E+00
  0.000000E+00
  0.000000E+00
  0.000000E+00
  0.000000E+00
  0.000000E+00
  0.000000E+00
  0.000000E+00
  0.000000E+00
  0.000000E+00
  0.000000E+00
  0.000000E+00
  0.000000E+00
  0.000000E+00
  0.000000E+00
  0.000000E+00
  0.000000E+00
  0.000000E+00
  0.000000E+00
  0.000000E+00
  0.000000E+00
  0.000000E+00
  0.000000E+00
  0.000000E+00
  0.000000E+00
  0.000000E+00
  0.000000E+00
  0.000000E+00
  0.000000E+00
  0.000000E+00
  0.000000E+00
  0.000000E+00
  0.000000E+00
  0.000000E+00
  0.000000E+00
  0.000000E+00
  0.000000E+00
  0.000000E+00
  0.000000E+00
  0.000000E+00
  0.000000E+00
  0.000000E+00
  0.000000E+00
  0.000000E+00
  0.000000E+00
  0.000000E+00
  0.000000E+00
  0.000000E+00
  0.000000E+00
  0.000000E+00
  0.000000E+00
  0.000000E+00
  0.000000E+00
  0.000000E+00
  0.000000E+00
  0.000000E+00
  0.000000E+00
  0.000000E+00
  0.000000E+00
  0.000000E+00
  0.000000E+00
  0.000000E+00
  0.000000E+00
  0.000000E+00
  0.000000E+00
  0.000000E+00
  0.000000E+00
  0.000000E+00
  0.000000E+00
  0.000000E+00
  0.000000E+00
  0.000000E+00
  0.000000E+00
  0.000000E+00
  0.000000E+00
  0.000000E+00
  0.000000E+00
  0.000000E+00
  0.000000E+00
  0.000000E+00
  0.000000E+00
  0.000000E+00
  0.000000E+00
  0.000000E+00
  0.000000E+00
  0.000000E+00
  0.000000E+00
  0.000000E+00
  0.000000E+00
  0.000000E+00
  0.000000E+00
  0.000000E+00
  0.000000E+00
  0.000000E+00
  0.000000E+00
  0.000000E+00
  0.000000E+00
  0.000000E+00
  0.000000E+00
  0.000000E+00
  0.000000E+00
  0.000000E+00
  0.000000E+00
  0.000000E+00
  0.000000E+00
  0.000000E+00
  0.000000E+00
  0.000000E+00
  0.000000E+00
  0.000000E+00
  0.000000E+00
  0.000000E+00
  0.000000E+00
  0.000000E+00
  0.000000E+00
  0.000000E+00
  0.000000E+00
  0.000000E+00
  0.000000E+00
  0.000000E+00
  0.000000E+00
  0.000000E+00
  0.000000E+00
  0.000000E+00
  0.000000E+00
  0.000000E+00
  0.000000E+00
  0.000000E+00
  0.000000E+00
  0.000000E+00
  0.000000E+00
  0.000000E+00
  0.000000E+00
  0.000000E+00
  0.000000E+00
  0.000000E+00
  0.000000E+00
  0.000000E+00
  0.000000E+00
  0.000000E+00
  0.000000E+00
  0.000000E+00
  0.000000E+00
  0.000000E+00
  0.000000E+00
  0.000000E+00
  0.000000E+00
  0.000000E+00
  0.000000E+00
  0.000000E+00
  0.000000E+00
  0.000000E+00
  0.000000E+00
  0.000000E+00
  0.000000E+00
  0.000000E+00
  0.000000E+00
  0.000000E+00
  0.000000E+00
  0.000000E+00
  0.000000E+00
  0.000000E+00
  0.000000E+00
  0.000000E+00
  0.000000E+00
  0.000000E+00
  0.000000E+00
  0.000000E+00
  0.000000E+00
  0.000000E+00
  0.000000E+00
  0.000000E+00
  0.000000E+00
  0.000000E+00
  0.000000E+00
  0.000000E+00
  0.000000E+00
  0.000000E+00
  0.000000E+00
  0.000000E+00
  0.000000E+00
  0.000000E+00
  0.000000E+00
  0.000000E+00
  0.000000E+00
  0.000000E+00
  0.000000E+00
  0.000000E+00
  0.000000E+00
  0.000000E+00
  0.000000E+00
  0.000000E+00
  0.000000E+00
  0.000000E+00
  0.000000E+00
  0.000000E+00
  0.000000E+00
  0.000000E+00
  0.000000E+00
  0.000000E+00
  0.000000E+00
  0.000000E+00
  0.000000E+00
  0.000000E+00
  0.000000E+00
  0.000000E+00
  0.000000E+00
  0.000000E+00
  0.000000E+00
  0.000000E+00
  0.000000E+00
  0.000000E+00
  0.000000E+00
  0.000000E+00
  0.000000E+00
  0.000000E+00
  0.000000E+00
  0.000000E+00
  0.000000E+00
  0.000000E+00
  0.000000E+00
  0.000000E+00
  0.000000E+00
  0.000000E+00
  0.000000E+00
  0.000000E+00
  0.000000E+00
  0.000000E+00
  0.000000E+00
  0.000000E+00
  0.000000E+00
  0.000000E+00
  0.000000E+00
  0.000000E+00
  0.000000E+00
  0.000000E+00
  0.000000E+00
  0.000000E+00
  0.000000E+00
  0.000000E+00
  0.000000E+00
  0.000000E+00
  0.000000E+00
  0.000000E+00
  0.000000E+00
  0.000000E+00
  0.000000E+00
  0.000000E+00
  0.000000E+00
  0.000000E+00
  0.000000E+00
  0.000000E+00
  0.000000E+00
  0.000000E+00
  0.000000E+00
  0.000000E+00
  0.000000E+00
  0.000000E+00
  0.000000E+00
  0.000000E+00
  0.000000E+00
  0.000000E+00
  0.000000E+00
  0.000000E+00
  0.000000E+00
  0.000000E+00
  0.000000E+00
  0.000000E+00
  0.000000E+00
  0.000000E+00
  0.000000E+00
  0.000000E+00
  0.000000E+00
  0.000000E+00
  0.000000E+00
  0.000000E+00
  0.000000E+00
  0.000000E+00
  0.000000E+00
  0.000000E+00
  0.000000E+00
  0.000000E+00
  0.000000E+00
  0.000000E+00
  0.000000E+00
  0.000000E+00
  0.000000E+00
  0.000000E+00
  0.000000E+00
  0.000000E+00
  0.000000E+00
  0.000000E+00
  0.000000E+00
  0.000000E+00
  0.000000E+00
  0.000000E+00
  0.000000E+00
  0.000000E+00
  0.000000E+00
  0.000000E+00
  0.000000E+00
  0.000000E+00
  0.000000E+00
  0.000000E+00
  0.000000E+00
  0.000000E+00
  0.000000E+00
  0.000000E+00
  0.000000E+00
  0.000000E+00
  0.000000E+00
  0.000000E+00
  0.000000E+00
  0.000000E+00
  0.000000E+00
  0.000000E+00
  0.000000E+00
  0.000000E+00
  0.000000E+00
  0.000000E+00
  0.000000E+00
  0.000000E+00
  0.000000E+00
  0.000000E+00
  0.000000E+00
  0.000000E+00
  0.000000E+00
  0.000000E+00
  0.000000E+00
  0.000000E+00
  0.000000E+00
  0.000000E+00
  0.000000E+00
  0.000000E+00
  0.000000E+00
  0.000000E+00
  0.000000E+00
  0.000000E+00
  0.000000E+00
  0.000000E+00
  0.000000E+00
  0.000000E+00
  0.000000E+00
  0.000000E+00
  0.000000E+00
  0.000000E+00
  0.000000E+00
  0.000000E+00
  0.000000E+00
  0.000000E+00
  0.000000E+00
  0.000000E+00
  0.000000E+00
  0.000000E+00
  0.000000E+00
  0.000000E+00
  0.000000E+00
  0.000000E+00
  0.000000E+00
  0.000000E+00
  0.000000E+00
  0.000000E+00
  0.000000E+00
  0.000000E+00
  0.000000E+00
  0.000000E+00
  0.000000E+00
  0.000000E+00
  0.000000E+00
  0.000000E+00
  0.000000E+00
  0.000000E+00
  0.000000E+00
  0.000000E+00
  0.000000E+00
  0.000000E+00
  0.000000E+00
  0.000000E+00
  0.000000E+00
  0.000000E+00
  0.000000E+00
  0.000000E+00
  0.000000E+00
  0.000000E+00
  0.000000E+00
  0.000000E+00
  0.000000E+00
  0.000000E+00
  0.000000E+00
  0.000000E+00
  0.000000E+00
  0.000000E+00
  0.000000E+00
  0.171419E-12
  0.133200E-11
  0.266400E-11
  0.399600E-11
  0.532800E-11
  0.666000E-11
  0.799200E-11
  0.932400E-11
  0.106560E-10
  0.119880E-10
  0.133200E-10
  0.146520E-10
  0.159840E-10
  0.173160E-10
  0.186480E-10
  0.199800E-10
  0.213120E-10
  0.226440E-10
  0.239760E-10
  0.253080E-10
  0.266400E-10
  0.279720E-10
  0.293040E-10
  0.306360E-10
  0.319680E-10
  0.333000E-10
  0.346320E-10
  0.359640E-10
  0.372960E-10
  0.386280E-10
  0.399600E-10
  0.412920E-10
  0.426240E-10
  0.439560E-10
  0.452880E-10
  0.466200E-10
  0.479520E-10
  0.492840E-10
  0.506160E-10
  0.519480E-10
  0.532800E-10
  0.546120E-10
  0.559440E-10
  0.572760E-10
  0.586080E-10
  0.599400E-10
  0.612720E-10
  0.626040E-10
  0.639360E-10
  0.652680E-10
  0.666000E-10
  0.679320E-10
  0.692640E-10
  0.705960E-10
  0.719280E-10
  0.732600E-10
  0.745920E-10
  0.759240E-10
  0.772560E-10
  0.785880E-10
  0.799200E-10
  0.812520E-10
  0.825840E-10
  0.839160E-10
  0.852480E-10
  0.865800E-10
  0.879120E-10
  0.892440E-10
  0.905760E-10
  0.919080E-10
  0.932400E-10
  0.945720E-10
  0.959040E-10
  0.972360E-10
  0.985680E-10
  0.999000E-10
  0.101232E-09
  0.102564E-09
  0.103896E-09
  0.105228E-09
  0.106560E-09
  0.107892E-09
  0.109224E-09
  0.110556E-09
  0.111888E-09
  0.113220E-09
  0.114552E-09
  0.115884E-09
  0.117216E-09
  0.118548E-09
  0.119880E-09
  0.121212E-09
  0.122544E-09
  0.123876E-09
  0.125208E-09
  0.126540E-09
  0.127872E-09
  0.129204E-09
  0.130536E-09
  0.131868E-09
  0.133200E-09
  0.134532E-09
  0.135864E-09
  0.137196E-09
  0.138528E-09
  0.139860E-09
  0.141192E-09
  0.142524E-09
  0.143856E-09
  0.145188E-09
  0.146520E-09
  0.147852E-09
  0.149184E-09
  0.150516E-09
  0.151848E-09
  0.153180E-09
  0.154512E-09
  0.155844E-09
  0.157176E-09
  0.158508E-09
  0.159840E-09
  0.161172E-09
  0.162504E-09
  0.163836E-09
  0.165168E-09
  0.166500E-09
  0.167832E-09
  0.169164E-09
  0.170496E-09
  0.171828E-09
  0.173160E-09
  0.174492E-09
  0.175824E-09
  0.177156E-09
  0.178488E-09
  0.181880E-09
  0.197711E-09
  0.215602E-09
  0.233493E-09
  0.251384E-09
  0.269275E-09
  0.287166E-09
  0.305057E-09
  0.322948E-09
  0.340839E-09
  0.358730E-09
  0.376621E-09
  0.394512E-09
  0.412403E-09
  0.430295E-09
  0.448186E-09
  0.466077E-09
  0.483968E-09
  0.501859E-09
  0.519750E-09
  0.537641E-09
  0.555532E-09
  0.573423E-09
  0.591314E-09
  0.609205E-09
  0.627096E-09
  0.644987E-09
  0.662878E-09
  0.680769E-09
  0.698660E-09
  0.716551E-09
  0.734442E-09
  0.752333E-09
  0.770224E-09
  0.788115E-09
  0.806006E-09
  0.823897E-09
  0.841788E-09
  0.859679E-09
  0.877570E-09
  0.895461E-09
  0.913353E-09
  0.931244E-09
  0.949135E-09
  0.967026E-09
  0.984917E-09
  0.100281E-08
  0.102070E-08
  0.103859E-08
  0.105648E-08
  0.107437E-08
  0.109226E-08
  0.111015E-08
  0.112804E-08
  0.114594E-08
  0.116383E-08
  0.118172E-08
  0.119961E-08
  0.121750E-08
  0.123539E-08
  0.125328E-08
  0.127117E-08
  0.128906E-08
  0.130696E-08
  0.132485E-08
  0.134274E-08
  0.136063E-08
  0.137852E-08
  0.139641E-08
  0.141430E-08
  0.143219E-08
  0.145008E-08
  0.146797E-08
  0.148587E-08
  0.150376E-08
  0.152165E-08
  0.153954E-08
  0.155743E-08
  0.157532E-08
  0.159321E-08
  0.161110E-08
  0.162899E-08
  0.164689E-08
  0.166478E-08
  0.168267E-08
  0.170056E-08
  0.171845E-08
  0.173634E-08
  0.175423E-08
  0.177212E-08
  0.179001E-08
  0.180790E-08
  0.182580E-08
  0.184369E-08
  0.186158E-08
  0.187947E-08
  0.189736E-08
  0.191525E-08
  0.193314E-08
  0.195103E-08
  0.196892E-08
  0.198681E-08
  0.200471E-08
  0.202260E-08
  0.204049E-08
  0.205838E-08
  0.207627E-08
  0.209416E-08
  0.211205E-08
  0.212994E-08
  0.214783E-08
  0.216573E-08
  0.218362E-08
  0.220151E-08
  0.221940E-08
  0.223729E-08
  0.225518E-08
  0.227307E-08
  0.229096E-08
  0.230885E-08
  0.232674E-08
  0.234464E-08
  0.236253E-08
  0.238042E-08
  0.239831E-08
  0.241620E-08
  0.243409E-08
  0.245198E-08
  0.246987E-08
  0.248776E-08
  0.250565E-08
  0.252355E-08
  0.254144E-08
  0.255933E-08
  0.257722E-08
  0.259234E-08
  0.258990E-08
  0.258468E-08
  0.257947E-08
  0.257426E-08
  0.256905E-08
  0.256383E-08
  0.255862E-08
  0.255341E-08
  0.254819E-08
  0.254298E-08
  0.253777E-08
  0.253256E-08
  0.252734E-08
  0.252213E-08
  0.251692E-08
  0.251170E-08
  0.250649E-08
  0.250128E-08
  0.249607E-08
  0.249085E-08
  0.248564E-08
  0.248043E-08
  0.247522E-08
  0.247000E-08
  0.246479E-08
  0.245958E-08
  0.245436E-08
  0.244915E-08
  0.244394E-08
  0.243873E-08
  0.243351E-08
  0.242830E-08
  0.242309E-08
  0.241787E-08
  0.241266E-08
  0.240745E-08
  0.240224E-08
  0.239702E-08
  0.239181E-08
  0.238660E-08
  0.238138E-08
  0.237617E-08
  0.237096E-08
  0.236575E-08
  0.236053E-08
  0.235532E-08
  0.235011E-08
  0.234489E-08
  0.233968E-08
  0.233447E-08
  0.232926E-08
  0.232404E-08
  0.231883E-08
  0.231362E-08
  0.230841E-08
  0.230319E-08
  0.229798E-08
  0.229277E-08
  0.228755E-08
  0.228234E-08
  0.227713E-08
  0.227192E-08
  0.226670E-08
  0.226149E-08
  0.225628E-08
  0.225106E-08
  0.224585E-08
  0.224064E-08
  0.223543E-08
  0.223021E-08
  0.222500E-08
  0.221979E-08
  0.221457E-08
  0.220936E-08
  0.220415E-08
  0.219894E-08
  0.219372E-08
  0.218851E-08
  0.218330E-08
  0.217808E-08
  0.217287E-08
  0.216766E-08
  0.216245E-08
  0.215723E-08
  0.215202E-08
  0.214681E-08
  0.214160E-08
  0.213638E-08
  0.213117E-08
  0.212596E-08
  0.212074E-08
  0.211553E-08
  0.211032E-08
  0.210511E-08
  0.209989E-08
  0.209468E-08
  0.208947E-08
  0.208425E-08
  0.207904E-08
  0.207383E-08
  0.206862E-08
  0.206340E-08
  0.205819E-08
  0.205298E-08
  0.204776E-08
  0.204255E-08
  0.203734E-08
  0.203213E-08
  0.202691E-08
  0.202170E-08
  0.201649E-08
  0.201127E-08
  0.200606E-08
  0.200085E-08
  0.199564E-08
  0.199042E-08
  0.198521E-08
  0.198000E-08
  0.197479E-08
  0.196957E-08
  0.196436E-08
  0.195915E-08
  0.195393E-08
  0.194872E-08
  0.194351E-08
  0.193830E-08
  0.193308E-08
  0.192787E-08
  0.192266E-08
  0.191744E-08
  0.191223E-08
  0.190702E-08
  0.190181E-08
  0.189659E-08
  0.189076E-08
  0.188080E-08
  0.187022E-08
  0.185963E-08
  0.184905E-08
  0.183847E-08
  0.182789E-08
  0.181731E-08
  0.180673E-08
  0.179614E-08
  0.178556E-08
  0.177498E-08
  0.176440E-08
  0.175382E-08
  0.174323E-08
  0.173265E-08
  0.172207E-08
  0.171149E-08
  0.170091E-08
  0.169033E-08
  0.167974E-08
  0.166916E-08
  0.165858E-08
  0.164800E-08
  0.163742E-08
  0.162683E-08
  0.161625E-08
  0.160567E-08
  0.159509E-08
  0.158451E-08
  0.157393E-08
  0.156334E-08
  0.155276E-08
  0.154218E-08
  0.153160E-08
  0.152102E-08
  0.151043E-08
  0.149985E-08
  0.148927E-08
  0.147869E-08
  0.146811E-08
  0.145753E-08
  0.144694E-08
  0.143636E-08
  0.142578E-08
  0.141520E-08
  0.140462E-08
  0.139403E-08
  0.138345E-08
  0.137287E-08
  0.136229E-08
  0.135171E-08
  0.134113E-08
  0.133054E-08
  0.131996E-08
  0.130938E-08
  0.129880E-08
  0.128822E-08
  0.127763E-08
  0.126705E-08
  0.125647E-08
  0.124589E-08
  0.123531E-08
  0.122473E-08
  0.121414E-08
  0.120356E-08
  0.119298E-08
  0.118240E-08
  0.117182E-08
  0.116123E-08
  0.115065E-08
  0.114007E-08
  0.112949E-08
  0.111891E-08
  0.110833E-08
  0.109774E-08
  0.108716E-08
  0.107658E-08
  0.106600E-08
  0.105542E-08
  0.104483E-08
  0.103425E-08
  0.102367E-08
  0.101309E-08
  0.100251E-08
  0.991926E-09
  0.981344E-09
  0.970762E-09
  0.960180E-09
  0.949598E-09
  0.939017E-09
  0.928435E-09
  0.917853E-09
  0.907271E-09
  0.896689E-09
  0.886108E-09
  0.875526E-09
  0.864944E-09
  0.854362E-09
  0.843780E-09
  0.833199E-09
  0.822617E-09
  0.812035E-09
  0.801453E-09
  0.790871E-09
  0.780289E-09
  0.769708E-09
  0.759126E-09
  0.748544E-09
  0.737962E-09
  0.727380E-09
  0.716799E-09
  0.706217E-09
  0.695635E-09
  0.685053E-09
  0.674471E-09
  0.663889E-09
  0.653308E-09
  0.642726E-09
  0.632144E-09
  0.621562E-09
  0.610980E-09
  0.600399E-09
  0.589817E-09
  0.579235E-09
  0.568653E-09
  0.558071E-09
  0.547490E-09
  0.536908E-09
  0.526326E-09
  0.515744E-09
  0.505162E-09
  0.494580E-09
  0.483999E-09
  0.473417E-09
  0.463627E-09
  0.459407E-09
  0.455978E-09
  0.452550E-09
  0.449121E-09
  0.445693E-09
  0.442265E-09
  0.438836E-09
  0.435408E-09
  0.431979E-09
  0.428551E-09
  0.425123E-09
  0.421694E-09
  0.418266E-09
  0.414837E-09
  0.411409E-09
  0.407980E-09
  0.404552E-09
  0.401124E-09
  0.397695E-09
  0.394267E-09
  0.390838E-09
  0.387410E-09
  0.383982E-09
  0.380553E-09
  0.377125E-09
  0.373696E-09
  0.370268E-09
  0.366840E-09
  0.363411E-09
  0.359983E-09
  0.356554E-09
  0.353126E-09
  0.349698E-09
  0.346269E-09
  0.342841E-09
  0.339412E-09
  0.335984E-09
  0.332556E-09
  0.329127E-09
  0.325699E-09
  0.322270E-09
  0.318842E-09
  0.315413E-09
  0.311985E-09
  0.308557E-09
  0.305128E-09
  0.301700E-09
  0.298271E-09
  0.294843E-09
  0.291415E-09
  0.287986E-09
  0.284558E-09
  0.281129E-09
  0.277701E-09
  0.274273E-09
  0.270844E-09
  0.267416E-09
  0.263987E-09
  0.260559E-09
  0.257131E-09
  0.253702E-09
  0.250274E-09
  0.246845E-09
  0.243417E-09
  0.239989E-09
  0.236560E-09
  0.233132E-09
  0.229703E-09
  0.226275E-09
  0.222846E-09
  0.219418E-09
  0.215990E-09
  0.212561E-09
  0.209133E-09
  0.205704E-09
  0.202276E-09
  0.198848E-09
  0.195419E-09
  0.191991E-09
  0.188562E-09
  0.185134E-09
  0.181706E-09
  0.178277E-09
  0.174849E-09
  0.171420E-09
  0.167992E-09
  0.164564E-09
  0.161135E-09
  0.157707E-09
  0.154278E-09
  0.150850E-09
  0.147422E-09
  0.143993E-09
  0.140565E-09
  0.137136E-09
  0.133708E-09
  0.130279E-09
  0.126851E-09
  0.123423E-09
  0.119994E-09
  0.116566E-09
  0.113137E-09
  0.109709E-09
  0.106281E-09
  0.102852E-09
  0.994238E-10
  0.959954E-10
  0.925670E-10
  0.891386E-10
  0.857102E-10
  0.822818E-10
  0.788534E-10
  0.754250E-10
  0.719966E-10
  0.685681E-10
  0.651397E-10
  0.617113E-10
  0.582829E-10
  0.548545E-10
  0.514261E-10
  0.479977E-10
  0.445693E-10
  0.411409E-10
  0.377125E-10
  0.342841E-10
  0.308557E-10
  0.274273E-10
  0.239989E-10
  0.205704E-10
  0.171420E-10
  0.137136E-10
  0.102852E-10
  0.685681E-11
  0.342841E-11
  0.362791E-12
  0.000000E+00
  0.000000E+00
  0.000000E+00
  0.000000E+00
  0.000000E+00
  0.000000E+00
  0.000000E+00
  0.000000E+00
  0.000000E+00
  0.000000E+00
  0.000000E+00
  0.000000E+00
  0.000000E+00
  0.000000E+00
  0.000000E+00
  0.000000E+00
  0.000000E+00
  0.000000E+00
  0.000000E+00
  0.000000E+00
  0.000000E+00
  0.000000E+00
  0.000000E+00
  0.000000E+00
  0.000000E+00
  0.000000E+00
  0.000000E+00
  0.000000E+00
  0.000000E+00
  0.000000E+00
  0.000000E+00
  0.000000E+00
  0.000000E+00
  0.000000E+00
  0.000000E+00
  0.000000E+00
  0.000000E+00
  0.000000E+00
  0.000000E+00
  0.000000E+00
  0.000000E+00
  0.000000E+00
  0.000000E+00
  0.000000E+00
  0.000000E+00
  0.000000E+00
  0.000000E+00
  0.000000E+00
  0.000000E+00
  0.000000E+00
  0.000000E+00
  0.000000E+00
  0.000000E+00
  0.000000E+00
  0.000000E+00
  0.000000E+00
  0.000000E+00
  0.000000E+00
  0.000000E+00
  0.000000E+00
  0.000000E+00
  0.000000E+00
  0.000000E+00
  0.000000E+00
  0.000000E+00
  0.000000E+00
  0.000000E+00
  0.000000E+00
  0.000000E+00
  0.000000E+00
  0.000000E+00
  0.000000E+00
  0.000000E+00
  0.000000E+00
  0.000000E+00
  0.000000E+00
  0.000000E+00
  0.000000E+00
  0.000000E+00
  0.000000E+00
  0.000000E+00
  0.000000E+00
  0.000000E+00
  0.000000E+00
  0.000000E+00
  0.000000E+00
  0.000000E+00
  0.000000E+00
  0.000000E+00
  0.000000E+00
  0.000000E+00
  0.000000E+00
  0.000000E+00
  0.000000E+00
  0.000000E+00
  0.000000E+00
  0.000000E+00
  0.000000E+00
  0.000000E+00
  0.000000E+00
  0.000000E+00
  0.000000E+00
  0.000000E+00
  0.000000E+00
  0.000000E+00
  0.000000E+00
  0.000000E+00
  0.000000E+00
  0.000000E+00
  0.000000E+00
  0.000000E+00
  0.000000E+00
  0.000000E+00
  0.000000E+00
  0.000000E+00
  0.000000E+00
  0.000000E+00
  0.000000E+00
  0.000000E+00
  0.000000E+00
  0.000000E+00
  0.000000E+00
  0.000000E+00
  0.000000E+00
  0.000000E+00
  0.000000E+00
  0.000000E+00
  0.000000E+00
  0.000000E+00
  0.000000E+00
  0.000000E+00
  0.000000E+00
  0.000000E+00
  0.000000E+00
  0.000000E+00
  0.000000E+00
  0.000000E+00
  0.000000E+00
  0.000000E+00
  0.000000E+00
  0.000000E+00
  0.000000E+00
  0.000000E+00
  0.000000E+00
  0.000000E+00
  0.000000E+00
  0.000000E+00
  0.000000E+00
  0.000000E+00
  0.000000E+00
  0.000000E+00
  0.000000E+00
  0.000000E+00
  0.000000E+00
  0.000000E+00
  0.000000E+00
  0.000000E+00
  0.000000E+00
  0.000000E+00
  0.000000E+00
  0.000000E+00
  0.000000E+00
  0.000000E+00
  0.000000E+00
  0.000000E+00
  0.000000E+00
  0.000000E+00
  0.000000E+00
  0.000000E+00
  0.000000E+00
  0.000000E+00
  0.000000E+00
  0.000000E+00
  0.000000E+00
  0.000000E+00
  0.000000E+00
  0.000000E+00
  0.000000E+00
  0.000000E+00
  0.000000E+00
  0.000000E+00
  0.000000E+00
  0.000000E+00
  0.000000E+00
  0.000000E+00
  0.000000E+00
  0.000000E+00
  0.000000E+00
  0.000000E+00
  0.000000E+00
  0.000000E+00
  0.000000E+00
  0.000000E+00
  0.000000E+00
  0.000000E+00
  0.000000E+00
  0.000000E+00
  0.000000E+00
  0.000000E+00
  0.000000E+00
  0.000000E+00
  0.000000E+00
  0.000000E+00
  0.000000E+00
  0.000000E+00
  0.000000E+00
  0.000000E+00
  0.000000E+00
  0.000000E+00
  0.000000E+00
  0.000000E+00
  0.000000E+00
  0.000000E+00
  0.000000E+00
  0.000000E+00
  0.000000E+00
  0.000000E+00
  0.000000E+00
  0.000000E+00
  0.000000E+00
  0.000000E+00
  0.000000E+00
  0.000000E+00
  0.000000E+00
  0.000000E+00
  0.000000E+00
  0.000000E+00
  0.000000E+00
  0.000000E+00
  0.000000E+00
  0.000000E+00
  0.000000E+00
  0.000000E+00
  0.000000E+00
  0.000000E+00
  0.000000E+00
  0.000000E+00
  0.000000E+00
  0.000000E+00
  0.000000E+00
  0.000000E+00
  0.000000E+00
  0.000000E+00
  0.000000E+00
  0.000000E+00
  0.000000E+00
  0.000000E+00
  0.000000E+00
  0.000000E+00
  0.000000E+00
  0.000000E+00
  0.000000E+00
  0.000000E+00
  0.000000E+00
  0.000000E+00
  0.000000E+00
  0.000000E+00
  0.000000E+00
  0.000000E+00
  0.000000E+00
  0.000000E+00
  0.000000E+00
  0.000000E+00
  0.000000E+00
  0.000000E+00
  0.000000E+00
  0.000000E+00
  0.000000E+00
  0.000000E+00
  0.000000E+00
  0.000000E+00
  0.000000E+00
  0.000000E+00
  0.000000E+00
  0.000000E+00
  0.000000E+00
  0.000000E+00
  0.000000E+00
  0.000000E+00
  0.000000E+00
  0.000000E+00
  0.000000E+00
  0.000000E+00
  0.000000E+00
  0.000000E+00
  0.000000E+00
  0.000000E+00
  0.000000E+00
  0.000000E+00
  0.000000E+00
  0.000000E+00
  0.000000E+00
  0.000000E+00
  0.000000E+00
  0.000000E+00
  0.000000E+00
  0.000000E+00
  0.000000E+00
  0.000000E+00
  0.000000E+00
  0.000000E+00
  0.000000E+00
  0.000000E+00
  0.000000E+00
  0.000000E+00
  0.000000E+00
  0.000000E+00
  0.000000E+00
  0.000000E+00
  0.000000E+00
  0.000000E+00
  0.000000E+00
  0.000000E+00
  0.000000E+00
  0.000000E+00
  0.000000E+00
  0.000000E+00
  0.000000E+00
  0.000000E+00
  0.000000E+00
  0.000000E+00
  0.000000E+00
  0.000000E+00
  0.000000E+00
  0.000000E+00
  0.000000E+00
  0.000000E+00
  0.000000E+00
  0.000000E+00
  0.000000E+00
  0.000000E+00
  0.000000E+00
  0.000000E+00
  0.000000E+00
  0.000000E+00
  0.000000E+00
  0.000000E+00
  0.000000E+00
  0.000000E+00
  0.000000E+00
  0.000000E+00
  0.000000E+00
  0.000000E+00
  0.000000E+00
  0.000000E+00
  0.000000E+00
  0.000000E+00
  0.000000E+00
  0.000000E+00
  0.000000E+00
  0.000000E+00
  0.000000E+00
  0.000000E+00
  0.000000E+00
  0.000000E+00
  0.000000E+00
  0.000000E+00
  0.000000E+00
  0.000000E+00
  0.000000E+00
  0.000000E+00
  0.000000E+00
  0.000000E+00
  0.000000E+00
  0.000000E+00
  0.000000E+00
  0.000000E+00
  0.000000E+00
  0.000000E+00
  0.000000E+00
  0.000000E+00
  0.000000E+00
  0.000000E+00
  0.000000E+00
  0.000000E+00
  0.000000E+00
  0.000000E+00
  0.000000E+00
  0.000000E+00
  0.000000E+00
  0.000000E+00
  0.000000E+00
  0.000000E+00
  0.000000E+00
  0.000000E+00
  0.000000E+00
  0.000000E+00
  0.000000E+00
  0.000000E+00
  0.000000E+00
  0.000000E+00
  0.000000E+00
  0.000000E+00
  0.000000E+00
  0.000000E+00
  0.000000E+00
  0.000000E+00
  0.000000E+00
  0.000000E+00
  0.000000E+00
  0.000000E+00
  0.000000E+00
  0.000000E+00
  0.000000E+00
  0.000000E+00
  0.000000E+00
  0.000000E+00
  0.000000E+00
  0.000000E+00
  0.000000E+00
  0.000000E+00
  0.000000E+00
  0.000000E+00
  0.000000E+00
  0.000000E+00
  0.000000E+00
  0.000000E+00
  0.000000E+00
  0.000000E+00
  0.000000E+00
  0.000000E+00
  0.000000E+00
  0.000000E+00
  0.000000E+00
  0.000000E+00
  0.000000E+00
  0.000000E+00
  0.000000E+00
  0.000000E+00
  0.000000E+00
  0.000000E+00
  0.000000E+00
  0.000000E+00
  0.000000E+00
  0.000000E+00
  0.000000E+00
  0.000000E+00
  0.000000E+00
  0.000000E+00
  0.000000E+00
  0.000000E+00
  0.000000E+00
  0.000000E+00
  0.000000E+00
  0.000000E+00
  0.000000E+00
  0.000000E+00
  0.000000E+00
  0.000000E+00
  0.000000E+00
  0.000000E+00
  0.000000E+00
  0.000000E+00
  0.000000E+00
  0.000000E+00
  0.000000E+00
  0.000000E+00
  0.000000E+00
  0.000000E+00
  0.000000E+00
  0.000000E+00
  0.000000E+00
  0.000000E+00
  0.000000E+00
  0.000000E+00
  0.000000E+00
  0.000000E+00
  0.000000E+00
  0.000000E+00
  0.000000E+00
  0.000000E+00
  0.000000E+00
  0.000000E+00
  0.000000E+00
  0.000000E+00
  0.000000E+00
  0.000000E+00
  0.000000E+00
  0.000000E+00
  0.000000E+00
  0.000000E+00
  0.000000E+00
  0.000000E+00
  0.000000E+00
  0.000000E+00
  0.000000E+00
  0.000000E+00
  0.000000E+00
  0.000000E+00
  0.000000E+00
  0.000000E+00
  0.000000E+00
  0.000000E+00
  0.000000E+00
  0.000000E+00
  0.000000E+00
  0.000000E+00
  0.000000E+00
  0.000000E+00
  0.000000E+00
  0.000000E+00
  0.000000E+00
  0.000000E+00
  0.000000E+00
  0.000000E+00
  0.000000E+00
  0.000000E+00
  0.000000E+00
  0.000000E+00
  0.000000E+00
  0.000000E+00
  0.000000E+00
  0.000000E+00
  0.000000E+00
  0.000000E+00
  0.000000E+00
  0.000000E+00
  0.000000E+00
  0.000000E+00
  0.000000E+00
  0.000000E+00
  0.000000E+00
  0.000000E+00
  0.000000E+00
  0.000000E+00
  0.000000E+00
  0.000000E+00
  0.000000E+00
  0.000000E+00
  0.000000E+00
  0.000000E+00
  0.000000E+00
  0.000000E+00
  0.000000E+00
  0.000000E+00
  0.000000E+00
  0.000000E+00
  0.000000E+00
  0.000000E+00
  0.770464E-13
  0.908348E-12
  0.181670E-11
  0.272504E-11
  0.363339E-11
  0.454174E-11
  0.545009E-11
  0.635844E-11
  0.726679E-11
  0.817513E-11
  0.908348E-11
  0.999183E-11
  0.109002E-10
  0.118085E-10
  0.127169E-10
  0.136252E-10
  0.145336E-10
  0.154419E-10
  0.163503E-10
  0.172586E-10
  0.181670E-10
  0.190753E-10
  0.199837E-10
  0.208920E-10
  0.218004E-10
  0.227087E-10
  0.236171E-10
  0.245254E-10
  0.254337E-10
  0.263421E-10
  0.272504E-10
  0.281588E-10
  0.290671E-10
  0.299755E-10
  0.308838E-10
  0.317922E-10
  0.327005E-10
  0.336089E-10
  0.345172E-10
  0.354256E-10
  0.363339E-10
  0.372423E-10
  0.381506E-10
  0.390590E-10
  0.399673E-10
  0.408757E-10
  0.417840E-10
  0.426924E-10
  0.436007E-10
  0.445091E-10
  0.454174E-10
  0.463258E-10
  0.472341E-10
  0.481425E-10
  0.490508E-10
  0.499591E-10
  0.508675E-10
  0.517758E-10
  0.526842E-10
  0.535925E-10
  0.545009E-10
  0.554092E-10
  0.563176E-10
  0.572259E-10
  0.581343E-10
  0.590426E-10
  0.599510E-10
  0.608593E-10
  0.617677E-10
  0.626760E-10
  0.635844E-10
  0.644927E-10
  0.654011E-10
  0.663094E-10
  0.672178E-10
  0.681261E-10
  0.690345E-10
  0.699428E-10
  0.708512E-10
  0.717595E-10
  0.726679E-10
  0.735762E-10
  0.744845E-10
  0.753929E-10
  0.763012E-10
  0.772096E-10
  0.781179E-10
  0.790263E-10
  0.799346E-10
  0.808430E-10
  0.817513E-10
  0.826597E-10
  0.835680E-10
  0.844764E-10
  0.853847E-10
  0.862931E-10
  0.872014E-10
  0.881098E-10
  0.890181E-10
  0.899265E-10
  0.908348E-10
  0.917432E-10
  0.926515E-10
  0.935599E-10
  0.944682E-10
  0.953766E-10
  0.962849E-10
  0.971933E-10
  0.981016E-10
  0.990099E-10
  0.999183E-10
  0.100827E-09
  0.101735E-09
  0.102643E-09
  0.103552E-09
  0.104460E-09
  0.105368E-09
  0.106277E-09
  0.107185E-09
  0.108093E-09
  0.109002E-09
  0.109910E-09
  0.110818E-09
  0.111727E-09
  0.112635E-09
  0.113544E-09
  0.114452E-09
  0.115360E-09
  0.116269E-09
  0.117177E-09
  0.118085E-09
  0.118994E-09
  0.119902E-09
  0.120810E-09
  0.121719E-09
  0.122580E-09
  0.122947E-09
  0.123268E-09
  0.123588E-09
  0.123908E-09
  0.124228E-09
  0.124549E-09
  0.124869E-09
  0.125189E-09
  0.125510E-09
  0.125830E-09
  0.126150E-09
  0.126470E-09
  0.126791E-09
  0.127111E-09
  0.127431E-09
  0.127752E-09
  0.128072E-09
  0.128392E-09
  0.128712E-09
  0.129033E-09
  0.129353E-09
  0.129673E-09
  0.129994E-09
  0.130314E-09
  0.130634E-09
  0.130955E-09
  0.131275E-09
  0.131595E-09
  0.131915E-09
  0.132236E-09
  0.132556E-09
  0.132876E-09
  0.133197E-09
  0.133517E-09
  0.133837E-09
  0.134157E-09
  0.134478E-09
  0.134798E-09
  0.135118E-09
  0.135439E-09
  0.135759E-09
  0.136079E-09
  0.136399E-09
  0.136720E-09
  0.137040E-09
  0.137360E-09
  0.137681E-09
  0.138001E-09
  0.138321E-09
  0.138641E-09
  0.138962E-09
  0.139282E-09
  0.139602E-09
  0.139923E-09
  0.140243E-09
  0.140563E-09
  0.140883E-09
  0.141204E-09
  0.141524E-09
  0.141844E-09
  0.142165E-09
  0.142485E-09
  0.142805E-09
  0.143125E-09
  0.143446E-09
  0.143766E-09
  0.144086E-09
  0.144407E-09
  0.144727E-09
  0.145047E-09
  0.145368E-09
  0.145688E-09
  0.146008E-09
  0.146328E-09
  0.146649E-09
  0.146969E-09
  0.147289E-09
  0.147610E-09
  0.147930E-09
  0.148250E-09
  0.148570E-09
  0.148891E-09
  0.149211E-09
  0.149531E-09
  0.149852E-09
  0.150172E-09
  0.150492E-09
  0.150812E-09
  0.151133E-09
  0.151453E-09
  0.151773E-09
  0.152094E-09
  0.152414E-09
  0.152734E-09
  0.153054E-09
  0.153375E-09
  0.153695E-09
  0.154015E-09
  0.154336E-09
  0.154656E-09
  0.154976E-09
  0.155296E-09
  0.155617E-09
  0.155937E-09
  0.156257E-09
  0.156578E-09
  0.156898E-09
  0.157218E-09
  0.157538E-09
  0.157859E-09
  0.158179E-09
  0.158499E-09
  0.158820E-09
  0.159140E-09
  0.159460E-09
  0.159781E-09
  0.160101E-09
  0.160421E-09
  0.160741E-09
  0.161062E-09
  0.161382E-09
  0.161702E-09
  0.162023E-09
  0.162343E-09
  0.162663E-09
  0.162983E-09
  0.163304E-09
  0.163624E-09
  0.163944E-09
  0.164265E-09
  0.164585E-09
  0.164905E-09
  0.165225E-09
  0.165546E-09
  0.165789E-09
  0.165137E-09
  0.164408E-09
  0.163679E-09
  0.162950E-09
  0.162222E-09
  0.161493E-09
  0.160764E-09
  0.160035E-09
  0.159306E-09
  0.158577E-09
  0.157848E-09
  0.157119E-09
  0.156391E-09
  0.155662E-09
  0.154933E-09
  0.154204E-09
  0.153475E-09
  0.152746E-09
  0.152017E-09
  0.151288E-09
  0.150559E-09
  0.149831E-09
  0.149102E-09
  0.148373E-09
  0.147644E-09
  0.146915E-09
  0.146186E-09
  0.145457E-09
  0.144728E-09
  0.144000E-09
  0.143271E-09
  0.142542E-09
  0.141813E-09
  0.141084E-09
  0.140355E-09
  0.139626E-09
  0.138897E-09
  0.138168E-09
  0.137440E-09
  0.136711E-09
  0.135982E-09
  0.135253E-09
  0.134524E-09
  0.133795E-09
  0.133066E-09
  0.132337E-09
  0.131609E-09
  0.130880E-09
  0.130151E-09
  0.129422E-09
  0.128693E-09
  0.127964E-09
  0.127235E-09
  0.126506E-09
  0.125777E-09
  0.125049E-09
  0.124320E-09
  0.123591E-09
  0.122862E-09
  0.122133E-09
  0.121404E-09
  0.120675E-09
  0.119946E-09
  0.119218E-09
  0.118489E-09
  0.117760E-09
  0.117031E-09
  0.116302E-09
  0.115573E-09
  0.114844E-09
  0.114115E-09
  0.113386E-09
  0.112658E-09
  0.111929E-09
  0.111200E-09
  0.110471E-09
  0.109742E-09
  0.109013E-09
  0.108284E-09
  0.107555E-09
  0.106827E-09
  0.106098E-09
  0.105369E-09
  0.104640E-09
  0.103911E-09
  0.103182E-09
  0.102453E-09
  0.101724E-09
  0.100995E-09
  0.100267E-09
  0.995377E-10
  0.988088E-10
  0.980800E-10
  0.973511E-10
  0.966222E-10
  0.958933E-10
  0.951644E-10
  0.944355E-10
  0.937067E-10
  0.929778E-10
  0.922489E-10
  0.915200E-10
  0.907911E-10
  0.900622E-10
  0.893334E-10
  0.886045E-10
  0.878756E-10
  0.871467E-10
  0.864178E-10
  0.856890E-10
  0.849601E-10
  0.842312E-10
  0.835023E-10
  0.827734E-10
  0.820445E-10
  0.813157E-10
  0.805868E-10
  0.798579E-10
  0.791290E-10
  0.784001E-10
  0.776713E-10
  0.769424E-10
  0.762135E-10
  0.754846E-10
  0.747557E-10
  0.740268E-10
  0.732980E-10
  0.725691E-10
  0.718402E-10
  0.711113E-10
  0.703824E-10
  0.696535E-10
  0.689247E-10
  0.681958E-10
  0.674824E-10
  0.669671E-10
  0.664674E-10
  0.659676E-10
  0.654679E-10
  0.649681E-10
  0.644684E-10
  0.639686E-10
  0.634689E-10
  0.629691E-10
  0.624694E-10
  0.619696E-10
  0.614698E-10
  0.609701E-10
  0.604703E-10
  0.599706E-10
  0.594708E-10
  0.589711E-10
  0.584713E-10
  0.579716E-10
  0.574718E-10
  0.569720E-10
  0.564723E-10
  0.559725E-10
  0.554728E-10
  0.549730E-10
  0.544733E-10
  0.539735E-10
  0.534738E-10
  0.529740E-10
  0.524743E-10
  0.519745E-10
  0.514747E-10
  0.509750E-10
  0.504752E-10
  0.499755E-10
  0.494757E-10
  0.489760E-10
  0.484762E-10
  0.479765E-10
  0.474767E-10
  0.469770E-10
  0.464772E-10
  0.459774E-10
  0.454777E-10
  0.449779E-10
  0.444782E-10
  0.439784E-10
  0.434787E-10
  0.429789E-10
  0.424792E-10
  0.419794E-10
  0.414796E-10
  0.409799E-10
  0.404801E-10
  0.399804E-10
  0.394806E-10
  0.389809E-10
  0.384811E-10
  0.379814E-10
  0.374816E-10
  0.369819E-10
  0.364821E-10
  0.359823E-10
  0.354826E-10
  0.349828E-10
  0.344831E-10
  0.339833E-10
  0.334836E-10
  0.329838E-10
  0.324841E-10
  0.319843E-10
  0.314846E-10
  0.309848E-10
  0.304850E-10
  0.299853E-10
  0.294855E-10
  0.289858E-10
  0.284860E-10
  0.279863E-10
  0.274865E-10
  0.269868E-10
  0.264870E-10
  0.259873E-10
  0.254875E-10
  0.249877E-10
  0.244880E-10
  0.239882E-10
  0.234885E-10
  0.229887E-10
  0.224890E-10
  0.219892E-10
  0.214895E-10
  0.209897E-10
  0.204899E-10
  0.199902E-10
  0.194904E-10
  0.189907E-10
  0.184909E-10
  0.179912E-10
  0.174914E-10
  0.169917E-10
  0.164919E-10
  0.159922E-10
  0.154924E-10
  0.149926E-10
  0.144929E-10
  0.139931E-10
  0.134934E-10
  0.129936E-10
  0.124939E-10
  0.119941E-10
  0.114944E-10
  0.109946E-10
  0.104949E-10
  0.999510E-11
  0.949534E-11
  0.899559E-11
  0.849583E-11
  0.799608E-11
  0.749632E-11
  0.699657E-11
  0.649681E-11
  0.599706E-11
  0.549730E-11
  0.499755E-11
  0.449779E-11
  0.399804E-11
  0.349828E-11
  0.299853E-11
  0.249877E-11
  0.199902E-11
  0.149926E-11
  0.999510E-12
  0.499755E-12
  0.306957E-13
  0.000000E+00
  0.000000E+00
  0.000000E+00
  0.000000E+00
  0.000000E+00
  0.000000E+00
  0.000000E+00
  0.000000E+00
  0.000000E+00
  0.000000E+00
  0.000000E+00
  0.000000E+00
  0.000000E+00
  0.000000E+00
  0.000000E+00
  0.000000E+00
  0.000000E+00
  0.000000E+00
  0.000000E+00
  0.000000E+00
  0.000000E+00
  0.000000E+00
  0.000000E+00
  0.000000E+00
  0.000000E+00
  0.000000E+00
  0.000000E+00
  0.000000E+00
  0.000000E+00
  0.000000E+00
  0.000000E+00
  0.000000E+00
  0.000000E+00
  0.000000E+00
  0.000000E+00
  0.000000E+00
  0.000000E+00
  0.000000E+00
  0.000000E+00
  0.000000E+00
  0.000000E+00
  0.000000E+00
  0.000000E+00
  0.000000E+00
  0.000000E+00
  0.000000E+00
  0.000000E+00
  0.000000E+00
  0.000000E+00
  0.000000E+00
  0.000000E+00
  0.000000E+00
  0.000000E+00
  0.000000E+00
  0.000000E+00
  0.000000E+00
  0.000000E+00
  0.000000E+00
  0.000000E+00
  0.000000E+00
  0.000000E+00
  0.000000E+00
  0.000000E+00
  0.000000E+00
  0.000000E+00
  0.000000E+00
  0.000000E+00
  0.000000E+00
  0.000000E+00
  0.000000E+00
  0.000000E+00
  0.000000E+00
  0.000000E+00
  0.000000E+00
  0.000000E+00
  0.000000E+00
  0.000000E+00
  0.000000E+00
  0.000000E+00
  0.000000E+00
  0.000000E+00
  0.000000E+00
  0.000000E+00
  0.000000E+00
  0.000000E+00
  0.000000E+00
  0.000000E+00
  0.000000E+00
  0.000000E+00
  0.000000E+00
  0.000000E+00
  0.000000E+00
  0.000000E+00
  0.000000E+00
  0.000000E+00
  0.000000E+00
  0.000000E+00
  0.000000E+00
  0.000000E+00
  0.000000E+00
  0.000000E+00
  0.000000E+00
  0.000000E+00
  0.000000E+00
  0.000000E+00
  0.000000E+00
  0.000000E+00
  0.000000E+00
  0.000000E+00
  0.000000E+00
  0.000000E+00
  0.000000E+00
  0.000000E+00
  0.000000E+00
  0.000000E+00
  0.000000E+00
  0.000000E+00
  0.000000E+00
  0.000000E+00
  0.000000E+00
  0.000000E+00
  0.000000E+00
  0.000000E+00
  0.000000E+00
  0.000000E+00
  0.000000E+00
  0.000000E+00
  0.000000E+00
  0.000000E+00
  0.000000E+00
  0.000000E+00
  0.000000E+00
  0.000000E+00
  0.000000E+00
  0.000000E+00
  0.000000E+00
  0.000000E+00
  0.000000E+00
  0.000000E+00
  0.000000E+00
  0.000000E+00
  0.000000E+00
  0.000000E+00
  0.000000E+00
  0.000000E+00
  0.000000E+00
  0.000000E+00
  0.000000E+00
  0.000000E+00
  0.000000E+00
  0.000000E+00
  0.000000E+00
  0.000000E+00
  0.000000E+00
  0.000000E+00
  0.000000E+00
  0.000000E+00
  0.000000E+00
  0.000000E+00
  0.000000E+00
  0.000000E+00
  0.000000E+00
  0.000000E+00
  0.000000E+00
  0.000000E+00
  0.000000E+00
  0.000000E+00
  0.000000E+00
  0.000000E+00
  0.000000E+00
  0.000000E+00
  0.000000E+00
  0.000000E+00
  0.000000E+00
  0.000000E+00
  0.000000E+00
  0.000000E+00
  0.000000E+00
  0.000000E+00
  0.000000E+00
  0.000000E+00
  0.000000E+00
  0.000000E+00
  0.000000E+00
  0.000000E+00
  0.000000E+00
  0.000000E+00
  0.000000E+00
  0.000000E+00
  0.000000E+00
  0.000000E+00
  0.000000E+00
  0.000000E+00
  0.000000E+00
  0.000000E+00
  0.000000E+00
  0.000000E+00
  0.000000E+00
  0.000000E+00
  0.000000E+00
  0.000000E+00
  0.000000E+00
  0.000000E+00
  0.000000E+00
  0.000000E+00
  0.000000E+00
  0.000000E+00
  0.000000E+00
  0.000000E+00
  0.000000E+00
  0.000000E+00
  0.000000E+00
  0.000000E+00
  0.000000E+00
  0.000000E+00
  0.000000E+00
  0.000000E+00
  0.000000E+00
  0.000000E+00
  0.000000E+00
  0.000000E+00
  0.000000E+00
  0.000000E+00
  0.000000E+00
  0.000000E+00
  0.000000E+00
  0.000000E+00
  0.000000E+00
  0.000000E+00
  0.000000E+00
  0.000000E+00
  0.000000E+00
  0.000000E+00
  0.000000E+00
  0.000000E+00
  0.000000E+00
  0.000000E+00
  0.000000E+00
  0.000000E+00
  0.000000E+00
  0.000000E+00
  0.000000E+00
  0.000000E+00
  0.000000E+00
  0.000000E+00
  0.000000E+00
  0.000000E+00
  0.000000E+00
  0.000000E+00
  0.000000E+00
  0.000000E+00
  0.000000E+00
  0.000000E+00
  0.000000E+00
  0.000000E+00
  0.000000E+00
  0.000000E+00
  0.000000E+00
  0.000000E+00
  0.000000E+00
  0.000000E+00
  0.000000E+00
  0.000000E+00
  0.000000E+00
  0.000000E+00
  0.000000E+00
  0.000000E+00
  0.000000E+00
  0.000000E+00
  0.000000E+00
  0.000000E+00
  0.000000E+00
  0.000000E+00
  0.000000E+00
  0.000000E+00
  0.000000E+00
  0.000000E+00
  0.000000E+00
  0.000000E+00
  0.000000E+00
  0.000000E+00
  0.000000E+00
  0.000000E+00
  0.000000E+00
  0.000000E+00
  0.000000E+00
  0.000000E+00
  0.000000E+00
  0.000000E+00
  0.000000E+00
  0.000000E+00
  0.000000E+00
  0.000000E+00
  0.000000E+00
  0.000000E+00
  0.000000E+00
  0.000000E+00
  0.000000E+00
  0.000000E+00
  0.000000E+00
  0.000000E+00
  0.000000E+00
  0.000000E+00
  0.000000E+00
  0.000000E+00
  0.000000E+00
  0.000000E+00
  0.000000E+00
  0.000000E+00
  0.000000E+00
  0.000000E+00
  0.000000E+00
  0.000000E+00
  0.000000E+00
  0.000000E+00
  0.000000E+00
  0.000000E+00
  0.000000E+00
  0.000000E+00
  0.000000E+00
  0.000000E+00
  0.000000E+00
  0.000000E+00
  0.000000E+00
  0.000000E+00
  0.000000E+00
  0.000000E+00
  0.000000E+00
  0.000000E+00
  0.000000E+00
  0.000000E+00
  0.000000E+00
  0.000000E+00
  0.000000E+00
  0.000000E+00
  0.000000E+00
  0.000000E+00
  0.000000E+00
  0.000000E+00
  0.000000E+00
  0.000000E+00
  0.000000E+00
  0.000000E+00
  0.000000E+00
  0.000000E+00
  0.000000E+00
  0.000000E+00
  0.000000E+00
  0.000000E+00
  0.000000E+00
  0.000000E+00
  0.000000E+00
  0.000000E+00
  0.000000E+00
  0.000000E+00
  0.000000E+00
  0.000000E+00
  0.000000E+00
  0.000000E+00
  0.000000E+00
  0.000000E+00
  0.000000E+00
  0.000000E+00
  0.000000E+00
  0.000000E+00
  0.000000E+00
  0.000000E+00
  0.000000E+00
  0.000000E+00
  0.000000E+00
  0.000000E+00
  0.000000E+00
  0.000000E+00
  0.000000E+00
  0.000000E+00
  0.000000E+00
  0.000000E+00
  0.000000E+00
  0.000000E+00
  0.000000E+00
  0.000000E+00
  0.000000E+00
  0.000000E+00
  0.000000E+00
  0.000000E+00
  0.000000E+00
  0.000000E+00
  0.000000E+00
  0.000000E+00
  0.000000E+00
  0.000000E+00
  0.000000E+00
  0.000000E+00
  0.000000E+00
  0.000000E+00
  0.000000E+00
  0.000000E+00
  0.000000E+00
  0.000000E+00
  0.000000E+00
  0.000000E+00
  0.000000E+00
  0.000000E+00
  0.000000E+00
  0.000000E+00
  0.000000E+00
  0.000000E+00
  0.000000E+00
  0.000000E+00
  0.000000E+00
  0.000000E+00
  0.000000E+00
  0.000000E+00
  0.000000E+00
  0.000000E+00
  0.000000E+00
  0.000000E+00
  0.000000E+00
  0.000000E+00
  0.000000E+00
  0.000000E+00
  0.000000E+00
  0.000000E+00
  0.000000E+00
  0.000000E+00
  0.000000E+00
  0.000000E+00
  0.000000E+00
  0.000000E+00
  0.000000E+00
  0.000000E+00
  0.000000E+00
  0.000000E+00
  0.000000E+00
  0.000000E+00
  0.000000E+00
  0.000000E+00
  0.000000E+00
  0.000000E+00
  0.000000E+00
  0.000000E+00
  0.000000E+00
  0.000000E+00
  0.000000E+00
  0.000000E+00
  0.000000E+00
  0.000000E+00
  0.000000E+00
  0.000000E+00
  0.000000E+00
  0.000000E+00
  0.000000E+00
  0.000000E+00
  0.000000E+00
  0.000000E+00
  0.000000E+00
  0.000000E+00
  0.000000E+00
  0.000000E+00
  0.000000E+00
  0.000000E+00
  0.000000E+00
  0.000000E+00
  0.000000E+00
  0.000000E+00
  0.000000E+00
  0.000000E+00
  0.000000E+00
  0.000000E+00
  0.000000E+00
  0.000000E+00
  0.000000E+00
  0.000000E+00
  0.000000E+00
  0.000000E+00
  0.000000E+00
  0.000000E+00
  0.000000E+00
  0.000000E+00
  0.000000E+00
  0.000000E+00
  0.000000E+00
  0.000000E+00
  0.000000E+00
  0.000000E+00
  0.000000E+00
  0.000000E+00
  0.000000E+00
  0.000000E+00
  0.000000E+00
  0.000000E+00
  0.000000E+00
  0.000000E+00
  0.000000E+00
  0.000000E+00
  0.000000E+00
  0.000000E+00
  0.000000E+00
  0.000000E+00
  0.000000E+00
  0.000000E+00
  0.000000E+00
  0.000000E+00
  0.000000E+00
  0.000000E+00
  0.000000E+00
  0.000000E+00
  0.000000E+00
  0.000000E+00
  0.000000E+00
  0.000000E+00
  0.000000E+00
  0.000000E+00
  0.000000E+00
  0.000000E+00
  0.000000E+00
  0.000000E+00
  0.000000E+00
  0.000000E+00
  0.000000E+00
  0.000000E+00
  0.000000E+00
  0.000000E+00
  0.000000E+00
  0.000000E+00
  0.000000E+00
  0.000000E+00
  0.000000E+00
  0.000000E+00
  0.000000E+00
  0.000000E+00
  0.000000E+00
  0.000000E+00
  0.000000E+00
  0.000000E+00
  0.000000E+00
  0.000000E+00
  0.000000E+00
  0.000000E+00
  0.637750E-15
  0.179027E-13
  0.358055E-13
  0.537082E-13
  0.716110E-13
  0.895137E-13
  0.107416E-12
  0.125319E-12
  0.143222E-12
  0.161125E-12
  0.179027E-12
  0.196930E-12
  0.214833E-12
  0.232736E-12
  0.250638E-12
  0.268541E-12
  0.286444E-12
  0.304347E-12
  0.322249E-12
  0.340152E-12
  0.358055E-12
  0.375958E-12
  0.393860E-12
  0.411763E-12
  0.429666E-12
  0.447569E-12
  0.465471E-12
  0.483374E-12
  0.501277E-12
  0.519179E-12
  0.537082E-12
  0.554985E-12
  0.572888E-12
  0.590790E-12
  0.608693E-12
  0.626596E-12
  0.644499E-12
  0.662401E-12
  0.680304E-12
  0.698207E-12
  0.716110E-12
  0.734012E-12
  0.751915E-12
  0.769818E-12
  0.787721E-12
  0.805623E-12
  0.823526E-12
  0.841429E-12
  0.859332E-12
  0.877234E-12
  0.895137E-12
  0.913040E-12
  0.930943E-12
  0.948845E-12
  0.966748E-12
  0.984651E-12
  0.100255E-11
  0.102046E-11
  0.103836E-11
  0.105626E-11
  0.107416E-11
  0.109207E-11
  0.110997E-11
  0.112787E-11
  0.114578E-11
  0.116368E-11
  0.118158E-11
  0.119948E-11
  0.121739E-11
  0.123529E-11
  0.125319E-11
  0.127109E-11
  0.128900E-11
  0.130690E-11
  0.132480E-11
  0.134271E-11
  0.136061E-11
  0.137851E-11
  0.139641E-11
  0.141432E-11
  0.143222E-11
  0.145012E-11
  0.146802E-11
  0.148593E-11
  0.150383E-11
  0.152173E-11
  0.153964E-11
  0.155754E-11
  0.157544E-11
  0.159334E-11
  0.161125E-11
  0.162915E-11
  0.164705E-11
  0.166495E-11
  0.168286E-11
  0.170076E-11
  0.171866E-11
  0.173657E-11
  0.175447E-11
  0.177237E-11
  0.179027E-11
  0.180818E-11
  0.182608E-11
  0.184398E-11
  0.186189E-11
  0.187979E-11
  0.189769E-11
  0.191559E-11
  0.193350E-11
  0.195140E-11
  0.196930E-11
  0.198720E-11
  0.200511E-11
  0.202301E-11
  0.204091E-11
  0.205882E-11
  0.207672E-11
  0.209462E-11
  0.211252E-11
  0.213043E-11
  0.214833E-11
  0.216623E-11
  0.218413E-11
  0.220204E-11
  0.221994E-11
  0.223784E-11
  0.225575E-11
  0.227365E-11
  0.229155E-11
  0.230945E-11
  0.232736E-11
  0.234526E-11
  0.236316E-11
  0.238106E-11
  0.239897E-11
  0.241835E-11
  0.248606E-11
  0.255526E-11
  0.262445E-11
  0.269365E-11
  0.276284E-11
  0.283204E-11
  0.290123E-11
  0.297042E-11
  0.303962E-11
  0.310881E-11
  0.317801E-11
  0.324720E-11
  0.331640E-11
  0.338559E-11
  0.345478E-11
  0.352398E-11
  0.359317E-11
  0.366237E-11
  0.373156E-11
  0.380076E-11
  0.386995E-11
  0.393914E-11
  0.400834E-11
  0.407753E-11
  0.414673E-11
  0.421592E-11
  0.428512E-11
  0.435431E-11
  0.442350E-11
  0.449270E-11
  0.456189E-11
  0.463109E-11
  0.470028E-11
  0.476948E-11
  0.483867E-11
  0.490786E-11
  0.497706E-11
  0.504625E-11
  0.511545E-11
  0.518464E-11
  0.525384E-11
  0.532303E-11
  0.539222E-11
  0.546142E-11
  0.553061E-11
  0.559981E-11
  0.566900E-11
  0.573820E-11
  0.580739E-11
  0.587658E-11
  0.594578E-11
  0.601497E-11
  0.608417E-11
  0.615336E-11
  0.622256E-11
  0.629175E-11
  0.636094E-11
  0.643014E-11
  0.649933E-11
  0.656853E-11
  0.663772E-11
  0.670692E-11
  0.677611E-11
  0.684530E-11
  0.691450E-11
  0.698369E-11
  0.705289E-11
  0.712208E-11
  0.719128E-11
  0.726047E-11
  0.732967E-11
  0.739886E-11
  0.746805E-11
  0.753725E-11
  0.760644E-11
  0.767564E-11
  0.774483E-11
  0.781403E-11
  0.788322E-11
  0.795241E-11
  0.802161E-11
  0.809080E-11
  0.816000E-11
  0.822919E-11
  0.829839E-11
  0.836758E-11
  0.843677E-11
  0.850597E-11
  0.857516E-11
  0.864436E-11
  0.871355E-11
  0.878275E-11
  0.885194E-11
  0.892113E-11
  0.899033E-11
  0.905952E-11
  0.912872E-11
  0.919791E-11
  0.926711E-11
  0.933630E-11
  0.940549E-11
  0.947469E-11
  0.954388E-11
  0.961308E-11
  0.968227E-11
  0.975147E-11
  0.982066E-11
  0.988985E-11
  0.995905E-11
  0.100282E-10
  0.100974E-10
  0.101666E-10
  0.102358E-10
  0.103050E-10
  0.103742E-10
  0.104434E-10
  0.105126E-10
  0.105818E-10
  0.106510E-10
  0.107202E-10
  0.107894E-10
  0.108586E-10
  0.109278E-10
  0.109970E-10
  0.110662E-10
  0.111354E-10
  0.112045E-10
  0.112737E-10
  0.113429E-10
  0.114121E-10
  0.114813E-10
  0.115505E-10
  0.116197E-10
  0.116889E-10
  0.117559E-10
  0.117260E-10
  0.116938E-10
  0.116617E-10
  0.116295E-10
  0.115974E-10
  0.115653E-10
  0.115331E-10
  0.115010E-10
  0.114688E-10
  0.114367E-10
  0.114046E-10
  0.113724E-10
  0.113403E-10
  0.113081E-10
  0.112760E-10
  0.112439E-10
  0.112117E-10
  0.111796E-10
  0.111474E-10
  0.111153E-10
  0.110832E-10
  0.110510E-10
  0.110189E-10
  0.109867E-10
  0.109546E-10
  0.109224E-10
  0.108903E-10
  0.108582E-10
  0.108260E-10
  0.107939E-10
  0.107617E-10
  0.107296E-10
  0.106975E-10
  0.106653E-10
  0.106332E-10
  0.106010E-10
  0.105689E-10
  0.105368E-10
  0.105046E-10
  0.104725E-10
  0.104403E-10
  0.104082E-10
  0.103761E-10
  0.103439E-10
  0.103118E-10
  0.102796E-10
  0.102475E-10
  0.102154E-10
  0.101832E-10
  0.101511E-10
  0.101189E-10
  0.100868E-10
  0.100547E-10
  0.100225E-10
  0.999038E-11
  0.995824E-11
  0.992609E-11
  0.989395E-11
  0.986181E-11
  0.982967E-11
  0.979753E-11
  0.976539E-11
  0.973325E-11
  0.970111E-11
  0.966897E-11
  0.963683E-11
  0.960469E-11
  0.957255E-11
  0.954041E-11
  0.950827E-11
  0.947613E-11
  0.944399E-11
  0.941185E-11
  0.937971E-11
  0.934757E-11
  0.931543E-11
  0.928329E-11
  0.925115E-11
  0.921900E-11
  0.918686E-11
  0.915472E-11
  0.912258E-11
  0.909044E-11
  0.905830E-11
  0.902616E-11
  0.899402E-11
  0.896188E-11
  0.892974E-11
  0.889760E-11
  0.886546E-11
  0.883332E-11
  0.880118E-11
  0.876904E-11
  0.873690E-11
  0.870476E-11
  0.867262E-11
  0.864048E-11
  0.860834E-11
  0.857620E-11
  0.854406E-11
  0.851192E-11
  0.847977E-11
  0.844763E-11
  0.841549E-11
  0.838335E-11
  0.835121E-11
  0.831907E-11
  0.828693E-11
  0.825479E-11
  0.822265E-11
  0.819051E-11
  0.815837E-11
  0.812623E-11
  0.809409E-11
  0.806195E-11
  0.802981E-11
  0.799767E-11
  0.796553E-11
  0.793339E-11
  0.790125E-11
  0.786911E-11
  0.783697E-11
  0.780483E-11
  0.777268E-11
  0.774054E-11
  0.770840E-11
  0.767626E-11
  0.764412E-11
  0.761198E-11
  0.757984E-11
  0.754770E-11
  0.751556E-11
  0.748342E-11
  0.745128E-11
  0.741896E-11
  0.737495E-11
  0.733075E-11
  0.728656E-11
  0.724237E-11
  0.719818E-11
  0.715398E-11
  0.710979E-11
  0.706560E-11
  0.702140E-11
  0.697721E-11
  0.693302E-11
  0.688883E-11
  0.684463E-11
  0.680044E-11
  0.675625E-11
  0.671205E-11
  0.666786E-11
  0.662367E-11
  0.657948E-11
  0.653528E-11
  0.649109E-11
  0.644690E-11
  0.640270E-11
  0.635851E-11
  0.631432E-11
  0.627012E-11
  0.622593E-11
  0.618174E-11
  0.613755E-11
  0.609335E-11
  0.604916E-11
  0.600497E-11
  0.596077E-11
  0.591658E-11
  0.587239E-11
  0.582820E-11
  0.578400E-11
  0.573981E-11
  0.569562E-11
  0.565142E-11
  0.560723E-11
  0.556304E-11
  0.551885E-11
  0.547465E-11
  0.543046E-11
  0.538627E-11
  0.534207E-11
  0.529788E-11
  0.525369E-11
  0.520950E-11
  0.516530E-11
  0.512111E-11
  0.507692E-11
  0.503272E-11
  0.498853E-11
  0.494434E-11
  0.490015E-11
  0.485595E-11
  0.481176E-11
  0.476757E-11
  0.472337E-11
  0.467918E-11
  0.463499E-11
  0.459080E-11
  0.454660E-11
  0.450241E-11
  0.445822E-11
  0.441402E-11
  0.436983E-11
  0.432564E-11
  0.428144E-11
  0.423725E-11
  0.419306E-11
  0.414887E-11
  0.410467E-11
  0.406048E-11
  0.401629E-11
  0.397209E-11
  0.392790E-11
  0.388371E-11
  0.383952E-11
  0.379532E-11
  0.375113E-11
  0.370694E-11
  0.366274E-11
  0.361855E-11
  0.357436E-11
  0.353017E-11
  0.348597E-11
  0.344178E-11
  0.339759E-11
  0.335339E-11
  0.330920E-11
  0.326501E-11
  0.322082E-11
  0.317662E-11
  0.313243E-11
  0.308824E-11
  0.304404E-11
  0.299985E-11
  0.295566E-11
  0.291147E-11
  0.286727E-11
  0.282308E-11
  0.277889E-11
  0.273469E-11
  0.269050E-11
  0.264631E-11
  0.260212E-11
  0.255792E-11
  0.251373E-11
  0.246954E-11
  0.242534E-11
  0.238115E-11
  0.233696E-11
  0.229276E-11
  0.224857E-11
  0.220438E-11
  0.216019E-11
  0.211599E-11
  0.207180E-11
  0.202761E-11
  0.198341E-11
  0.193922E-11
  0.189503E-11
  0.185084E-11
  0.180664E-11
  0.176245E-11
  0.171826E-11
  0.167406E-11
  0.162987E-11
  0.158568E-11
  0.154149E-11
  0.149729E-11
  0.148591E-13
  0.000000E+00
  0.000000E+00
  0.000000E+00
  0.000000E+00
  0.000000E+00
  0.000000E+00
  0.000000E+00
  0.000000E+00
  0.000000E+00
  0.000000E+00
  0.000000E+00
  0.000000E+00
  0.000000E+00
  0.000000E+00
  0.000000E+00
  0.000000E+00
  0.000000E+00
  0.000000E+00
  0.000000E+00
  0.000000E+00
  0.000000E+00
  0.000000E+00
  0.000000E+00
  0.000000E+00
  0.000000E+00
  0.000000E+00
  0.000000E+00
  0.000000E+00
  0.000000E+00
  0.000000E+00
  0.000000E+00
  0.000000E+00
  0.000000E+00
  0.000000E+00
  0.000000E+00
  0.000000E+00
  0.000000E+00
  0.000000E+00
  0.000000E+00
  0.000000E+00
  0.000000E+00
  0.000000E+00
  0.000000E+00
  0.000000E+00
  0.000000E+00
  0.000000E+00
  0.000000E+00
  0.000000E+00
  0.000000E+00
  0.000000E+00
  0.000000E+00
  0.000000E+00
  0.000000E+00
  0.000000E+00
  0.000000E+00
  0.000000E+00
  0.000000E+00
  0.000000E+00
  0.000000E+00
  0.000000E+00
  0.000000E+00
  0.000000E+00
  0.000000E+00
  0.000000E+00
  0.000000E+00
  0.000000E+00
  0.000000E+00
  0.000000E+00
  0.000000E+00
  0.000000E+00
  0.000000E+00
  0.000000E+00
  0.000000E+00
  0.000000E+00
  0.000000E+00
  0.000000E+00
  0.000000E+00
  0.000000E+00
  0.000000E+00
  0.000000E+00
  0.000000E+00
  0.000000E+00
  0.000000E+00
  0.000000E+00
  0.000000E+00
  0.000000E+00
  0.000000E+00
  0.000000E+00
  0.000000E+00
  0.000000E+00
  0.000000E+00
  0.000000E+00
  0.000000E+00
  0.000000E+00
  0.000000E+00
  0.000000E+00
  0.000000E+00
  0.000000E+00
  0.000000E+00
  0.000000E+00
  0.000000E+00
  0.000000E+00
  0.000000E+00
  0.000000E+00
  0.000000E+00
  0.000000E+00
  0.000000E+00
  0.000000E+00
  0.000000E+00
  0.000000E+00
  0.000000E+00
  0.000000E+00
  0.000000E+00
  0.000000E+00
  0.000000E+00
  0.000000E+00
  0.000000E+00
  0.000000E+00
  0.000000E+00
  0.000000E+00
  0.000000E+00
  0.000000E+00
  0.000000E+00
  0.000000E+00
  0.000000E+00
  0.000000E+00
  0.000000E+00
  0.000000E+00
  0.000000E+00
  0.000000E+00
  0.000000E+00
  0.000000E+00
  0.000000E+00
  0.000000E+00
  0.000000E+00
  0.000000E+00
  0.000000E+00
  0.000000E+00
  0.000000E+00
  0.000000E+00
  0.000000E+00
  0.000000E+00
  0.000000E+00
  0.000000E+00
  0.000000E+00
  0.000000E+00
  0.000000E+00
  0.000000E+00
  0.000000E+00
  0.000000E+00
  0.000000E+00
  0.000000E+00
  0.000000E+00
  0.000000E+00
  0.000000E+00
  0.000000E+00
  0.000000E+00
  0.000000E+00
  0.000000E+00
  0.000000E+00
  0.000000E+00
  0.000000E+00
  0.000000E+00
  0.000000E+00
  0.000000E+00
  0.000000E+00
  0.000000E+00
  0.000000E+00
  0.000000E+00
  0.000000E+00
  0.000000E+00
  0.000000E+00
  0.000000E+00
  0.000000E+00
  0.000000E+00
  0.000000E+00
  0.000000E+00
  0.000000E+00
  0.000000E+00
  0.000000E+00
  0.000000E+00
  0.000000E+00
  0.000000E+00
  0.000000E+00
  0.000000E+00
  0.000000E+00
  0.000000E+00
  0.000000E+00
  0.000000E+00
  0.000000E+00
  0.000000E+00
  0.000000E+00
  0.000000E+00
  0.000000E+00
  0.000000E+00
  0.000000E+00
  0.000000E+00
  0.000000E+00
  0.000000E+00
  0.000000E+00
  0.000000E+00
  0.000000E+00
  0.000000E+00
  0.000000E+00
  0.000000E+00
  0.000000E+00
  0.000000E+00
  0.000000E+00
  0.000000E+00
  0.000000E+00
  0.000000E+00
  0.000000E+00
  0.000000E+00
  0.000000E+00
  0.000000E+00
  0.000000E+00
  0.000000E+00
  0.000000E+00
  0.000000E+00
  0.000000E+00
  0.000000E+00
  0.000000E+00
  0.000000E+00
  0.000000E+00
  0.000000E+00
  0.000000E+00
  0.000000E+00
  0.000000E+00
  0.000000E+00
  0.000000E+00
  0.000000E+00
  0.000000E+00
  0.000000E+00
  0.000000E+00
  0.000000E+00
  0.000000E+00
  0.000000E+00
  0.000000E+00
  0.000000E+00
  0.000000E+00
  0.000000E+00
  0.000000E+00
  0.000000E+00
  0.000000E+00
  0.000000E+00
  0.000000E+00
  0.000000E+00
  0.000000E+00
  0.000000E+00
  0.000000E+00
  0.000000E+00
  0.000000E+00
  0.000000E+00
  0.000000E+00
  0.000000E+00
  0.000000E+00
  0.000000E+00
  0.000000E+00
  0.000000E+00
  0.000000E+00
  0.000000E+00
  0.000000E+00
  0.000000E+00
  0.000000E+00
  0.000000E+00
  0.000000E+00
  0.000000E+00
  0.000000E+00
  0.000000E+00
  0.000000E+00
  0.000000E+00
  0.000000E+00
  0.000000E+00
  0.000000E+00
  0.000000E+00
  0.000000E+00
  0.000000E+00
  0.000000E+00
  0.000000E+00
  0.000000E+00
  0.000000E+00
  0.000000E+00
  0.000000E+00
  0.000000E+00
  0.000000E+00
  0.000000E+00
  0.000000E+00
  0.000000E+00
  0.000000E+00
  0.000000E+00
  0.000000E+00
  0.000000E+00
  0.000000E+00
  0.000000E+00
  0.000000E+00
  0.000000E+00
  0.000000E+00
  0.000000E+00
  0.000000E+00
  0.000000E+00
  0.000000E+00
  0.000000E+00
  0.000000E+00
  0.000000E+00
  0.000000E+00
  0.000000E+00
  0.000000E+00
  0.000000E+00
  0.000000E+00
  0.000000E+00
  0.000000E+00
  0.000000E+00
  0.000000E+00
  0.000000E+00
  0.000000E+00
  0.000000E+00
  0.000000E+00
  0.000000E+00
  0.000000E+00
  0.000000E+00
  0.000000E+00
  0.000000E+00
  0.000000E+00
  0.000000E+00
  0.000000E+00
  0.000000E+00
  0.000000E+00
  0.000000E+00
  0.000000E+00
  0.000000E+00
  0.000000E+00
  0.000000E+00
  0.000000E+00
  0.000000E+00
  0.000000E+00
  0.000000E+00
  0.000000E+00
  0.000000E+00
  0.000000E+00
  0.000000E+00
  0.000000E+00
  0.000000E+00
  0.000000E+00
  0.000000E+00
  0.000000E+00
  0.000000E+00
  0.000000E+00
  0.000000E+00
  0.000000E+00
  0.000000E+00
  0.000000E+00
  0.000000E+00
  0.000000E+00
  0.000000E+00
  0.000000E+00
  0.000000E+00
  0.000000E+00
  0.000000E+00
  0.000000E+00
  0.000000E+00
  0.000000E+00
  0.000000E+00
  0.000000E+00
  0.000000E+00
  0.000000E+00
  0.000000E+00
  0.000000E+00
  0.000000E+00
  0.000000E+00
  0.000000E+00
  0.000000E+00
  0.000000E+00
  0.000000E+00
  0.000000E+00
  0.000000E+00
  0.000000E+00
  0.000000E+00
  0.000000E+00
  0.000000E+00
  0.000000E+00
  0.000000E+00
  0.000000E+00
  0.000000E+00
  0.000000E+00
  0.000000E+00
  0.000000E+00
  0.000000E+00
  0.000000E+00
  0.000000E+00
  0.000000E+00
  0.000000E+00
  0.000000E+00
  0.000000E+00
  0.000000E+00
  0.000000E+00
  0.000000E+00
  0.000000E+00
  0.000000E+00
  0.000000E+00
  0.000000E+00
  0.000000E+00
  0.000000E+00
  0.000000E+00
  0.000000E+00
  0.000000E+00
  0.000000E+00
  0.000000E+00
  0.000000E+00
  0.000000E+00
  0.000000E+00
  0.000000E+00
  0.000000E+00
  0.000000E+00
  0.000000E+00
  0.000000E+00
  0.000000E+00
  0.000000E+00
  0.000000E+00
  0.000000E+00
  0.000000E+00
  0.000000E+00
  0.000000E+00
  0.000000E+00
  0.000000E+00
  0.000000E+00
  0.000000E+00
  0.000000E+00
  0.000000E+00
  0.000000E+00
  0.000000E+00
  0.000000E+00
  0.000000E+00
  0.000000E+00
  0.000000E+00
  0.000000E+00
  0.000000E+00
  0.000000E+00
  0.000000E+00
  0.000000E+00
  0.000000E+00
  0.000000E+00
  0.000000E+00
  0.000000E+00
  0.000000E+00
  0.000000E+00
  0.000000E+00
  0.000000E+00
  0.000000E+00
  0.000000E+00
  0.000000E+00
  0.000000E+00
  0.000000E+00
  0.000000E+00
  0.000000E+00
  0.000000E+00
  0.000000E+00
  0.000000E+00
  0.000000E+00
  0.000000E+00
  0.000000E+00
  0.000000E+00
  0.000000E+00
  0.000000E+00
  0.000000E+00
  0.000000E+00
  0.000000E+00
  0.000000E+00
  0.000000E+00
  0.000000E+00
  0.000000E+00
  0.000000E+00
  0.000000E+00
  0.000000E+00
  0.000000E+00
  0.000000E+00
  0.000000E+00
  0.000000E+00
  0.000000E+00
  0.000000E+00
  0.000000E+00
  0.000000E+00
  0.000000E+00
  0.000000E+00
  0.000000E+00
  0.000000E+00
  0.000000E+00
  0.000000E+00
  0.000000E+00
  0.000000E+00
  0.000000E+00
  0.000000E+00
  0.000000E+00
  0.000000E+00
  0.000000E+00
  0.000000E+00
  0.000000E+00
  0.000000E+00
  0.000000E+00
  0.000000E+00
  0.000000E+00
  0.000000E+00
  0.000000E+00
  0.000000E+00
  0.000000E+00
  0.000000E+00
  0.000000E+00
  0.000000E+00
  0.000000E+00
  0.000000E+00
  0.000000E+00
  0.000000E+00
  0.000000E+00
  0.000000E+00
  0.000000E+00
  0.000000E+00
  0.000000E+00
  0.000000E+00
  0.000000E+00
  0.000000E+00
  0.000000E+00
  0.000000E+00
  0.000000E+00
  0.000000E+00
  0.000000E+00
  0.000000E+00
  0.000000E+00
  0.000000E+00
  0.000000E+00
  0.000000E+00
  0.000000E+00
  0.000000E+00
  0.000000E+00
  0.000000E+00
  0.000000E+00
  0.000000E+00
  0.000000E+00
  0.000000E+00
  0.000000E+00
  0.000000E+00
  0.000000E+00
  0.000000E+00
  0.000000E+00
  0.000000E+00
  0.000000E+00
  0.000000E+00
  0.000000E+00
  0.000000E+00
  0.000000E+00
  0.000000E+00
  0.000000E+00
  0.000000E+00
  0.000000E+00
  0.000000E+00
  0.000000E+00
  0.000000E+00
  0.000000E+00
  0.000000E+00
  0.000000E+00
  0.000000E+00
  0.000000E+00
  0.000000E+00
  0.000000E+00
  0.000000E+00
  0.000000E+00
  0.000000E+00
  0.000000E+00
  0.000000E+00
  0.000000E+00
  0.000000E+00
  0.000000E+00
  0.000000E+00
  0.000000E+00
  0.000000E+00
  0.000000E+00
  0.000000E+00
  0.000000E+00
  0.000000E+00
  0.000000E+00
  0.000000E+00
  0.000000E+00
  0.000000E+00
  0.000000E+00
  0.000000E+00
  0.000000E+00
  0.000000E+00
  0.000000E+00
  0.000000E+00
  0.000000E+00
  0.000000E+00
  0.000000E+00
  0.000000E+00
  0.000000E+00
  0.000000E+00
  0.000000E+00
  0.000000E+00
  0.000000E+00
  0.000000E+00
  0.000000E+00
  0.000000E+00
  0.000000E+00
  0.000000E+00
  0.000000E+00
  0.000000E+00
  0.000000E+00
  0.000000E+00
  0.000000E+00
  0.000000E+00
  0.000000E+00
  0.000000E+00
  0.000000E+00
  0.000000E+00
  0.000000E+00
  0.000000E+00
  0.000000E+00
  0.000000E+00
  0.000000E+00
  0.000000E+00
  0.000000E+00
  0.000000E+00
  0.000000E+00
  0.000000E+00
  0.000000E+00
  0.000000E+00
  0.000000E+00
  0.000000E+00
  0.000000E+00
  0.000000E+00
  0.000000E+00
  0.000000E+00
  0.000000E+00
  0.000000E+00
  0.000000E+00
  0.000000E+00
  0.000000E+00
  0.000000E+00
  0.000000E+00
  0.000000E+00
  0.000000E+00
  0.000000E+00
  0.000000E+00
  0.000000E+00
  0.000000E+00
  0.000000E+00
  0.000000E+00
  0.000000E+00
  0.000000E+00
  0.000000E+00
  0.000000E+00
  0.000000E+00
  0.000000E+00
  0.000000E+00
  0.000000E+00
  0.000000E+00
  0.000000E+00
  0.000000E+00
  0.000000E+00
  0.000000E+00
  0.000000E+00
  0.000000E+00
  0.000000E+00
  0.000000E+00
  0.000000E+00
  0.000000E+00
  0.000000E+00
  0.000000E+00
  0.000000E+00
  0.000000E+00
  0.000000E+00
  0.000000E+00
  0.000000E+00
  0.000000E+00
  0.000000E+00
  0.000000E+00
  0.000000E+00
  0.000000E+00
  0.000000E+00
  0.000000E+00
  0.000000E+00
  0.000000E+00
  0.000000E+00
  0.000000E+00
  0.000000E+00
  0.000000E+00
  0.000000E+00
  0.000000E+00
  0.000000E+00
  0.000000E+00
  0.000000E+00
  0.000000E+00
  0.000000E+00
  0.000000E+00
  0.000000E+00
  0.000000E+00
  0.000000E+00
  0.000000E+00
  0.000000E+00
  0.000000E+00
  0.000000E+00
  0.000000E+00
  0.000000E+00
  0.000000E+00
  0.000000E+00
  0.000000E+00
  0.000000E+00
  0.000000E+00
  0.000000E+00
  0.000000E+00
  0.000000E+00
  0.000000E+00
  0.000000E+00
  0.000000E+00
  0.000000E+00
  0.000000E+00
  0.000000E+00
  0.000000E+00
  0.000000E+00
  0.000000E+00
  0.000000E+00
  0.000000E+00
  0.000000E+00
  0.000000E+00
  0.000000E+00
  0.000000E+00
  0.000000E+00
  0.000000E+00
  0.000000E+00
  0.000000E+00
  0.000000E+00
  0.000000E+00
  0.000000E+00
  0.000000E+00
  0.000000E+00
  0.000000E+00
  0.000000E+00
  0.000000E+00
  0.000000E+00
  0.000000E+00
  0.000000E+00
  0.000000E+00
  0.000000E+00
  0.000000E+00
  0.000000E+00
  0.000000E+00
  0.000000E+00
  0.000000E+00
  0.000000E+00
  0.000000E+00
  0.000000E+00
  0.000000E+00
  0.000000E+00
  0.000000E+00
  0.000000E+00
  0.000000E+00
  0.000000E+00
  0.000000E+00
  0.000000E+00
  0.000000E+00
  0.000000E+00
  0.000000E+00
  0.000000E+00
  0.000000E+00
  0.000000E+00
  0.000000E+00
  0.000000E+00
  0.000000E+00
  0.000000E+00
  0.000000E+00
  0.000000E+00
  0.000000E+00
  0.000000E+00
  0.000000E+00
  0.000000E+00
  0.000000E+00
  0.000000E+00
  0.000000E+00
  0.000000E+00
  0.000000E+00
  0.000000E+00
  0.000000E+00
  0.000000E+00
  0.000000E+00
  0.000000E+00
  0.000000E+00
  0.000000E+00
  0.000000E+00
  0.000000E+00
  0.000000E+00
  0.000000E+00
  0.000000E+00
  0.000000E+00
  0.000000E+00
  0.000000E+00
  0.000000E+00
  0.000000E+00
  0.000000E+00
  0.000000E+00
  0.000000E+00
  0.000000E+00
  0.000000E+00
  0.000000E+00
  0.000000E+00
  0.000000E+00
  0.000000E+00
  0.000000E+00
  0.000000E+00
  0.000000E+00
  0.000000E+00
  0.000000E+00
  0.000000E+00
  0.000000E+00
  0.000000E+00
  0.000000E+00
  0.000000E+00
  0.000000E+00
  0.000000E+00
  0.000000E+00
  0.000000E+00
  0.000000E+00
  0.000000E+00
  0.000000E+00
  0.000000E+00
  0.000000E+00
  0.000000E+00
  0.000000E+00
  0.000000E+00
  0.000000E+00
  0.000000E+00
  0.000000E+00
  0.000000E+00
  0.000000E+00
  0.000000E+00
  0.000000E+00
  0.000000E+00
  0.000000E+00
  0.000000E+00
  0.000000E+00
  0.000000E+00
  0.000000E+00
  0.000000E+00
  0.000000E+00
  0.000000E+00
  0.000000E+00
  0.000000E+00
  0.000000E+00
  0.000000E+00
  0.000000E+00
  0.000000E+00
  0.000000E+00
  0.000000E+00
  0.000000E+00
  0.000000E+00
  0.000000E+00
  0.000000E+00
  0.000000E+00
  0.000000E+00
  0.000000E+00
  0.000000E+00
  0.000000E+00
  0.000000E+00
  0.000000E+00
  0.000000E+00
  0.000000E+00
  0.000000E+00
  0.000000E+00
  0.000000E+00
  0.000000E+00
  0.000000E+00
  0.000000E+00
  0.000000E+00
  0.000000E+00
  0.000000E+00
  0.000000E+00
  0.000000E+00
  0.000000E+00
  0.000000E+00
  0.000000E+00
  0.000000E+00
  0.000000E+00
  0.000000E+00
  0.000000E+00
  0.000000E+00
  0.000000E+00
  0.000000E+00
  0.000000E+00
  0.000000E+00
  0.000000E+00
  0.000000E+00
  0.000000E+00
  0.000000E+00
  0.000000E+00
  0.000000E+00
  0.000000E+00
  0.000000E+00
  0.000000E+00
  0.000000E+00
  0.000000E+00
  0.000000E+00
  0.000000E+00
  0.000000E+00
  0.000000E+00
  0.000000E+00
  0.000000E+00
  0.000000E+00
  0.000000E+00
  0.000000E+00
  0.000000E+00
  0.000000E+00
  0.000000E+00
  0.000000E+00
  0.000000E+00
  0.000000E+00
  0.000000E+00
  0.000000E+00
  0.000000E+00
  0.000000E+00
  0.000000E+00
  0.000000E+00
  0.000000E+00
  0.000000E+00
  0.000000E+00
  0.000000E+00
  0.000000E+00
  0.000000E+00
  0.000000E+00
  0.000000E+00
  0.000000E+00
  0.000000E+00
  0.000000E+00
  0.000000E+00
  0.000000E+00
  0.000000E+00
  0.000000E+00
  0.000000E+00
  0.000000E+00
  0.000000E+00
  0.000000E+00
  0.000000E+00
  0.000000E+00
  0.000000E+00
  0.000000E+00
  0.000000E+00
  0.000000E+00
  0.000000E+00
  0.000000E+00
  0.000000E+00
  0.000000E+00
  0.000000E+00
  0.000000E+00
  0.000000E+00
  0.000000E+00
  0.000000E+00
  0.000000E+00
  0.000000E+00
  0.000000E+00
  0.000000E+00
  0.000000E+00
  0.000000E+00
  0.000000E+00
  0.000000E+00
  0.000000E+00
  0.000000E+00
  0.000000E+00
  0.000000E+00
  0.000000E+00
  0.000000E+00
  0.000000E+00
  0.000000E+00
  0.000000E+00
  0.000000E+00
  0.000000E+00
  0.000000E+00
  0.000000E+00
  0.000000E+00
  0.000000E+00
  0.000000E+00
  0.000000E+00
  0.000000E+00
  0.000000E+00
  0.000000E+00
  0.000000E+00
  0.000000E+00
  0.000000E+00
  0.000000E+00
  0.000000E+00
  0.000000E+00
  0.000000E+00
  0.000000E+00
  0.000000E+00
  0.000000E+00
  0.000000E+00
  0.000000E+00
  0.000000E+00
  0.000000E+00
  0.000000E+00
  0.000000E+00
  0.000000E+00
  0.000000E+00
  0.000000E+00
  0.000000E+00
  0.000000E+00
  0.000000E+00
  0.000000E+00
  0.000000E+00
  0.000000E+00
  0.000000E+00
  0.000000E+00
  0.000000E+00
  0.000000E+00
  0.000000E+00
  0.000000E+00
  0.000000E+00
  0.000000E+00
  0.000000E+00
  0.000000E+00
  0.000000E+00
  0.000000E+00
  0.000000E+00
  0.000000E+00
  0.000000E+00
  0.000000E+00
  0.000000E+00
  0.000000E+00
  0.000000E+00
  0.000000E+00
  0.000000E+00
  0.000000E+00
  0.000000E+00
  0.000000E+00
  0.000000E+00
  0.000000E+00
  0.000000E+00
  0.000000E+00
  0.000000E+00
  0.000000E+00
  0.000000E+00
  0.000000E+00
  0.000000E+00
  0.000000E+00
  0.000000E+00
  0.000000E+00
  0.000000E+00
  0.000000E+00
  0.000000E+00
  0.000000E+00
  0.000000E+00
  0.000000E+00
  0.000000E+00
  0.000000E+00
  0.000000E+00
  0.000000E+00
  0.000000E+00
  0.000000E+00
  0.000000E+00
  0.000000E+00
  0.000000E+00
  0.000000E+00
  0.000000E+00
  0.000000E+00
  0.000000E+00
  0.000000E+00
  0.000000E+00
  0.000000E+00
  0.000000E+00
  0.000000E+00
  0.000000E+00
  0.000000E+00
  0.000000E+00
  0.000000E+00
  0.000000E+00
  0.000000E+00
  0.000000E+00
  0.000000E+00
  0.000000E+00
  0.000000E+00
  0.000000E+00
  0.000000E+00
  0.000000E+00
  0.000000E+00
  0.000000E+00
  0.000000E+00
  0.000000E+00
  0.000000E+00
  0.000000E+00
  0.000000E+00
  0.000000E+00
  0.000000E+00
  0.000000E+00
  0.000000E+00
  0.000000E+00
  0.000000E+00
  0.000000E+00
  0.000000E+00
  0.000000E+00
  0.000000E+00
  0.000000E+00
  0.000000E+00
  0.000000E+00
  0.000000E+00
  0.000000E+00
  0.000000E+00
  0.000000E+00
  0.000000E+00
  0.000000E+00
  0.000000E+00
  0.000000E+00
  0.000000E+00
  0.000000E+00
  0.000000E+00
  0.000000E+00
  0.000000E+00
  0.000000E+00
  0.000000E+00
  0.000000E+00
  0.000000E+00
  0.000000E+00
  0.000000E+00
  0.000000E+00
  0.000000E+00
  0.000000E+00
  0.000000E+00
  0.000000E+00
  0.000000E+00
  0.000000E+00
  0.000000E+00
  0.000000E+00
  0.000000E+00
  0.000000E+00
  0.000000E+00
  0.000000E+00
  0.000000E+00
  0.000000E+00
  0.000000E+00
  0.000000E+00
  0.000000E+00
  0.000000E+00
  0.000000E+00
  0.000000E+00
  0.000000E+00
  0.000000E+00
  0.000000E+00
  0.000000E+00
  0.000000E+00
  0.000000E+00
  0.000000E+00
  0.000000E+00
  0.000000E+00
  0.000000E+00
  0.000000E+00
  0.000000E+00
  0.000000E+00
  0.000000E+00
  0.000000E+00
  0.000000E+00
  0.000000E+00
  0.000000E+00
  0.000000E+00
  0.000000E+00
  0.000000E+00
  0.000000E+00
  0.000000E+00
  0.000000E+00
  0.000000E+00
  0.000000E+00
  0.000000E+00
  0.000000E+00
  0.000000E+00
  0.000000E+00
  0.000000E+00
  0.000000E+00
  0.000000E+00
  0.000000E+00
  0.000000E+00
  0.000000E+00
  0.000000E+00
  0.000000E+00
  0.000000E+00
  0.000000E+00
  0.000000E+00
  0.000000E+00
  0.000000E+00
  0.000000E+00
  0.000000E+00
  0.000000E+00
  0.000000E+00
  0.000000E+00
  0.000000E+00
  0.000000E+00
  0.000000E+00
  0.000000E+00
  0.000000E+00
  0.000000E+00
  0.000000E+00
  0.000000E+00
  0.000000E+00
  0.000000E+00
  0.000000E+00
  0.000000E+00
  0.000000E+00
  0.000000E+00
  0.000000E+00
  0.000000E+00
  0.000000E+00
  0.000000E+00
  0.000000E+00
  0.000000E+00
  0.000000E+00
  0.000000E+00
  0.000000E+00
  0.000000E+00
  0.000000E+00
  0.000000E+00
  0.000000E+00
  0.000000E+00
  0.000000E+00
  0.000000E+00
  0.000000E+00
  0.000000E+00
  0.000000E+00
  0.000000E+00
  0.000000E+00
  0.000000E+00
  0.000000E+00
  0.000000E+00
  0.000000E+00
  0.000000E+00
  0.000000E+00
  0.000000E+00
  0.000000E+00
  0.000000E+00
  0.000000E+00
  0.000000E+00
  0.000000E+00
  0.000000E+00
  0.000000E+00
  0.000000E+00
  0.000000E+00
  0.000000E+00
  0.000000E+00
  0.000000E+00
  0.000000E+00
  0.000000E+00
  0.000000E+00
  0.000000E+00
  0.000000E+00
  0.000000E+00
  0.000000E+00
  0.000000E+00
  0.000000E+00
  0.000000E+00
  0.000000E+00
  0.000000E+00
  0.000000E+00
  0.000000E+00
  0.000000E+00
  0.000000E+00
  0.000000E+00
  0.000000E+00
  0.000000E+00
  0.000000E+00
  0.000000E+00
  0.000000E+00
  0.000000E+00
  0.000000E+00
  0.000000E+00
  0.000000E+00
  0.000000E+00
  0.000000E+00
  0.000000E+00
  0.000000E+00
  0.000000E+00
  0.000000E+00
  0.000000E+00
  0.000000E+00
  0.000000E+00
  0.000000E+00
  0.000000E+00
  0.000000E+00
  0.000000E+00
  0.000000E+00
  0.000000E+00
  0.000000E+00
  0.000000E+00
  0.000000E+00
  0.000000E+00
  0.000000E+00
  0.000000E+00
  0.000000E+00
  0.000000E+00
  0.000000E+00
  0.000000E+00
  0.000000E+00
  0.000000E+00
  0.000000E+00
  0.000000E+00
  0.000000E+00
  0.000000E+00
  0.000000E+00
  0.000000E+00
  0.000000E+00
  0.000000E+00
  0.000000E+00
  0.000000E+00
  0.000000E+00
  0.000000E+00
  0.000000E+00
  0.000000E+00
  0.000000E+00
  0.000000E+00
  0.000000E+00
  0.000000E+00
  0.000000E+00
  0.000000E+00
  0.000000E+00
  0.000000E+00
  0.000000E+00
  0.000000E+00
  0.000000E+00
  0.000000E+00
  0.000000E+00
  0.000000E+00
  0.000000E+00
  0.000000E+00
  0.000000E+00
  0.000000E+00
  0.000000E+00
  0.000000E+00
  0.000000E+00
  0.000000E+00
  0.000000E+00
  0.000000E+00
  0.000000E+00
  0.000000E+00
  0.000000E+00
  0.000000E+00
  0.000000E+00
  0.000000E+00
  0.000000E+00
  0.000000E+00
  0.000000E+00
  0.000000E+00
  0.000000E+00
  0.000000E+00
  0.000000E+00
  0.000000E+00
  0.000000E+00
  0.000000E+00
  0.000000E+00
  0.000000E+00
  0.000000E+00
  0.000000E+00
  0.000000E+00
  0.000000E+00
  0.000000E+00
  0.000000E+00
  0.000000E+00
  0.000000E+00
  0.000000E+00
  0.000000E+00
  0.000000E+00
  0.000000E+00
  0.000000E+00
  0.000000E+00
  0.000000E+00
  0.000000E+00
  0.000000E+00
  0.000000E+00
  0.000000E+00
  0.000000E+00
  0.000000E+00
  0.000000E+00
  0.000000E+00
  0.000000E+00
  0.000000E+00
  0.000000E+00
  0.000000E+00
  0.000000E+00
  0.000000E+00
  0.000000E+00
  0.000000E+00
  0.000000E+00
  0.000000E+00
  0.000000E+00
  0.000000E+00
  0.000000E+00
  0.000000E+00
  0.000000E+00
  0.000000E+00
  0.000000E+00
  0.000000E+00
  0.000000E+00
  0.000000E+00
  0.000000E+00
  0.000000E+00
  0.000000E+00
  0.000000E+00
  0.000000E+00
  0.000000E+00
  0.000000E+00
  0.000000E+00
  0.000000E+00
  0.000000E+00
  0.000000E+00
  0.000000E+00
  0.000000E+00
  0.000000E+00
  0.000000E+00
  0.000000E+00
  0.000000E+00
  0.000000E+00
  0.000000E+00
  0.000000E+00
  0.000000E+00
  0.000000E+00
  0.000000E+00
  0.000000E+00
  0.000000E+00
  0.000000E+00
  0.000000E+00
  0.000000E+00
  0.000000E+00
  0.000000E+00
  0.000000E+00
  0.000000E+00
  0.000000E+00
  0.000000E+00
  0.000000E+00
  0.000000E+00
  0.000000E+00
  0.000000E+00
  0.000000E+00
  0.000000E+00
  0.000000E+00
  0.000000E+00
  0.000000E+00
  0.000000E+00
  0.000000E+00
  0.000000E+00
  0.000000E+00
  0.000000E+00
  0.000000E+00
  0.000000E+00
  0.000000E+00
  0.000000E+00
  0.000000E+00
  0.000000E+00
  0.000000E+00
  0.000000E+00
  0.000000E+00
  0.000000E+00
  0.000000E+00
  0.000000E+00
  0.000000E+00
  0.000000E+00
  0.000000E+00
  0.000000E+00
  0.000000E+00
  0.000000E+00
  0.000000E+00
  0.000000E+00
  0.000000E+00
  0.000000E+00
  0.000000E+00
  0.000000E+00
  0.000000E+00
  0.000000E+00
  0.000000E+00
  0.000000E+00
  0.000000E+00
  0.000000E+00
  0.000000E+00
  0.000000E+00
  0.000000E+00
  0.000000E+00
  0.000000E+00
  0.000000E+00
  0.000000E+00
  0.000000E+00
  0.000000E+00
  0.000000E+00
  0.000000E+00
  0.000000E+00
  0.000000E+00
  0.000000E+00
  0.000000E+00
  0.000000E+00
  0.000000E+00
  0.000000E+00
  0.000000E+00
  0.000000E+00
  0.000000E+00
  0.000000E+00
  0.000000E+00
  0.000000E+00
  0.000000E+00
  0.000000E+00
  0.000000E+00
  0.000000E+00
  0.000000E+00
  0.000000E+00
  0.000000E+00
  0.000000E+00
  0.000000E+00
  0.000000E+00
  0.000000E+00
  0.000000E+00
  0.000000E+00
  0.000000E+00
  0.000000E+00
  0.000000E+00
  0.000000E+00
  0.000000E+00
  0.000000E+00
  0.000000E+00
  0.000000E+00
  0.000000E+00
  0.000000E+00
  0.000000E+00
  0.000000E+00
  0.000000E+00
  0.000000E+00
  0.000000E+00
  0.000000E+00
  0.000000E+00
  0.000000E+00
  0.000000E+00
  0.000000E+00
  0.000000E+00
  0.000000E+00
  0.000000E+00
  0.000000E+00
  0.000000E+00
  0.000000E+00
  0.000000E+00
  0.000000E+00
  0.000000E+00
  0.000000E+00
  0.000000E+00
  0.000000E+00
  0.000000E+00
  0.000000E+00
  0.000000E+00
  0.000000E+00
  0.000000E+00
  0.000000E+00
  0.000000E+00
  0.000000E+00
  0.000000E+00
  0.000000E+00
  0.000000E+00
  0.000000E+00
  0.000000E+00
  0.000000E+00
  0.000000E+00
  0.000000E+00
  0.000000E+00
  0.000000E+00
  0.000000E+00
  0.000000E+00
  0.000000E+00
  0.000000E+00
  0.000000E+00
  0.000000E+00
  0.000000E+00
  0.000000E+00
  0.000000E+00
  0.000000E+00
  0.000000E+00
  0.000000E+00
  0.000000E+00
  0.000000E+00
  0.000000E+00
  0.000000E+00
  0.000000E+00
  0.000000E+00
  0.000000E+00
  0.000000E+00
  0.000000E+00
  0.000000E+00
  0.000000E+00
  0.000000E+00
  0.000000E+00
  0.000000E+00
  0.000000E+00
  0.000000E+00
  0.000000E+00
  0.000000E+00
  0.000000E+00
  0.000000E+00
  0.000000E+00
  0.000000E+00
  0.000000E+00
  0.000000E+00
  0.000000E+00
  0.000000E+00
  0.000000E+00
  0.000000E+00
  0.000000E+00
  0.000000E+00
  0.000000E+00
  0.000000E+00
  0.000000E+00
  0.000000E+00
  0.000000E+00
  0.000000E+00
  0.000000E+00
  0.000000E+00
  0.000000E+00
  0.000000E+00
  0.000000E+00
  0.000000E+00
  0.000000E+00
  0.000000E+00
  0.000000E+00
  0.000000E+00
  0.000000E+00
  0.000000E+00
  0.000000E+00
  0.000000E+00
  0.000000E+00
  0.000000E+00
  0.000000E+00
  0.000000E+00
  0.000000E+00
  0.000000E+00
  0.000000E+00
  0.000000E+00
  0.000000E+00
  0.000000E+00
  0.000000E+00
  0.000000E+00
  0.000000E+00
  0.000000E+00
  0.000000E+00
  0.000000E+00
  0.000000E+00
  0.000000E+00
  0.000000E+00
  0.000000E+00
  0.000000E+00
  0.000000E+00
  0.000000E+00
  0.000000E+00
  0.000000E+00
  0.000000E+00
  0.000000E+00
  0.000000E+00
  0.000000E+00
  0.000000E+00
  0.000000E+00
  0.000000E+00
  0.000000E+00
  0.000000E+00
  0.000000E+00
  0.000000E+00
  0.000000E+00
  0.000000E+00
  0.000000E+00
  0.000000E+00
  0.000000E+00
  0.000000E+00
  0.000000E+00
  0.000000E+00
  0.000000E+00
  0.000000E+00
  0.000000E+00
  0.000000E+00
  0.000000E+00
  0.000000E+00
  0.000000E+00
  0.000000E+00
  0.000000E+00
  0.000000E+00
  0.000000E+00
  0.000000E+00
  0.000000E+00
  0.000000E+00
  0.000000E+00
  0.000000E+00
  0.000000E+00
  0.000000E+00
  0.000000E+00
  0.000000E+00
  0.000000E+00
  0.000000E+00
  0.000000E+00
  0.000000E+00
  0.000000E+00
  0.000000E+00
  0.000000E+00
  0.000000E+00
  0.000000E+00
  0.000000E+00
  0.000000E+00
  0.000000E+00
  0.000000E+00
  0.000000E+00
  0.000000E+00
  0.000000E+00
  0.000000E+00
  0.000000E+00
  0.000000E+00
  0.000000E+00
  0.000000E+00
  0.000000E+00
  0.000000E+00
  0.000000E+00
  0.000000E+00
  0.000000E+00
  0.000000E+00
  0.000000E+00
  0.000000E+00
  0.000000E+00
  0.000000E+00
  0.000000E+00
  0.000000E+00
  0.000000E+00
  0.000000E+00
  0.000000E+00
  0.000000E+00
  0.000000E+00
  0.000000E+00
  0.000000E+00
  0.000000E+00
  0.000000E+00
  0.000000E+00
  0.000000E+00
  0.000000E+00
  0.000000E+00
  0.000000E+00
  0.000000E+00
  0.000000E+00
  0.000000E+00
  0.000000E+00
  0.000000E+00
  0.000000E+00
  0.000000E+00
  0.000000E+00
  0.000000E+00
  0.000000E+00
  0.000000E+00
  0.000000E+00
  0.000000E+00
  0.000000E+00
  0.000000E+00
  0.000000E+00
  0.000000E+00
  0.000000E+00
  0.000000E+00
  0.000000E+00
  0.000000E+00
  0.000000E+00
  0.000000E+00
  0.000000E+00
  0.000000E+00
  0.000000E+00
  0.000000E+00
  0.000000E+00
  0.000000E+00
  0.000000E+00
  0.000000E+00
  0.000000E+00
  0.000000E+00
  0.000000E+00
  0.000000E+00
  0.000000E+00
  0.000000E+00
  0.000000E+00
  0.000000E+00
  0.000000E+00
  0.000000E+00
  0.000000E+00
  0.000000E+00
  0.000000E+00
  0.000000E+00
  0.000000E+00
  0.000000E+00
  0.000000E+00
  0.000000E+00
  0.000000E+00
  0.000000E+00
  0.000000E+00
  0.000000E+00
  0.000000E+00
  0.000000E+00
  0.000000E+00
  0.000000E+00
  0.000000E+00
  0.000000E+00
  0.000000E+00
  0.000000E+00
  0.000000E+00
  0.000000E+00
  0.000000E+00
  0.000000E+00
  0.000000E+00
  0.000000E+00
  0.000000E+00
  0.000000E+00
  0.000000E+00
  0.000000E+00
  0.000000E+00
  0.000000E+00
  0.000000E+00
  0.000000E+00
  0.000000E+00
  0.000000E+00
  0.000000E+00
  0.000000E+00
  0.000000E+00
  0.000000E+00
  0.000000E+00
  0.000000E+00
  0.000000E+00
  0.000000E+00
  0.000000E+00
  0.000000E+00
  0.000000E+00
  0.000000E+00
  0.000000E+00
  0.000000E+00
  0.000000E+00
  0.000000E+00
  0.000000E+00
  0.000000E+00
  0.000000E+00
  0.000000E+00
  0.000000E+00
  0.000000E+00
  0.000000E+00
  0.000000E+00
  0.000000E+00
  0.000000E+00
  0.000000E+00
  0.000000E+00
  0.000000E+00
  0.000000E+00
  0.000000E+00
  0.000000E+00
  0.000000E+00
  0.000000E+00
  0.000000E+00
  0.000000E+00
  0.000000E+00
  0.000000E+00
  0.000000E+00
  0.000000E+00
  0.000000E+00
  0.000000E+00
  0.000000E+00
  0.000000E+00
  0.000000E+00
  0.000000E+00
  0.000000E+00
  0.000000E+00
  0.000000E+00
  0.000000E+00
  0.000000E+00
  0.000000E+00
  0.000000E+00
  0.000000E+00
  0.000000E+00
  0.000000E+00
  0.000000E+00
  0.000000E+00
  0.000000E+00
  0.000000E+00
  0.000000E+00
  0.000000E+00
  0.000000E+00
  0.000000E+00
  0.000000E+00
  0.000000E+00
  0.000000E+00
  0.000000E+00
  0.000000E+00
  0.000000E+00
  0.000000E+00
  0.000000E+00
  0.000000E+00
  0.000000E+00
  0.000000E+00
  0.000000E+00
  0.000000E+00
  0.000000E+00
  0.000000E+00
  0.000000E+00
  0.000000E+00
  0.000000E+00
  0.000000E+00
  0.000000E+00
  0.000000E+00
  0.000000E+00
  0.000000E+00
  0.000000E+00
  0.000000E+00
  0.000000E+00
  0.000000E+00
  0.000000E+00
  0.000000E+00
  0.000000E+00
  0.000000E+00
  0.000000E+00
  0.000000E+00
  0.000000E+00
  0.000000E+00
  0.000000E+00
  0.000000E+00
  0.000000E+00
  0.000000E+00
  0.000000E+00
  0.000000E+00
  0.000000E+00
  0.000000E+00
  0.000000E+00
  0.000000E+00
  0.000000E+00
  0.000000E+00
  0.000000E+00
  0.000000E+00
  0.000000E+00
  0.000000E+00
  0.000000E+00
  0.000000E+00
  0.000000E+00
  0.000000E+00
  0.000000E+00
  0.000000E+00
  0.000000E+00
  0.000000E+00
  0.000000E+00
  0.000000E+00
  0.000000E+00
  0.000000E+00
  0.000000E+00
  0.000000E+00
  0.000000E+00
  0.000000E+00
  0.000000E+00
  0.000000E+00
  0.000000E+00
  0.000000E+00
  0.000000E+00
  0.000000E+00
  0.000000E+00
  0.000000E+00
  0.000000E+00
  0.000000E+00
  0.000000E+00
  0.000000E+00
  0.000000E+00
  0.000000E+00
  0.000000E+00
  0.000000E+00
  0.000000E+00
  0.000000E+00
  0.000000E+00
  0.000000E+00
  0.000000E+00
  0.000000E+00
  0.000000E+00
  0.000000E+00
  0.000000E+00
  0.000000E+00
  0.000000E+00
  0.000000E+00
  0.000000E+00
  0.000000E+00
  0.000000E+00
  0.000000E+00
  0.000000E+00
  0.000000E+00
  0.000000E+00
  0.000000E+00
  0.000000E+00
  0.000000E+00
  0.000000E+00
  0.000000E+00
  0.000000E+00
  0.000000E+00
  0.000000E+00
  0.000000E+00
  0.000000E+00
  0.000000E+00
  0.000000E+00
  0.000000E+00
  0.000000E+00
  0.000000E+00
  0.000000E+00
  0.000000E+00
  0.000000E+00
  0.000000E+00
  0.000000E+00
  0.000000E+00
  0.000000E+00
  0.000000E+00
  0.000000E+00
  0.000000E+00
  0.000000E+00
  0.000000E+00
  0.000000E+00
  0.000000E+00
  0.000000E+00
  0.000000E+00
  0.000000E+00
  0.000000E+00
  0.000000E+00
  0.000000E+00
  0.000000E+00
  0.000000E+00
  0.000000E+00
  0.000000E+00
  0.000000E+00
  0.000000E+00
  0.000000E+00
  0.000000E+00
  0.000000E+00
  0.000000E+00
  0.000000E+00
  0.000000E+00
  0.000000E+00
  0.000000E+00
  0.000000E+00
  0.000000E+00
  0.000000E+00
  0.000000E+00
  0.000000E+00
  0.000000E+00
  0.000000E+00
  0.000000E+00
  0.000000E+00
  0.000000E+00
  0.000000E+00
  0.000000E+00
  0.000000E+00
  0.000000E+00
  0.000000E+00
  0.000000E+00
  0.000000E+00
  0.000000E+00
  0.000000E+00
  0.000000E+00
  0.000000E+00
  0.000000E+00
  0.000000E+00
  0.000000E+00
  0.000000E+00
  0.000000E+00
  0.000000E+00
  0.000000E+00
  0.000000E+00
  0.000000E+00
  0.000000E+00
  0.000000E+00
  0.000000E+00
  0.000000E+00
  0.000000E+00
  0.000000E+00
  0.000000E+00
  0.000000E+00
  0.000000E+00
  0.000000E+00
  0.000000E+00
  0.000000E+00
  0.000000E+00
  0.000000E+00
  0.000000E+00
  0.000000E+00
  0.000000E+00
  0.000000E+00
  0.000000E+00
  0.000000E+00
  0.000000E+00
  0.000000E+00
  0.000000E+00
  0.000000E+00
  0.000000E+00
  0.000000E+00
  0.000000E+00
  0.000000E+00
  0.000000E+00
  0.000000E+00
  0.000000E+00
  0.000000E+00
  0.000000E+00
  0.000000E+00
  0.000000E+00
  0.000000E+00
  0.000000E+00
  0.000000E+00
  0.000000E+00
  0.000000E+00
  0.000000E+00
  0.000000E+00
  0.000000E+00
  0.000000E+00
  0.000000E+00
  0.000000E+00
  0.000000E+00
  0.000000E+00
  0.000000E+00
  0.000000E+00
  0.000000E+00
  0.000000E+00
  0.000000E+00
  0.000000E+00
  0.000000E+00
  0.000000E+00
  0.000000E+00
  0.000000E+00
  0.000000E+00
  0.000000E+00
  0.000000E+00
  0.000000E+00
  0.000000E+00
  0.000000E+00
  0.000000E+00
  0.000000E+00
  0.000000E+00
  0.000000E+00
  0.000000E+00
  0.000000E+00
  0.000000E+00
  0.000000E+00
  0.000000E+00
  0.000000E+00
  0.000000E+00
  0.000000E+00
  0.000000E+00
  0.000000E+00
  0.000000E+00
  0.000000E+00
  0.000000E+00
  0.000000E+00
  0.000000E+00
  0.000000E+00
  0.000000E+00
  0.000000E+00
  0.000000E+00
  0.000000E+00
  0.000000E+00
  0.000000E+00
  0.000000E+00
  0.000000E+00
  0.000000E+00
  0.000000E+00
  0.000000E+00
  0.000000E+00
  0.000000E+00
  0.000000E+00
  0.000000E+00
  0.000000E+00
  0.000000E+00
  0.000000E+00
  0.000000E+00
  0.000000E+00
  0.000000E+00
  0.000000E+00
  0.000000E+00
  0.000000E+00
  0.000000E+00
  0.000000E+00
  0.000000E+00
  0.000000E+00
  0.000000E+00
  0.000000E+00
  0.000000E+00
  0.000000E+00
  0.000000E+00
  0.000000E+00
  0.000000E+00
  0.000000E+00
  0.000000E+00
  0.000000E+00
  0.000000E+00
  0.000000E+00
  0.000000E+00
  0.000000E+00
  0.000000E+00
  0.000000E+00
  0.000000E+00
  0.000000E+00
  0.000000E+00
  0.000000E+00
  0.000000E+00
  0.000000E+00
  0.000000E+00
  0.000000E+00
  0.000000E+00
  0.000000E+00
  0.000000E+00
  0.000000E+00
  0.000000E+00
  0.000000E+00
  0.000000E+00
  0.000000E+00
  0.000000E+00
  0.000000E+00
  0.000000E+00
  0.000000E+00
  0.000000E+00
  0.000000E+00
  0.000000E+00
  0.000000E+00
  0.000000E+00
  0.000000E+00
  0.000000E+00
  0.000000E+00
  0.000000E+00
  0.000000E+00
  0.000000E+00
  0.000000E+00
  0.000000E+00
  0.000000E+00
  0.000000E+00
  0.000000E+00
  0.000000E+00
  0.000000E+00
  0.000000E+00
  0.000000E+00
  0.000000E+00
  0.000000E+00
  0.000000E+00
  0.000000E+00
  0.000000E+00
  0.000000E+00
  0.000000E+00
  0.000000E+00
  0.000000E+00
  0.000000E+00
  0.000000E+00
  0.000000E+00
  0.000000E+00
  0.000000E+00
  0.000000E+00
  0.000000E+00
  0.000000E+00
  0.000000E+00
  0.000000E+00
  0.000000E+00
  0.000000E+00
  0.000000E+00
  0.000000E+00
  0.000000E+00
  0.000000E+00
  0.000000E+00
  0.000000E+00
  0.000000E+00
  0.000000E+00
  0.000000E+00
  0.000000E+00
  0.000000E+00
  0.000000E+00
  0.000000E+00
  0.000000E+00
  0.000000E+00
  0.000000E+00
  0.000000E+00
  0.000000E+00
  0.000000E+00
  0.000000E+00
  0.000000E+00
  0.000000E+00
  0.000000E+00
  0.000000E+00
  0.000000E+00
  0.000000E+00
  0.000000E+00
  0.000000E+00
  0.000000E+00
  0.000000E+00
  0.000000E+00
  0.000000E+00
  0.000000E+00
  0.000000E+00
  0.000000E+00
  0.000000E+00
  0.000000E+00
  0.000000E+00
  0.000000E+00
  0.000000E+00
  0.000000E+00
  0.000000E+00
  0.000000E+00
  0.000000E+00
  0.000000E+00
  0.000000E+00
  0.000000E+00
  0.000000E+00
  0.000000E+00
  0.000000E+00
  0.000000E+00
  0.000000E+00
  0.000000E+00
  0.000000E+00
  0.000000E+00
  0.000000E+00
  0.000000E+00
  0.000000E+00
  0.000000E+00
  0.000000E+00
  0.000000E+00
  0.000000E+00
  0.000000E+00
  0.000000E+00
  0.000000E+00
  0.000000E+00
  0.000000E+00
  0.000000E+00
  0.000000E+00
  0.000000E+00
  0.000000E+00
  0.000000E+00
  0.000000E+00
  0.000000E+00
  0.000000E+00
  0.000000E+00
  0.000000E+00
  0.000000E+00
  0.000000E+00
  0.000000E+00
  0.000000E+00
  0.000000E+00
  0.000000E+00
  0.000000E+00
  0.000000E+00
  0.000000E+00
  0.000000E+00
  0.000000E+00
  0.000000E+00
  0.000000E+00
  0.000000E+00
  0.000000E+00
  0.000000E+00
  0.000000E+00
  0.000000E+00
  0.000000E+00
  0.000000E+00
  0.000000E+00
  0.000000E+00
  0.000000E+00
  0.000000E+00
  0.000000E+00
  0.000000E+00
  0.000000E+00
  0.000000E+00
  0.000000E+00
  0.000000E+00
  0.000000E+00
  0.000000E+00
  0.000000E+00
  0.000000E+00
  0.000000E+00
  0.000000E+00
  0.000000E+00
  0.000000E+00
  0.000000E+00
  0.000000E+00
  0.000000E+00
  0.000000E+00
  0.000000E+00
  0.000000E+00
  0.000000E+00
  0.000000E+00
  0.000000E+00
  0.000000E+00
  0.000000E+00
  0.000000E+00
  0.000000E+00
  0.000000E+00
  0.000000E+00
  0.000000E+00
  0.000000E+00
  0.000000E+00
  0.000000E+00
  0.000000E+00
  0.000000E+00
  0.000000E+00
  0.000000E+00
  0.000000E+00
  0.000000E+00
  0.000000E+00
  0.000000E+00
  0.000000E+00
  0.000000E+00
  0.000000E+00
  0.000000E+00
  0.000000E+00
  0.000000E+00
  0.000000E+00
  0.000000E+00
  0.000000E+00
  0.000000E+00
  0.000000E+00
  0.000000E+00
  0.000000E+00
  0.000000E+00
  0.000000E+00
  0.000000E+00
  0.000000E+00
  0.000000E+00
  0.000000E+00
  0.000000E+00
  0.000000E+00
  0.000000E+00
  0.000000E+00
  0.000000E+00
  0.000000E+00
  0.000000E+00
  0.000000E+00
  0.000000E+00
  0.000000E+00
  0.000000E+00
  0.000000E+00
  0.000000E+00
  0.000000E+00
  0.000000E+00
  0.000000E+00
  0.000000E+00
  0.000000E+00
  0.000000E+00
  0.000000E+00
  0.000000E+00
  0.000000E+00
  0.000000E+00
  0.000000E+00
  0.000000E+00
  0.000000E+00
  0.000000E+00
  0.000000E+00
  0.000000E+00
  0.000000E+00
  0.000000E+00
  0.000000E+00
  0.000000E+00
  0.000000E+00
  0.000000E+00
  0.000000E+00
  0.000000E+00
  0.000000E+00
  0.000000E+00
  0.000000E+00
  0.000000E+00
  0.000000E+00
  0.000000E+00
  0.000000E+00
  0.000000E+00
  0.000000E+00
  0.000000E+00
  0.000000E+00
  0.000000E+00
  0.000000E+00
  0.000000E+00
  0.000000E+00
  0.000000E+00
  0.000000E+00
  0.000000E+00
  0.000000E+00
  0.000000E+00
  0.000000E+00
  0.000000E+00
  0.000000E+00
  0.000000E+00
  0.000000E+00
  0.000000E+00
  0.000000E+00
  0.000000E+00
  0.000000E+00
  0.000000E+00
  0.000000E+00
  0.000000E+00
  0.000000E+00
  0.000000E+00
  0.000000E+00
  0.000000E+00
  0.000000E+00
  0.000000E+00
  0.000000E+00
  0.000000E+00
  0.000000E+00
  0.000000E+00
  0.000000E+00
  0.000000E+00
  0.000000E+00
  0.000000E+00
  0.000000E+00
  0.000000E+00
  0.000000E+00
  0.000000E+00
  0.000000E+00
  0.000000E+00
  0.000000E+00
  0.000000E+00
  0.000000E+00
  0.000000E+00
  0.000000E+00
  0.000000E+00
  0.000000E+00
  0.000000E+00
  0.000000E+00
  0.000000E+00
  0.000000E+00
  0.000000E+00
  0.000000E+00
  0.000000E+00
  0.000000E+00
  0.000000E+00
  0.000000E+00
  0.000000E+00
  0.000000E+00
  0.000000E+00
  0.000000E+00
  0.000000E+00
  0.000000E+00
  0.000000E+00
  0.000000E+00
  0.000000E+00
  0.000000E+00
  0.000000E+00
  0.000000E+00
  0.000000E+00
  0.000000E+00
  0.000000E+00
  0.000000E+00
  0.000000E+00
  0.000000E+00
  0.000000E+00
  0.000000E+00
  0.000000E+00
  0.000000E+00
  0.000000E+00
  0.000000E+00
  0.000000E+00
  0.000000E+00
  0.000000E+00
  0.000000E+00
  0.000000E+00
  0.000000E+00
  0.000000E+00
  0.000000E+00
  0.000000E+00
  0.000000E+00
  0.000000E+00
  0.000000E+00
  0.000000E+00
  0.000000E+00
  0.000000E+00
  0.000000E+00
  0.000000E+00
  0.000000E+00
  0.000000E+00
  0.000000E+00
  0.000000E+00
  0.000000E+00
  0.000000E+00
  0.000000E+00
  0.000000E+00
  0.000000E+00
  0.000000E+00
  0.000000E+00
  0.000000E+00
  0.000000E+00
  0.000000E+00
  0.000000E+00
  0.000000E+00
  0.000000E+00
  0.000000E+00
  0.000000E+00
  0.000000E+00
  0.000000E+00
  0.000000E+00
  0.000000E+00
  0.000000E+00
  0.000000E+00
  0.000000E+00
  0.000000E+00
  0.000000E+00
  0.000000E+00
  0.000000E+00
  0.000000E+00
  0.000000E+00
  0.000000E+00
  0.000000E+00
  0.000000E+00
  0.000000E+00
  0.000000E+00
  0.000000E+00
  0.000000E+00
  0.000000E+00
  0.000000E+00
  0.000000E+00
  0.000000E+00
  0.000000E+00
  0.000000E+00
  0.000000E+00
  0.000000E+00
  0.000000E+00
  0.000000E+00
  0.000000E+00
  0.000000E+00
  0.000000E+00
  0.000000E+00
  0.000000E+00
  0.000000E+00
  0.000000E+00
  0.000000E+00
  0.000000E+00
  0.000000E+00
  0.000000E+00
  0.000000E+00
  0.000000E+00
  0.000000E+00
  0.000000E+00
  0.000000E+00
  0.000000E+00
  0.000000E+00
  0.000000E+00
  0.000000E+00
  0.000000E+00
  0.000000E+00
  0.000000E+00
  0.000000E+00
  0.000000E+00
  0.000000E+00
  0.000000E+00
  0.000000E+00
  0.000000E+00
  0.000000E+00
  0.000000E+00
  0.000000E+00
  0.000000E+00
  0.000000E+00
  0.000000E+00
  0.000000E+00
  0.000000E+00
  0.000000E+00
  0.000000E+00
  0.000000E+00
  0.000000E+00
  0.000000E+00
  0.000000E+00
  0.000000E+00
  0.000000E+00
  0.000000E+00
  0.000000E+00
  0.000000E+00
  0.000000E+00
  0.000000E+00
  0.000000E+00
  0.000000E+00
  0.000000E+00
  0.000000E+00
  0.000000E+00
  0.000000E+00
  0.000000E+00
  0.000000E+00
  0.000000E+00
  0.000000E+00
  0.000000E+00
  0.000000E+00
  0.000000E+00
  0.000000E+00
  0.000000E+00
  0.000000E+00
  0.000000E+00
  0.000000E+00
  0.000000E+00
  0.000000E+00
  0.000000E+00
  0.000000E+00
  0.000000E+00
  0.000000E+00
  0.000000E+00
  0.000000E+00
  0.000000E+00
  0.000000E+00
  0.000000E+00
  0.000000E+00
  0.000000E+00
  0.000000E+00
  0.000000E+00
  0.000000E+00
  0.000000E+00
  0.000000E+00
  0.000000E+00
  0.000000E+00
  0.000000E+00
  0.000000E+00
  0.000000E+00
  0.000000E+00
  0.000000E+00
  0.000000E+00
  0.000000E+00
  0.000000E+00
  0.000000E+00
  0.000000E+00
  0.000000E+00
  0.000000E+00
  0.000000E+00
  0.000000E+00
  0.000000E+00
  0.000000E+00
  0.000000E+00
  0.000000E+00
  0.000000E+00
  0.000000E+00
  0.000000E+00
  0.000000E+00
  0.000000E+00
  0.000000E+00
  0.000000E+00
  0.000000E+00
  0.000000E+00
  0.000000E+00
  0.000000E+00
  0.000000E+00
  0.000000E+00
  0.000000E+00
  0.000000E+00
  0.000000E+00
  0.000000E+00
  0.000000E+00
  0.000000E+00
  0.000000E+00
  0.000000E+00
  0.000000E+00
  0.000000E+00
  0.000000E+00
  0.000000E+00
  0.000000E+00
  0.000000E+00
  0.000000E+00
  0.000000E+00
  0.000000E+00
  0.000000E+00
  0.000000E+00
  0.000000E+00
  0.000000E+00
  0.000000E+00
  0.000000E+00
  0.000000E+00
  0.000000E+00
  0.000000E+00
  0.000000E+00
  0.000000E+00
  0.000000E+00
  0.000000E+00
  0.000000E+00
  0.000000E+00
  0.000000E+00
  0.000000E+00
  0.000000E+00
  0.000000E+00
  0.000000E+00
  0.000000E+00
  0.000000E+00
  0.000000E+00
  0.000000E+00
  0.000000E+00
  0.000000E+00
  0.000000E+00
  0.000000E+00
  0.000000E+00
  0.000000E+00
  0.000000E+00
  0.000000E+00
  0.000000E+00
  0.000000E+00
  0.000000E+00
  0.000000E+00
  0.000000E+00
  0.000000E+00
  0.000000E+00
  0.000000E+00
  0.000000E+00
  0.000000E+00
  0.000000E+00
  0.000000E+00
  0.000000E+00
  0.000000E+00
  0.000000E+00
  0.000000E+00
  0.000000E+00
  0.000000E+00
  0.000000E+00
  0.000000E+00
  0.000000E+00
  0.000000E+00
  0.000000E+00
  0.000000E+00
  0.000000E+00
  0.000000E+00
  0.000000E+00
  0.000000E+00
  0.000000E+00
  0.000000E+00
  0.000000E+00
  0.000000E+00
  0.000000E+00
  0.000000E+00
  0.000000E+00
  0.000000E+00
  0.000000E+00
  0.000000E+00
  0.000000E+00
  0.000000E+00
  0.000000E+00
  0.000000E+00
  0.000000E+00
  0.000000E+00
  0.000000E+00
  0.000000E+00
  0.000000E+00
  0.000000E+00
  0.000000E+00
  0.000000E+00
  0.000000E+00
  0.000000E+00
  0.000000E+00
  0.000000E+00
  0.000000E+00
  0.000000E+00
  0.000000E+00
  0.000000E+00
  0.000000E+00
  0.000000E+00
  0.000000E+00
  0.000000E+00
  0.000000E+00
  0.000000E+00
  0.000000E+00
  0.000000E+00
  0.000000E+00
  0.000000E+00
  0.000000E+00
  0.000000E+00
  0.000000E+00
  0.000000E+00
  0.000000E+00
  0.000000E+00
  0.000000E+00
  0.000000E+00
  0.000000E+00
  0.000000E+00
  0.000000E+00
  0.000000E+00
  0.000000E+00
  0.000000E+00
  0.000000E+00
  0.000000E+00
  0.000000E+00
  0.000000E+00
  0.000000E+00
  0.000000E+00
  0.000000E+00
  0.000000E+00
  0.000000E+00
  0.000000E+00
  0.000000E+00
  0.000000E+00
  0.000000E+00
  0.000000E+00
  0.000000E+00
  0.000000E+00
  0.000000E+00
  0.000000E+00
  0.000000E+00
  0.000000E+00
  0.000000E+00
  0.000000E+00
  0.000000E+00
  0.000000E+00
  0.000000E+00
  0.000000E+00
  0.000000E+00
  0.000000E+00
  0.000000E+00
  0.000000E+00
  0.000000E+00
  0.000000E+00
  0.000000E+00
  0.000000E+00
  0.000000E+00
  0.000000E+00
  0.000000E+00
  0.000000E+00
  0.000000E+00
  0.000000E+00
  0.000000E+00
  0.000000E+00
  0.000000E+00
  0.000000E+00
  0.000000E+00
  0.000000E+00
  0.000000E+00
  0.000000E+00
  0.000000E+00
  0.000000E+00
  0.000000E+00
  0.000000E+00
  0.000000E+00
  0.000000E+00
  0.000000E+00
  0.000000E+00
  0.000000E+00
  0.000000E+00
  0.000000E+00
  0.000000E+00
  0.000000E+00
  0.000000E+00
  0.000000E+00
  0.000000E+00
  0.000000E+00
  0.000000E+00
  0.000000E+00
  0.000000E+00
  0.000000E+00
  0.000000E+00
  0.000000E+00
  0.000000E+00
  0.000000E+00
  0.000000E+00
  0.000000E+00
  0.000000E+00
  0.000000E+00
  0.000000E+00
  0.000000E+00
  0.000000E+00
  0.000000E+00
  0.000000E+00
  0.000000E+00
  0.000000E+00
  0.000000E+00
  0.000000E+00
  0.000000E+00
  0.000000E+00
  0.000000E+00
  0.000000E+00
  0.000000E+00
  0.000000E+00
  0.000000E+00
  0.000000E+00
  0.000000E+00
  0.000000E+00
  0.000000E+00
  0.000000E+00
  0.000000E+00
  0.000000E+00
  0.000000E+00
  0.000000E+00
  0.000000E+00
  0.000000E+00
  0.000000E+00
  0.000000E+00
  0.000000E+00
  0.000000E+00
  0.000000E+00
  0.000000E+00
  0.000000E+00
  0.000000E+00
  0.000000E+00
  0.000000E+00
  0.000000E+00
  0.000000E+00
  0.000000E+00
  0.000000E+00
  0.000000E+00
  0.000000E+00
  0.000000E+00
  0.000000E+00
  0.000000E+00
  0.000000E+00
  0.000000E+00
  0.000000E+00
  0.000000E+00
  0.000000E+00
  0.000000E+00
  0.000000E+00
  0.000000E+00
  0.000000E+00
  0.000000E+00
  0.000000E+00
  0.000000E+00
  0.000000E+00
  0.000000E+00
  0.000000E+00
  0.000000E+00
  0.000000E+00
  0.000000E+00
  0.000000E+00
  0.000000E+00
  0.000000E+00
  0.000000E+00
  0.000000E+00
  0.000000E+00
  0.000000E+00
  0.000000E+00
  0.000000E+00
  0.000000E+00
  0.000000E+00
  0.000000E+00
  0.000000E+00
  0.000000E+00
  0.000000E+00
  0.000000E+00
  0.000000E+00
  0.000000E+00
  0.000000E+00
  0.000000E+00
  0.000000E+00
  0.000000E+00
  0.000000E+00
  0.000000E+00
  0.000000E+00
  0.000000E+00
  0.000000E+00
  0.000000E+00
  0.000000E+00
  0.000000E+00
  0.000000E+00
  0.000000E+00
  0.000000E+00
  0.000000E+00
  0.000000E+00
  0.000000E+00
  0.000000E+00
  0.000000E+00
  0.000000E+00
  0.000000E+00
  0.000000E+00
  0.000000E+00
  0.000000E+00
  0.000000E+00
  0.000000E+00
  0.000000E+00
  0.000000E+00
  0.000000E+00
  0.000000E+00
  0.000000E+00
  0.000000E+00
  0.000000E+00
  0.000000E+00
  0.000000E+00
  0.000000E+00
  0.000000E+00
  0.000000E+00
  0.000000E+00
  0.000000E+00
  0.000000E+00
  0.000000E+00
  0.000000E+00
  0.000000E+00
  0.000000E+00
  0.000000E+00
  0.000000E+00
  0.000000E+00
  0.000000E+00
  0.000000E+00
  0.000000E+00
  0.000000E+00
  0.000000E+00
  0.000000E+00
  0.000000E+00
  0.000000E+00
  0.000000E+00
  0.000000E+00
  0.000000E+00
  0.000000E+00
  0.000000E+00
  0.000000E+00
  0.000000E+00
  0.000000E+00
  0.000000E+00
  0.000000E+00
  0.000000E+00
  0.000000E+00
  0.000000E+00
  0.000000E+00
  0.000000E+00
  0.000000E+00
  0.000000E+00
  0.000000E+00
  0.000000E+00
  0.000000E+00
  0.000000E+00
  0.000000E+00
  0.000000E+00
  0.000000E+00
  0.000000E+00
  0.000000E+00
  0.000000E+00
  0.000000E+00
  0.000000E+00
  0.000000E+00
  0.000000E+00
  0.000000E+00
  0.000000E+00
  0.000000E+00
  0.000000E+00
  0.000000E+00
  0.000000E+00
  0.000000E+00
  0.000000E+00
  0.000000E+00
  0.000000E+00
  0.000000E+00
  0.000000E+00
  0.000000E+00
  0.000000E+00
  0.000000E+00
  0.000000E+00
  0.000000E+00
  0.000000E+00
  0.000000E+00
  0.000000E+00
  0.000000E+00
  0.000000E+00
  0.000000E+00
  0.000000E+00
  0.000000E+00
  0.000000E+00
  0.000000E+00
  0.000000E+00
  0.000000E+00
  0.000000E+00
  0.000000E+00
  0.000000E+00
  0.000000E+00
  0.000000E+00
  0.000000E+00
  0.000000E+00
  0.000000E+00
  0.000000E+00
  0.000000E+00
  0.000000E+00
  0.000000E+00
  0.000000E+00
  0.000000E+00
  0.000000E+00
  0.000000E+00
  0.000000E+00
  0.000000E+00
  0.000000E+00
  0.000000E+00
  0.000000E+00
  0.000000E+00
  0.000000E+00
  0.000000E+00
  0.000000E+00
  0.000000E+00
  0.000000E+00
  0.000000E+00
  0.000000E+00
  0.000000E+00
  0.000000E+00
  0.000000E+00
  0.000000E+00
  0.000000E+00
  0.000000E+00
  0.000000E+00
  0.000000E+00
  0.000000E+00
  0.000000E+00
  0.000000E+00
  0.000000E+00
  0.000000E+00
  0.000000E+00
  0.000000E+00
  0.000000E+00
  0.000000E+00
  0.000000E+00
  0.000000E+00
  0.000000E+00
  0.000000E+00
  0.000000E+00
  0.000000E+00
  0.000000E+00
  0.000000E+00
  0.000000E+00
  0.000000E+00
  0.000000E+00
  0.000000E+00
  0.000000E+00
  0.000000E+00
  0.000000E+00
  0.000000E+00
  0.000000E+00
  0.000000E+00
  0.000000E+00
  0.000000E+00
  0.000000E+00
  0.000000E+00
  0.000000E+00
  0.000000E+00
  0.000000E+00
  0.000000E+00
  0.000000E+00
  0.000000E+00
  0.000000E+00
  0.000000E+00
  0.000000E+00
  0.000000E+00
  0.000000E+00
  0.000000E+00
  0.000000E+00
  0.000000E+00
  0.000000E+00
  0.000000E+00
  0.000000E+00
  0.000000E+00
  0.000000E+00
  0.000000E+00
  0.000000E+00
  0.000000E+00
  0.000000E+00
  0.000000E+00
  0.000000E+00
  0.000000E+00
  0.000000E+00
  0.000000E+00
  0.000000E+00
  0.000000E+00
  0.000000E+00
  0.000000E+00
  0.000000E+00
  0.000000E+00
  0.000000E+00
  0.000000E+00
  0.000000E+00
  0.000000E+00
  0.000000E+00
  0.000000E+00
  0.000000E+00
  0.000000E+00
  0.000000E+00
  0.000000E+00
  0.000000E+00
  0.000000E+00
  0.000000E+00
  0.000000E+00
  0.000000E+00
  0.000000E+00
  0.000000E+00
  0.000000E+00
  0.000000E+00
  0.000000E+00
  0.000000E+00
  0.000000E+00
  0.000000E+00
  0.000000E+00
  0.000000E+00
  0.000000E+00
  0.000000E+00
  0.000000E+00
  0.000000E+00
  0.000000E+00
  0.000000E+00
  0.000000E+00
  0.000000E+00
  0.000000E+00
  0.000000E+00
  0.000000E+00
  0.000000E+00
  0.000000E+00
  0.000000E+00
  0.000000E+00
  0.000000E+00
  0.000000E+00
  0.000000E+00
  0.000000E+00
  0.000000E+00
  0.000000E+00
  0.000000E+00
  0.000000E+00
  0.000000E+00
  0.000000E+00
  0.000000E+00
  0.000000E+00
  0.000000E+00
  0.000000E+00
  0.000000E+00
  0.000000E+00
  0.000000E+00
  0.000000E+00
  0.000000E+00
  0.000000E+00
  0.000000E+00
  0.000000E+00
  0.000000E+00
  0.000000E+00
  0.000000E+00
  0.000000E+00
  0.000000E+00
  0.000000E+00
  0.000000E+00
  0.000000E+00
  0.000000E+00
  0.000000E+00
  0.000000E+00
  0.000000E+00
  0.000000E+00
  0.000000E+00
  0.000000E+00
  0.000000E+00
  0.000000E+00
  0.000000E+00
  0.000000E+00
  0.000000E+00
  0.000000E+00
  0.000000E+00
  0.000000E+00
  0.000000E+00
  0.000000E+00
  0.000000E+00
  0.000000E+00
  0.000000E+00
  0.000000E+00
  0.000000E+00
  0.000000E+00
  0.000000E+00
  0.000000E+00
  0.000000E+00
  0.000000E+00
  0.000000E+00
  0.000000E+00
  0.000000E+00
  0.000000E+00
  0.000000E+00
  0.000000E+00
  0.000000E+00
  0.000000E+00
  0.000000E+00
  0.000000E+00
  0.000000E+00
  0.000000E+00
  0.000000E+00
  0.000000E+00
  0.000000E+00
  0.000000E+00
  0.000000E+00
  0.000000E+00
  0.000000E+00
  0.000000E+00
  0.000000E+00
  0.000000E+00
  0.000000E+00
  0.000000E+00
  0.000000E+00
  0.000000E+00
  0.000000E+00
  0.000000E+00
  0.000000E+00
  0.000000E+00
  0.000000E+00
  0.000000E+00
  0.000000E+00
  0.000000E+00
  0.000000E+00
  0.000000E+00
  0.000000E+00
  0.000000E+00
  0.000000E+00
  0.000000E+00
  0.000000E+00
  0.000000E+00
  0.000000E+00
  0.000000E+00
  0.000000E+00
  0.000000E+00
  0.000000E+00
  0.000000E+00
  0.000000E+00
  0.000000E+00
  0.000000E+00
  0.000000E+00
  0.000000E+00
  0.000000E+00
  0.000000E+00
  0.000000E+00
  0.000000E+00
  0.000000E+00
  0.000000E+00
  0.000000E+00
  0.000000E+00
  0.000000E+00
  0.000000E+00
  0.000000E+00
  0.000000E+00
  0.000000E+00
  0.000000E+00
  0.000000E+00
  0.000000E+00
  0.000000E+00
  0.000000E+00
  0.000000E+00
  0.000000E+00
  0.000000E+00
  0.000000E+00
  0.000000E+00
  0.000000E+00
  0.000000E+00
  0.000000E+00
  0.000000E+00
  0.000000E+00
  0.000000E+00
  0.000000E+00
  0.000000E+00
  0.000000E+00
  0.000000E+00
  0.000000E+00
  0.000000E+00
  0.000000E+00
  0.000000E+00
  0.000000E+00
  0.000000E+00
  0.000000E+00
  0.000000E+00
  0.000000E+00
  0.000000E+00
  0.000000E+00
  0.000000E+00
  0.000000E+00
  0.000000E+00
  0.000000E+00
  0.000000E+00
  0.000000E+00
  0.000000E+00
  0.000000E+00
  0.000000E+00
  0.000000E+00
  0.000000E+00
  0.000000E+00
  0.000000E+00
  0.000000E+00
  0.000000E+00
  0.000000E+00
  0.000000E+00
  0.000000E+00
  0.000000E+00
  0.000000E+00
  0.000000E+00
  0.000000E+00
  0.000000E+00
  0.000000E+00
  0.000000E+00
  0.000000E+00
  0.000000E+00
  0.000000E+00
  0.000000E+00
  0.000000E+00
  0.000000E+00
  0.000000E+00
  0.000000E+00
  0.000000E+00
  0.000000E+00
  0.000000E+00
  0.000000E+00
  0.000000E+00
  0.000000E+00
  0.000000E+00
  0.000000E+00
  0.000000E+00
  0.000000E+00
  0.000000E+00
  0.000000E+00
  0.000000E+00
  0.000000E+00
  0.000000E+00
  0.000000E+00
  0.000000E+00
  0.000000E+00
  0.000000E+00
  0.000000E+00
  0.000000E+00
  0.000000E+00
  0.000000E+00
  0.000000E+00
  0.000000E+00
  0.000000E+00
  0.000000E+00
  0.000000E+00
  0.000000E+00
  0.000000E+00
  0.000000E+00
  0.000000E+00
  0.000000E+00
  0.000000E+00
  0.000000E+00
  0.000000E+00
  0.000000E+00
  0.000000E+00
  0.000000E+00
  0.000000E+00
  0.000000E+00
  0.000000E+00
  0.000000E+00
  0.000000E+00
  0.000000E+00
  0.000000E+00
  0.000000E+00
  0.000000E+00
  0.000000E+00
  0.000000E+00
  0.000000E+00
  0.000000E+00
  0.000000E+00
  0.000000E+00
  0.000000E+00
  0.000000E+00
  0.000000E+00
  0.000000E+00
  0.000000E+00
  0.000000E+00
  0.000000E+00
  0.000000E+00
  0.000000E+00
  0.000000E+00
  0.000000E+00
  0.000000E+00
  0.000000E+00
  0.000000E+00
  0.000000E+00
  0.000000E+00
  0.000000E+00
  0.000000E+00
  0.000000E+00
  0.000000E+00
  0.000000E+00
  0.000000E+00
  0.000000E+00
  0.000000E+00
  0.000000E+00
  0.000000E+00
  0.000000E+00
  0.000000E+00
  0.000000E+00
  0.000000E+00
  0.000000E+00
  0.000000E+00
  0.000000E+00
  0.000000E+00
  0.000000E+00
  0.000000E+00
  0.000000E+00
  0.000000E+00
  0.000000E+00
  0.000000E+00
  0.000000E+00
  0.000000E+00
  0.000000E+00
  0.000000E+00
  0.000000E+00
  0.000000E+00
  0.000000E+00
  0.000000E+00
  0.000000E+00
  0.000000E+00
  0.000000E+00
  0.000000E+00
  0.000000E+00
  0.000000E+00
  0.000000E+00
  0.000000E+00
  0.000000E+00
  0.000000E+00
  0.000000E+00
  0.000000E+00
  0.000000E+00
  0.000000E+00
  0.000000E+00
  0.000000E+00
  0.000000E+00
  0.000000E+00
  0.000000E+00
  0.000000E+00
  0.000000E+00
  0.000000E+00
  0.000000E+00
  0.000000E+00
  0.000000E+00
  0.000000E+00
  0.000000E+00
  0.000000E+00
  0.000000E+00
  0.000000E+00
  0.000000E+00
  0.000000E+00
  0.000000E+00
  0.000000E+00
  0.000000E+00
  0.000000E+00
  0.000000E+00
  0.000000E+00
  0.000000E+00
  0.000000E+00
  0.000000E+00
  0.000000E+00
  0.000000E+00
  0.000000E+00
  0.000000E+00
  0.000000E+00
  0.000000E+00
  0.000000E+00
  0.000000E+00
  0.000000E+00
  0.000000E+00
  0.000000E+00
  0.000000E+00
  0.000000E+00
  0.000000E+00
  0.000000E+00
  0.000000E+00
  0.000000E+00
  0.000000E+00
  0.000000E+00
  0.000000E+00
  0.000000E+00
  0.000000E+00
  0.000000E+00
  0.000000E+00
  0.000000E+00
  0.000000E+00
  0.000000E+00
  0.000000E+00
  0.000000E+00
  0.000000E+00
  0.000000E+00
  0.000000E+00
  0.000000E+00
  0.000000E+00
  0.000000E+00
  0.000000E+00
  0.000000E+00
  0.000000E+00
  0.000000E+00
  0.000000E+00
  0.000000E+00
  0.000000E+00
  0.000000E+00
  0.000000E+00
  0.000000E+00
  0.000000E+00
  0.000000E+00
  0.000000E+00
  0.000000E+00
  0.000000E+00
  0.000000E+00
  0.000000E+00
  0.000000E+00
  0.000000E+00
  0.000000E+00
  0.000000E+00
  0.000000E+00
  0.000000E+00
  0.000000E+00
  0.000000E+00
  0.000000E+00
  0.000000E+00
  0.000000E+00
  0.000000E+00
  0.000000E+00
  0.000000E+00
  0.000000E+00
  0.000000E+00
  0.000000E+00
  0.000000E+00
  0.000000E+00
  0.000000E+00
  0.000000E+00
  0.000000E+00
  0.000000E+00
  0.000000E+00
  0.000000E+00
  0.000000E+00
  0.000000E+00
  0.000000E+00
  0.000000E+00
  0.000000E+00
  0.000000E+00
  0.000000E+00
  0.000000E+00
  0.000000E+00
  0.000000E+00
  0.000000E+00
  0.000000E+00
  0.000000E+00
  0.000000E+00
  0.000000E+00
  0.000000E+00
  0.000000E+00
  0.000000E+00
  0.000000E+00
  0.000000E+00
  0.000000E+00
  0.000000E+00
  0.000000E+00
  0.000000E+00
  0.000000E+00
  0.000000E+00
  0.000000E+00
  0.000000E+00
  0.000000E+00
  0.000000E+00
  0.000000E+00
  0.000000E+00
  0.000000E+00
  0.000000E+00
  0.000000E+00
  0.000000E+00
  0.000000E+00
  0.000000E+00
  0.000000E+00
  0.000000E+00
  0.000000E+00
  0.000000E+00
  0.000000E+00
  0.000000E+00
  0.000000E+00
  0.000000E+00
  0.000000E+00
  0.000000E+00
  0.000000E+00
  0.000000E+00
  0.000000E+00
  0.000000E+00
  0.000000E+00
  0.000000E+00
  0.000000E+00
  0.000000E+00
  0.000000E+00
  0.000000E+00
  0.000000E+00
  0.000000E+00
  0.000000E+00
  0.000000E+00
  0.000000E+00
  0.000000E+00
  0.000000E+00
  0.000000E+00
  0.000000E+00
  0.000000E+00
  0.000000E+00
  0.000000E+00
  0.000000E+00
  0.000000E+00
  0.000000E+00
  0.000000E+00
  0.000000E+00
  0.000000E+00
  0.000000E+00
  0.000000E+00
  0.000000E+00
  0.000000E+00
  0.000000E+00
  0.000000E+00
  0.000000E+00
  0.000000E+00
  0.000000E+00
  0.000000E+00
  0.000000E+00
  0.000000E+00
  0.000000E+00
  0.000000E+00
  0.000000E+00
  0.000000E+00
  0.000000E+00
  0.000000E+00
  0.000000E+00
  0.000000E+00
  0.000000E+00
  0.000000E+00
  0.000000E+00
  0.000000E+00
  0.000000E+00
  0.000000E+00
  0.000000E+00
  0.000000E+00
  0.000000E+00
  0.000000E+00
  0.000000E+00
  0.000000E+00
  0.000000E+00
  0.000000E+00
  0.000000E+00
  0.000000E+00
  0.000000E+00
  0.000000E+00
  0.000000E+00
  0.000000E+00
  0.000000E+00
  0.000000E+00
  0.000000E+00
  0.000000E+00
  0.000000E+00
  0.000000E+00
  0.000000E+00
  0.000000E+00
  0.000000E+00
  0.000000E+00
  0.000000E+00
  0.000000E+00
  0.000000E+00
  0.000000E+00
  0.000000E+00
  0.000000E+00
  0.000000E+00
  0.000000E+00
  0.000000E+00
  0.000000E+00
  0.000000E+00
  0.000000E+00
  0.000000E+00
  0.000000E+00
  0.000000E+00
  0.000000E+00
  0.000000E+00
  0.000000E+00
  0.000000E+00
  0.000000E+00
  0.000000E+00
  0.000000E+00
  0.000000E+00
  0.000000E+00
  0.000000E+00
  0.000000E+00
  0.000000E+00
  0.000000E+00
  0.000000E+00
  0.000000E+00
  0.000000E+00
  0.000000E+00
  0.000000E+00
  0.000000E+00
  0.000000E+00
  0.000000E+00
  0.000000E+00
  0.000000E+00
  0.000000E+00
  0.000000E+00
  0.000000E+00
  0.000000E+00
  0.000000E+00
  0.000000E+00
  0.000000E+00
  0.000000E+00
  0.000000E+00
  0.000000E+00
  0.000000E+00
  0.000000E+00
  0.000000E+00
  0.000000E+00
  0.000000E+00
  0.000000E+00
  0.000000E+00
  0.000000E+00
  0.000000E+00
  0.000000E+00
  0.000000E+00
  0.000000E+00
  0.000000E+00
  0.000000E+00
  0.000000E+00
  0.000000E+00
  0.000000E+00
  0.000000E+00
  0.000000E+00
  0.000000E+00
  0.000000E+00
  0.000000E+00
  0.000000E+00
  0.000000E+00
  0.000000E+00
  0.000000E+00
  0.000000E+00
  0.000000E+00
  0.000000E+00
  0.000000E+00
  0.000000E+00
  0.000000E+00
  0.000000E+00
  0.000000E+00
  0.000000E+00
  0.000000E+00
  0.000000E+00
  0.000000E+00
  0.000000E+00
  0.000000E+00
  0.000000E+00
  0.000000E+00
  0.000000E+00
  0.000000E+00
  0.000000E+00
  0.000000E+00
  0.000000E+00
  0.000000E+00
  0.000000E+00
  0.000000E+00
  0.000000E+00
  0.000000E+00
  0.000000E+00
  0.000000E+00
  0.000000E+00
  0.000000E+00
  0.000000E+00
  0.000000E+00
  0.000000E+00
  0.000000E+00
  0.000000E+00
  0.000000E+00
  0.000000E+00
  0.000000E+00
  0.000000E+00
  0.000000E+00
  0.000000E+00
  0.000000E+00
  0.000000E+00
  0.000000E+00
  0.000000E+00
  0.000000E+00
  0.000000E+00
  0.000000E+00
  0.000000E+00
  0.000000E+00
  0.000000E+00
  0.000000E+00
  0.000000E+00
  0.000000E+00
  0.000000E+00
  0.000000E+00
  0.000000E+00
  0.000000E+00
  0.000000E+00
  0.000000E+00
  0.000000E+00
  0.000000E+00
  0.000000E+00
  0.000000E+00
  0.000000E+00
  0.000000E+00
  0.000000E+00
  0.000000E+00
  0.000000E+00
  0.000000E+00
  0.000000E+00
  0.000000E+00
  0.000000E+00
  0.000000E+00
  0.000000E+00
  0.000000E+00
  0.000000E+00
  0.000000E+00
  0.000000E+00
  0.000000E+00
  0.000000E+00
  0.000000E+00
  0.000000E+00
  0.000000E+00
  0.000000E+00
  0.000000E+00
  0.000000E+00
  0.000000E+00
  0.000000E+00
  0.000000E+00
  0.000000E+00
  0.000000E+00
  0.000000E+00
  0.000000E+00
  0.000000E+00
  0.000000E+00
  0.000000E+00
  0.000000E+00
  0.000000E+00
  0.000000E+00
  0.000000E+00
  0.000000E+00
  0.000000E+00
  0.000000E+00
  0.000000E+00
  0.000000E+00
  0.000000E+00
  0.000000E+00
  0.000000E+00
  0.000000E+00
  0.000000E+00
  0.000000E+00
  0.000000E+00
  0.000000E+00
  0.000000E+00
  0.000000E+00
  0.000000E+00
  0.000000E+00
  0.000000E+00
  0.000000E+00
  0.000000E+00
  0.000000E+00
  0.000000E+00
  0.000000E+00
  0.000000E+00
  0.000000E+00
  0.000000E+00
  0.000000E+00
  0.000000E+00
  0.000000E+00
  0.000000E+00
  0.000000E+00
  0.000000E+00
  0.000000E+00
  0.000000E+00
  0.000000E+00
  0.000000E+00
  0.000000E+00
  0.000000E+00
  0.000000E+00
  0.000000E+00
  0.000000E+00
  0.000000E+00
  0.000000E+00
  0.000000E+00
  0.000000E+00
  0.000000E+00
  0.000000E+00
  0.000000E+00
  0.000000E+00
  0.000000E+00
  0.000000E+00
  0.000000E+00
  0.000000E+00
  0.000000E+00
  0.000000E+00
  0.000000E+00
  0.000000E+00
  0.000000E+00
  0.000000E+00
  0.000000E+00
  0.000000E+00
  0.000000E+00
  0.000000E+00
  0.000000E+00
  0.000000E+00
  0.000000E+00
  0.000000E+00
  0.000000E+00
  0.000000E+00
  0.000000E+00
  0.000000E+00
  0.000000E+00
  0.000000E+00
  0.000000E+00
  0.000000E+00
  0.000000E+00
  0.000000E+00
  0.000000E+00
  0.000000E+00
  0.000000E+00
  0.000000E+00
  0.000000E+00
  0.000000E+00
  0.000000E+00
  0.000000E+00
  0.000000E+00
  0.000000E+00
  0.000000E+00
  0.000000E+00
  0.000000E+00
  0.000000E+00
  0.000000E+00
  0.000000E+00
  0.000000E+00
  0.000000E+00
  0.000000E+00
  0.000000E+00
  0.000000E+00
  0.000000E+00
  0.000000E+00
  0.000000E+00
  0.000000E+00
  0.000000E+00
  0.000000E+00
  0.000000E+00
  0.000000E+00
  0.000000E+00
  0.000000E+00
  0.000000E+00
  0.000000E+00
  0.000000E+00
  0.000000E+00
  0.000000E+00
  0.000000E+00
  0.000000E+00
  0.000000E+00
  0.000000E+00
  0.000000E+00
  0.000000E+00
  0.000000E+00
  0.000000E+00
  0.000000E+00
  0.000000E+00
  0.000000E+00
  0.000000E+00
  0.000000E+00
  0.000000E+00
  0.000000E+00
  0.000000E+00
  0.000000E+00
  0.000000E+00
  0.000000E+00
  0.000000E+00
  0.000000E+00
  0.000000E+00
  0.000000E+00
  0.000000E+00
  0.000000E+00
  0.000000E+00
  0.000000E+00
  0.000000E+00
  0.000000E+00
  0.000000E+00
  0.000000E+00
  0.000000E+00
  0.000000E+00
  0.000000E+00
  0.000000E+00
  0.000000E+00
  0.000000E+00
  0.000000E+00
  0.000000E+00
  0.000000E+00
  0.000000E+00
  0.000000E+00
  0.000000E+00
  0.000000E+00
  0.000000E+00
  0.000000E+00
  0.000000E+00
  0.000000E+00
  0.000000E+00
  0.000000E+00
  0.000000E+00
  0.000000E+00
  0.000000E+00
  0.000000E+00
  0.000000E+00
  0.000000E+00
  0.000000E+00
  0.000000E+00
  0.000000E+00
  0.000000E+00
  0.000000E+00
  0.000000E+00
  0.000000E+00
  0.000000E+00
  0.000000E+00
  0.000000E+00
  0.000000E+00
  0.000000E+00
  0.000000E+00
  0.000000E+00
  0.000000E+00
  0.000000E+00
  0.000000E+00
  0.000000E+00
  0.000000E+00
  0.000000E+00
  0.000000E+00
  0.000000E+00
  0.000000E+00
  0.000000E+00
  0.000000E+00
  0.000000E+00
  0.000000E+00
  0.000000E+00
  0.000000E+00
  0.000000E+00
  0.000000E+00
  0.000000E+00
  0.000000E+00
  0.000000E+00
  0.000000E+00
  0.000000E+00
  0.000000E+00
  0.000000E+00
  0.000000E+00
  0.000000E+00
  0.000000E+00
  0.000000E+00
  0.000000E+00
  0.000000E+00
  0.000000E+00
  0.000000E+00
  0.000000E+00
  0.000000E+00
  0.000000E+00
  0.000000E+00
  0.000000E+00
  0.000000E+00
  0.000000E+00
  0.000000E+00
  0.000000E+00
  0.000000E+00
  0.000000E+00
  0.000000E+00
  0.000000E+00
  0.000000E+00
  0.000000E+00
  0.000000E+00
  0.000000E+00
  0.000000E+00
  0.000000E+00
  0.000000E+00
  0.000000E+00
  0.000000E+00
  0.000000E+00
  0.000000E+00
  0.000000E+00
  0.000000E+00
  0.000000E+00
  0.000000E+00
  0.000000E+00
  0.000000E+00
  0.000000E+00
  0.000000E+00
  0.000000E+00
  0.000000E+00
  0.000000E+00
  0.000000E+00
  0.000000E+00
  0.000000E+00
  0.000000E+00
  0.000000E+00
  0.000000E+00
  0.000000E+00
  0.000000E+00
  0.000000E+00
  0.000000E+00
  0.000000E+00
  0.000000E+00
  0.000000E+00
  0.000000E+00
  0.000000E+00
  0.000000E+00
  0.000000E+00
  0.000000E+00
  0.000000E+00
  0.000000E+00
  0.000000E+00
  0.000000E+00
  0.000000E+00
  0.000000E+00
  0.000000E+00
  0.000000E+00
  0.000000E+00
  0.000000E+00
  0.000000E+00
  0.000000E+00
  0.000000E+00
  0.000000E+00
  0.000000E+00
  0.000000E+00
  0.000000E+00
  0.000000E+00
  0.000000E+00
  0.000000E+00
  0.000000E+00
  0.000000E+00
  0.000000E+00
  0.000000E+00
  0.000000E+00
  0.000000E+00
  0.000000E+00
  0.000000E+00
  0.000000E+00
  0.000000E+00
  0.000000E+00
  0.000000E+00
  0.000000E+00
  0.000000E+00
  0.000000E+00
  0.000000E+00
  0.000000E+00
  0.000000E+00
  0.000000E+00
  0.000000E+00
  0.000000E+00
  0.000000E+00
  0.000000E+00
  0.000000E+00
  0.000000E+00
  0.000000E+00
  0.000000E+00
  0.000000E+00
  0.000000E+00
  0.000000E+00
  0.000000E+00
  0.000000E+00
  0.000000E+00
  0.000000E+00
  0.000000E+00
  0.000000E+00
  0.000000E+00
  0.000000E+00
  0.000000E+00
  0.000000E+00
  0.000000E+00
  0.000000E+00
  0.000000E+00
  0.000000E+00
  0.000000E+00
  0.000000E+00
  0.000000E+00
  0.000000E+00
  0.000000E+00
  0.000000E+00
  0.000000E+00
  0.000000E+00
  0.000000E+00
  0.000000E+00
  0.000000E+00
  0.000000E+00
  0.000000E+00
  0.000000E+00
  0.000000E+00
  0.000000E+00
  0.000000E+00
  0.000000E+00
  0.000000E+00
  0.000000E+00
  0.000000E+00
  0.000000E+00
  0.000000E+00
  0.000000E+00
  0.000000E+00
  0.000000E+00
  0.000000E+00
  0.000000E+00
  0.000000E+00
  0.000000E+00
  0.000000E+00
  0.000000E+00
  0.000000E+00
  0.000000E+00
  0.000000E+00
  0.000000E+00
  0.000000E+00
  0.000000E+00
  0.000000E+00
  0.000000E+00
  0.000000E+00
  0.000000E+00
  0.000000E+00
  0.000000E+00
  0.000000E+00
  0.000000E+00
  0.000000E+00
  0.000000E+00
  0.000000E+00
  0.000000E+00
  0.000000E+00
  0.000000E+00
  0.000000E+00
  0.000000E+00
  0.000000E+00
  0.000000E+00
  0.000000E+00
  0.000000E+00
  0.000000E+00
  0.000000E+00
  0.000000E+00
  0.000000E+00
  0.000000E+00
  0.000000E+00
  0.000000E+00
  0.000000E+00
  0.000000E+00
  0.000000E+00
  0.000000E+00
  0.000000E+00
  0.000000E+00
  0.000000E+00
  0.000000E+00
  0.000000E+00
  0.000000E+00
  0.000000E+00
  0.000000E+00
  0.000000E+00
  0.000000E+00
  0.000000E+00
  0.000000E+00
  0.000000E+00
  0.000000E+00
  0.000000E+00
  0.000000E+00
  0.000000E+00
  0.000000E+00
  0.000000E+00
  0.000000E+00
  0.000000E+00
  0.000000E+00
  0.000000E+00
  0.000000E+00
  0.000000E+00
  0.000000E+00
  0.000000E+00
  0.000000E+00
  0.000000E+00
  0.000000E+00
  0.000000E+00
  0.000000E+00
  0.000000E+00
  0.000000E+00
  0.000000E+00
  0.000000E+00
  0.000000E+00
  0.000000E+00
  0.000000E+00
  0.000000E+00
  0.000000E+00
  0.000000E+00
  0.000000E+00
  0.000000E+00
  0.000000E+00
  0.000000E+00
  0.000000E+00
  0.000000E+00
  0.000000E+00
  0.000000E+00
  0.000000E+00
  0.000000E+00
  0.000000E+00
  0.000000E+00
  0.000000E+00
  0.000000E+00
  0.000000E+00
  0.000000E+00
  0.000000E+00
  0.000000E+00
  0.000000E+00
  0.000000E+00
  0.000000E+00
  0.000000E+00
  0.000000E+00
  0.000000E+00
  0.000000E+00
  0.000000E+00
  0.000000E+00
  0.000000E+00
  0.000000E+00
  0.000000E+00
  0.000000E+00
  0.000000E+00
  0.000000E+00
  0.000000E+00
  0.000000E+00
  0.000000E+00
  0.000000E+00
  0.000000E+00
  0.000000E+00
  0.000000E+00
  0.000000E+00
  0.000000E+00
  0.000000E+00
  0.000000E+00
  0.000000E+00
  0.000000E+00
  0.000000E+00
  0.000000E+00
  0.000000E+00
  0.000000E+00
  0.000000E+00
  0.000000E+00
  0.000000E+00
  0.000000E+00
  0.000000E+00
  0.000000E+00
  0.000000E+00
  0.000000E+00
  0.000000E+00
  0.000000E+00
  0.000000E+00
  0.000000E+00
  0.000000E+00
  0.000000E+00
  0.000000E+00
  0.000000E+00
  0.000000E+00
  0.000000E+00
  0.000000E+00
  0.000000E+00
  0.000000E+00
  0.000000E+00
  0.000000E+00
  0.000000E+00
  0.000000E+00
  0.000000E+00
  0.000000E+00
  0.000000E+00
  0.000000E+00
  0.000000E+00
  0.000000E+00
  0.000000E+00
  0.000000E+00
  0.000000E+00
  0.000000E+00
  0.000000E+00
  0.000000E+00
  0.000000E+00
  0.000000E+00
  0.000000E+00
  0.000000E+00
  0.000000E+00
  0.000000E+00
  0.000000E+00
  0.000000E+00
  0.000000E+00
  0.000000E+00
  0.000000E+00
  0.000000E+00
  0.000000E+00
  0.000000E+00
  0.000000E+00
  0.000000E+00
  0.000000E+00
  0.000000E+00
  0.000000E+00
  0.000000E+00
  0.000000E+00
  0.000000E+00
  0.000000E+00
  0.000000E+00
  0.000000E+00
  0.000000E+00
  0.000000E+00
  0.000000E+00
  0.000000E+00
  0.000000E+00
  0.000000E+00
  0.000000E+00
  0.000000E+00
  0.000000E+00
  0.000000E+00
  0.000000E+00
  0.000000E+00
  0.000000E+00
  0.000000E+00
  0.000000E+00
  0.000000E+00
  0.000000E+00
  0.000000E+00
  0.000000E+00
  0.000000E+00
  0.000000E+00
  0.000000E+00
  0.000000E+00
  0.000000E+00
  0.000000E+00
  0.000000E+00
  0.000000E+00
  0.000000E+00
  0.000000E+00
  0.000000E+00
  0.000000E+00
  0.000000E+00
  0.000000E+00
  0.000000E+00
  0.000000E+00
  0.000000E+00
  0.000000E+00
  0.000000E+00
  0.000000E+00
  0.000000E+00
  0.000000E+00
  0.000000E+00
  0.000000E+00
  0.000000E+00
  0.000000E+00
  0.000000E+00
  0.000000E+00
  0.000000E+00
  0.000000E+00
  0.000000E+00
  0.000000E+00
  0.000000E+00
  0.000000E+00
  0.000000E+00
  0.000000E+00
  0.000000E+00
  0.000000E+00
  0.000000E+00
  0.000000E+00
  0.000000E+00
  0.000000E+00
  0.000000E+00
  0.000000E+00
  0.000000E+00
  0.000000E+00
  0.000000E+00
  0.000000E+00
  0.000000E+00
  0.000000E+00
  0.000000E+00
  0.000000E+00
  0.000000E+00
  0.000000E+00
  0.000000E+00
  0.000000E+00
  0.000000E+00
  0.000000E+00
  0.000000E+00
  0.000000E+00
  0.000000E+00
  0.000000E+00
  0.000000E+00
  0.000000E+00
  0.000000E+00
  0.000000E+00
  0.000000E+00
  0.000000E+00
  0.000000E+00
  0.000000E+00
  0.000000E+00
  0.000000E+00
  0.000000E+00
  0.000000E+00
  0.000000E+00
  0.000000E+00
  0.000000E+00
  0.000000E+00
  0.000000E+00
  0.000000E+00
  0.000000E+00
  0.000000E+00
  0.000000E+00
  0.000000E+00
  0.000000E+00
  0.000000E+00
  0.000000E+00
  0.000000E+00
